{"type":"FeatureCollection","features":[{"type":"Feature","id":"DENW37AL100074LU","geometry":{"type":"Polygon","coordinates":[[[6.977529,50.933009],[6.977543,50.933023],[6.97758,50.933008],[6.977566,50.932994],[6.977529,50.933009]]]},"properties":{"id":"DENW37AL100074LU","h":12.1,"min_z":46.5,"max_z":58.6}},{"type":"Feature","id":"DENW37AL1000654o","geometry":{"type":"Polygon","coordinates":[[[6.977665,50.938183],[6.977668,50.938201],[6.977692,50.9382],[6.977689,50.938182],[6.977665,50.938183]]]},"properties":{"id":"DENW37AL1000654o","h":22.6,"min_z":45.6,"max_z":68.2}},{"type":"Feature","id":"DENW37AL100064FD","geometry":{"type":"Polygon","coordinates":[[[6.972813,50.934778],[6.972764,50.934785],[6.972795,50.93488],[6.972843,50.93487],[6.972826,50.934819],[6.972822,50.934806],[6.972813,50.934778]]]},"properties":{"id":"DENW37AL100064FD","h":10.1,"min_z":46.6,"max_z":56.8}},{"type":"Feature","id":"DENW37AL100064zP","geometry":{"type":"Polygon","coordinates":[[[6.977434,50.931944],[6.977374,50.931973],[6.977406,50.931999],[6.977465,50.93197],[6.977434,50.931944]]]},"properties":{"id":"DENW37AL100064zP","h":3.7,"min_z":46.5,"max_z":50.2}},{"type":"Feature","id":"DENW37AL100066OM","geometry":{"type":"Polygon","coordinates":[[[6.973601,50.937072],[6.9736,50.937276],[6.973678,50.937277],[6.973678,50.937235],[6.973649,50.937235],[6.973648,50.937105],[6.973648,50.937072],[6.973618,50.937072],[6.973601,50.937072]]]},"properties":{"id":"DENW37AL100066OM","h":3.6,"min_z":45.6,"max_z":49.2}},{"type":"Feature","id":"DENW37AL100065Nw","geometry":{"type":"Polygon","coordinates":[[[6.978702,50.933958],[6.978835,50.933932],[6.978791,50.933842],[6.978657,50.933868],[6.978702,50.933958]]]},"properties":{"id":"DENW37AL100065Nw","h":15.0,"min_z":45.3,"max_z":60.3}},{"type":"Feature","id":"DENW37AL100063tp","geometry":{"type":"Polygon","coordinates":[[[6.972328,50.932559],[6.972268,50.932679],[6.9724,50.932705],[6.972421,50.932662],[6.972445,50.932614],[6.972461,50.932582],[6.972456,50.932581],[6.972455,50.932584],[6.972328,50.932559]]]},"properties":{"id":"DENW37AL100063tp","h":12.5,"min_z":46.0,"max_z":58.6}},{"type":"Feature","id":"DENW37AL100065yQ","geometry":{"type":"Polygon","coordinates":[[[6.977143,50.931793],[6.977028,50.931854],[6.977063,50.93188],[6.977054,50.931885],[6.977095,50.931915],[6.977218,50.931849],[6.977179,50.93182],[6.977143,50.931793]]]},"properties":{"id":"DENW37AL100065yQ","h":14.4,"min_z":45.6,"max_z":60.0}},{"type":"Feature","id":"DENW37AL100065jY","geometry":{"type":"Polygon","coordinates":[[[6.971925,50.932813],[6.972031,50.932834],[6.972034,50.932834],[6.97206,50.932778],[6.972073,50.932752],[6.971963,50.932731],[6.971925,50.932813]]]},"properties":{"id":"DENW37AL100065jY","h":14.3,"min_z":45.8,"max_z":60.1}},{"type":"Feature","id":"DENW37AL100063ur","geometry":{"type":"Polygon","coordinates":[[[6.975303,50.93384],[6.975304,50.933865],[6.975305,50.933885],[6.975293,50.933885],[6.975293,50.933893],[6.975342,50.933893],[6.975349,50.933853],[6.975346,50.933852],[6.975303,50.93384]]]},"properties":{"id":"DENW37AL100063ur","h":2.4,"min_z":45.7,"max_z":48.0}},{"type":"Feature","id":"DENW37AL100063e0","geometry":{"type":"Polygon","coordinates":[[[6.975433,50.939112],[6.975434,50.939086],[6.975419,50.939086],[6.975419,50.939059],[6.975422,50.938966],[6.975421,50.938966],[6.975276,50.938964],[6.975266,50.938963],[6.97526,50.93911],[6.97534,50.939111],[6.975433,50.939112]]]},"properties":{"id":"DENW37AL100063e0","h":21.6,"min_z":45.3,"max_z":66.9}},{"type":"Feature","id":"DENW37AL100066Eb","geometry":{"type":"Polygon","coordinates":[[[6.97205,50.933689],[6.972083,50.933691],[6.972086,50.933656],[6.972091,50.933578],[6.972059,50.933577],[6.97205,50.933687],[6.97205,50.933689]]]},"properties":{"id":"DENW37AL100066Eb","h":23.3,"min_z":46.3,"max_z":69.7}},{"type":"Feature","id":"DENW37AL100065ln","geometry":{"type":"Polygon","coordinates":[[[6.973601,50.934304],[6.973594,50.934304],[6.973594,50.934312],[6.973597,50.934426],[6.973675,50.934425],[6.973673,50.934304],[6.973601,50.934304]]]},"properties":{"id":"DENW37AL100065ln","h":2.5,"min_z":46.8,"max_z":49.3}},{"type":"Feature","id":"DENW37AL100063b3","geometry":{"type":"Polygon","coordinates":[[[6.976136,50.933016],[6.976204,50.933088],[6.976381,50.933115],[6.976384,50.933103],[6.976258,50.93297],[6.976136,50.933016]]]},"properties":{"id":"DENW37AL100063b3","h":22.9,"min_z":45.8,"max_z":68.7}},{"type":"Feature","id":"DENW37AL100065uf","geometry":{"type":"Polygon","coordinates":[[[6.978057,50.934343],[6.978268,50.934301],[6.97822,50.934206],[6.978009,50.934248],[6.978057,50.934343]]]},"properties":{"id":"DENW37AL100065uf","h":18.4,"min_z":45.8,"max_z":64.2}},{"type":"Feature","id":"DENW37AL100066c0","geometry":{"type":"Polygon","coordinates":[[[6.975257,50.934363],[6.975305,50.934409],[6.975334,50.934398],[6.975298,50.934363],[6.975271,50.934363],[6.975257,50.934363]]]},"properties":{"id":"DENW37AL100066c0","h":2.0,"min_z":46.1,"max_z":48.1}},{"type":"Feature","id":"DENW37AL10006yHR","geometry":{"type":"Polygon","coordinates":[[[6.97538,50.938585],[6.975372,50.938589],[6.975423,50.938626],[6.975458,50.938607],[6.975406,50.93857],[6.97538,50.938585]]]},"properties":{"id":"DENW37AL10006yHR","h":2.3,"min_z":44.3,"max_z":46.6}},{"type":"Feature","id":"DENW37AL100065XZ","geometry":{"type":"Polygon","coordinates":[[[6.975639,50.935377],[6.975659,50.935301],[6.975541,50.935297],[6.975524,50.935366],[6.975639,50.935377]]]},"properties":{"id":"DENW37AL100065XZ","h":13.8,"min_z":45.5,"max_z":59.3}},{"type":"Feature","id":"DENW37AL100063qT","geometry":{"type":"Polygon","coordinates":[[[6.978836,50.936819],[6.978814,50.93692],[6.978817,50.936925],[6.979008,50.936942],[6.97901,50.936936],[6.97903,50.936833],[6.978837,50.936816],[6.978836,50.936819]]]},"properties":{"id":"DENW37AL100063qT","h":18.4,"min_z":45.5,"max_z":63.9}},{"type":"Feature","id":"DENW37AL1000648S","geometry":{"type":"Polygon","coordinates":[[[6.974213,50.93537],[6.97432,50.935369],[6.974348,50.935368],[6.974346,50.935313],[6.974212,50.935314],[6.974213,50.93537]]]},"properties":{"id":"DENW37AL1000648S","h":15.0,"min_z":46.3,"max_z":61.3}},{"type":"Feature","id":"DENW37AL100063PL","geometry":{"type":"Polygon","coordinates":[[[6.974668,50.933665],[6.974665,50.933738],[6.974811,50.933735],[6.974816,50.933706],[6.974668,50.933665]]]},"properties":{"id":"DENW37AL100063PL","h":2.8,"min_z":45.8,"max_z":48.6}},{"type":"Feature","id":"DENW37AL100074sa","geometry":{"type":"Polygon","coordinates":[[[6.972453,50.938677],[6.972454,50.938701],[6.972546,50.938699],[6.972545,50.938674],[6.972499,50.938675],[6.972453,50.938677]]]},"properties":{"id":"DENW37AL100074sa","h":3.4,"min_z":45.3,"max_z":48.7}},{"type":"Feature","id":"DENW37AL100066g3","geometry":{"type":"Polygon","coordinates":[[[6.978012,50.934628],[6.978014,50.934637],[6.978021,50.934636],[6.97803,50.93467],[6.978167,50.934656],[6.978156,50.934613],[6.978012,50.934628]]]},"properties":{"id":"DENW37AL100066g3","h":4.2,"min_z":45.9,"max_z":50.1}},{"type":"Feature","id":"DENW37AL100069R4","geometry":{"type":"Polygon","coordinates":[[[6.974105,50.934939],[6.974047,50.93494],[6.974049,50.935002],[6.974107,50.935002],[6.974105,50.934939]]]},"properties":{"id":"DENW37AL100069R4","h":4.0,"min_z":46.4,"max_z":50.4}},{"type":"Feature","id":"DENW37AL100065Mv","geometry":{"type":"Polygon","coordinates":[[[6.973023,50.93558],[6.973032,50.935613],[6.973054,50.935611],[6.973098,50.935605],[6.973088,50.935572],[6.973023,50.93558]]]},"properties":{"id":"DENW37AL100065Mv","h":9.1,"min_z":46.0,"max_z":55.1}},{"type":"Feature","id":"DENW37AL100065OJ","geometry":{"type":"Polygon","coordinates":[[[6.975491,50.936892],[6.975477,50.936973],[6.975584,50.936982],[6.975616,50.936985],[6.975627,50.936919],[6.97563,50.936901],[6.975491,50.936892]]]},"properties":{"id":"DENW37AL100065OJ","h":15.3,"min_z":44.6,"max_z":60.0}},{"type":"Feature","id":"DENW37AL100063ex","geometry":{"type":"Polygon","coordinates":[[[6.978386,50.936261],[6.978187,50.936256],[6.978186,50.936302],[6.978383,50.936307],[6.978386,50.936261]]]},"properties":{"id":"DENW37AL100063ex","h":7.3,"min_z":45.9,"max_z":53.2}},{"type":"Feature","id":"DENW37AL100064Og","geometry":{"type":"Polygon","coordinates":[[[6.972642,50.937052],[6.972642,50.937053],[6.972652,50.937124],[6.972658,50.937123],[6.972664,50.93716],[6.972675,50.93716],[6.972723,50.937157],[6.972708,50.937082],[6.972704,50.937061],[6.972701,50.93705],[6.972658,50.937054],[6.972658,50.937051],[6.972642,50.937052]]]},"properties":{"id":"DENW37AL100064Og","h":4.6,"min_z":43.4,"max_z":48.0}},{"type":"Feature","id":"DENW37AL100064J0","geometry":{"type":"Polygon","coordinates":[[[6.977378,50.93337],[6.977308,50.933393],[6.977235,50.933416],[6.977293,50.933495],[6.977333,50.933549],[6.977337,50.933554],[6.977487,50.933509],[6.977453,50.933465],[6.977409,50.93341],[6.977412,50.933409],[6.977378,50.93337]]]},"properties":{"id":"DENW37AL100064J0","h":23.3,"min_z":45.8,"max_z":69.1}},{"type":"Feature","id":"DENW37AL100063Mp","geometry":{"type":"Polygon","coordinates":[[[6.972368,50.934351],[6.972204,50.934357],[6.972164,50.934364],[6.972185,50.934424],[6.972223,50.93442],[6.972439,50.934412],[6.972434,50.93436],[6.972369,50.934362],[6.972368,50.934351]]]},"properties":{"id":"DENW37AL100063Mp","h":3.5,"min_z":46.2,"max_z":49.7}},{"type":"Feature","id":"DENW37AL100063Wa","geometry":{"type":"Polygon","coordinates":[[[6.976119,50.931653],[6.976023,50.9317],[6.97606,50.931726],[6.976073,50.931735],[6.976256,50.931637],[6.976226,50.931615],[6.976136,50.931664],[6.976119,50.931653]]]},"properties":{"id":"DENW37AL100063Wa","h":2.5,"min_z":46.4,"max_z":48.9}},{"type":"Feature","id":"DENW37AL100064SS","geometry":{"type":"Polygon","coordinates":[[[6.971521,50.932531],[6.97171,50.932569],[6.971769,50.932449],[6.971586,50.932412],[6.971587,50.932409],[6.97158,50.932408],[6.971569,50.932429],[6.971571,50.932429],[6.971528,50.932516],[6.971521,50.932531]]]},"properties":{"id":"DENW37AL100064SS","h":12.8,"min_z":45.7,"max_z":58.5}},{"type":"Feature","id":"DENW37AL100062ka","geometry":{"type":"Polygon","coordinates":[[[6.972793,50.936555],[6.972729,50.936554],[6.972727,50.936619],[6.972792,50.936619],[6.972793,50.936555]]]},"properties":{"id":"DENW37AL100062ka","h":48.5,"min_z":45.4,"max_z":94.0}},{"type":"Feature","id":"DENW37AL100064XQ","geometry":{"type":"Polygon","coordinates":[[[6.971471,50.934012],[6.971555,50.934015],[6.97156,50.933936],[6.971525,50.933935],[6.971477,50.933934],[6.971471,50.934012]]]},"properties":{"id":"DENW37AL100064XQ","h":14.5,"min_z":46.2,"max_z":60.8}},{"type":"Feature","id":"DENW37AL100063mg","geometry":{"type":"Polygon","coordinates":[[[6.976274,50.936628],[6.97623,50.936604],[6.976219,50.936634],[6.976255,50.936645],[6.976274,50.936628]]]},"properties":{"id":"DENW37AL100063mg","h":21.6,"min_z":44.8,"max_z":66.4}},{"type":"Feature","id":"DENW37AL100065lF","geometry":{"type":"Polygon","coordinates":[[[6.974033,50.934334],[6.974035,50.934422],[6.974081,50.934421],[6.9741,50.934421],[6.974099,50.934333],[6.974033,50.934334]]]},"properties":{"id":"DENW37AL100065lF","h":3.3,"min_z":46.9,"max_z":50.2}},{"type":"Feature","id":"DENW37AL1000665B","geometry":{"type":"Polygon","coordinates":[[[6.97216,50.933122],[6.972198,50.933138],[6.97223,50.933108],[6.97219,50.933092],[6.97216,50.933122]]]},"properties":{"id":"DENW37AL1000665B","h":3.1,"min_z":46.0,"max_z":49.1}},{"type":"Feature","id":"DENW37AL100063Vw","geometry":{"type":"Polygon","coordinates":[[[6.978481,50.934258],[6.978524,50.934249],[6.978517,50.934234],[6.97855,50.934228],[6.978573,50.934278],[6.978706,50.934255],[6.978702,50.934247],[6.978647,50.934121],[6.978434,50.934163],[6.978481,50.934258]]]},"properties":{"id":"DENW37AL100063Vw","h":19.3,"min_z":45.4,"max_z":64.7}},{"type":"Feature","id":"DENW37AL1000670z","geometry":{"type":"Polygon","coordinates":[[[6.975525,50.936682],[6.97561,50.936688],[6.975617,50.936649],[6.975633,50.936618],[6.975566,50.936604],[6.975525,50.936682]]]},"properties":{"id":"DENW37AL1000670z","h":3.9,"min_z":44.8,"max_z":48.7}},{"type":"Feature","id":"DENW37AL100064sz","geometry":{"type":"Polygon","coordinates":[[[6.975095,50.937519],[6.975244,50.937529],[6.975255,50.937465],[6.97508,50.937454],[6.975076,50.937476],[6.975069,50.937517],[6.975095,50.937519]]]},"properties":{"id":"DENW37AL100064sz","h":16.5,"min_z":45.0,"max_z":61.5}},{"type":"Feature","id":"DENW37AL100064ze","geometry":{"type":"Polygon","coordinates":[[[6.974154,50.936966],[6.974115,50.936966],[6.974116,50.936981],[6.973815,50.936981],[6.973815,50.937004],[6.973908,50.937004],[6.973908,50.937035],[6.974055,50.937035],[6.974055,50.937057],[6.974117,50.937056],[6.974153,50.937055],[6.974153,50.937015],[6.974154,50.936966]]]},"properties":{"id":"DENW37AL100064ze","h":4.8,"min_z":45.2,"max_z":50.0}},{"type":"Feature","id":"DENW37AL100064h4","geometry":{"type":"Polygon","coordinates":[[[6.973104,50.934174],[6.973163,50.934191],[6.97318,50.93419],[6.973235,50.934188],[6.973272,50.934187],[6.973251,50.934113],[6.973144,50.934115],[6.973104,50.934174]]]},"properties":{"id":"DENW37AL100064h4","h":15.3,"min_z":46.6,"max_z":62.0}},{"type":"Feature","id":"DENW37AL100064cz","geometry":{"type":"Polygon","coordinates":[[[6.97461,50.935088],[6.974632,50.935088],[6.974631,50.935061],[6.97461,50.935061],[6.97461,50.935088]]]},"properties":{"id":"DENW37AL100064cz","h":7.6,"min_z":46.6,"max_z":54.2}},{"type":"Feature","id":"DENW37AL100065Ds","geometry":{"type":"Polygon","coordinates":[[[6.974793,50.934394],[6.974793,50.934424],[6.974793,50.93448],[6.974793,50.934516],[6.974832,50.934516],[6.974832,50.934508],[6.974844,50.934508],[6.974844,50.934491],[6.974861,50.934491],[6.974865,50.934486],[6.974864,50.934394],[6.974793,50.934394]]]},"properties":{"id":"DENW37AL100065Ds","h":11.6,"min_z":47.0,"max_z":58.6}},{"type":"Feature","id":"DENW37AL100066EG","geometry":{"type":"Polygon","coordinates":[[[6.971639,50.935226],[6.97164,50.935231],[6.971654,50.935298],[6.971755,50.93529],[6.971742,50.935217],[6.971639,50.935226]]]},"properties":{"id":"DENW37AL100066EG","h":13.4,"min_z":45.5,"max_z":58.9}},{"type":"Feature","id":"DENW37AL100063la","geometry":{"type":"Polygon","coordinates":[[[6.976126,50.935972],[6.976294,50.935984],[6.976311,50.935887],[6.976314,50.935871],[6.976145,50.935859],[6.976142,50.935876],[6.976126,50.935972]]]},"properties":{"id":"DENW37AL100063la","h":22.7,"min_z":45.4,"max_z":68.1}},{"type":"Feature","id":"DENW37AL100064Jz","geometry":{"type":"Polygon","coordinates":[[[6.973671,50.936037],[6.973665,50.936037],[6.973663,50.936076],[6.97368,50.936075],[6.973685,50.936079],[6.973777,50.93608],[6.973779,50.936033],[6.973671,50.936037]]]},"properties":{"id":"DENW37AL100064Jz","h":11.8,"min_z":45.6,"max_z":57.4}},{"type":"Feature","id":"DENW37AL100064EB","geometry":{"type":"Polygon","coordinates":[[[6.971265,50.933297],[6.97127,50.933247],[6.971215,50.933244],[6.971208,50.933295],[6.971265,50.933297]]]},"properties":{"id":"DENW37AL100064EB","h":4.9,"min_z":45.4,"max_z":50.4}},{"type":"Feature","id":"DENW37AL100065Dn","geometry":{"type":"Polygon","coordinates":[[[6.97527,50.936216],[6.975264,50.936237],[6.975256,50.936265],[6.975251,50.936285],[6.975386,50.936301],[6.975405,50.936233],[6.97527,50.936216]]]},"properties":{"id":"DENW37AL100065Dn","h":16.4,"min_z":45.1,"max_z":61.5}},{"type":"Feature","id":"DENW37AL1000664l","geometry":{"type":"Polygon","coordinates":[[[6.975553,50.934843],[6.975538,50.934904],[6.97562,50.934913],[6.975635,50.934851],[6.975578,50.934845],[6.975553,50.934843]]]},"properties":{"id":"DENW37AL1000664l","h":3.0,"min_z":45.9,"max_z":48.8}},{"type":"Feature","id":"DENW37AL100064oc","geometry":{"type":"Polygon","coordinates":[[[6.974982,50.934012],[6.975073,50.934011],[6.975072,50.933916],[6.974981,50.933917],[6.974982,50.934012]]]},"properties":{"id":"DENW37AL100064oc","h":14.6,"min_z":46.1,"max_z":60.7}},{"type":"Feature","id":"DENW37AL100064BJ","geometry":{"type":"Polygon","coordinates":[[[6.974606,50.934891],[6.974471,50.934891],[6.974472,50.934949],[6.974607,50.934948],[6.974606,50.93492],[6.974606,50.934891]]]},"properties":{"id":"DENW37AL100064BJ","h":15.5,"min_z":46.5,"max_z":62.0}},{"type":"Feature","id":"DENW37AL100065E4","geometry":{"type":"Polygon","coordinates":[[[6.973427,50.933833],[6.973486,50.933709],[6.973359,50.933686],[6.9733,50.933809],[6.973427,50.933833]]]},"properties":{"id":"DENW37AL100065E4","h":15.6,"min_z":46.4,"max_z":62.0}},{"type":"Feature","id":"DENW37AL100065kJ","geometry":{"type":"Polygon","coordinates":[[[6.978421,50.932221],[6.978383,50.932236],[6.978252,50.932287],[6.978251,50.932286],[6.978198,50.932307],[6.978236,50.932346],[6.978277,50.932387],[6.978552,50.93228],[6.978512,50.932239],[6.978475,50.932201],[6.978421,50.932221],[6.978421,50.932221]]]},"properties":{"id":"DENW37AL100065kJ","h":16.5,"min_z":46.5,"max_z":63.0}},{"type":"Feature","id":"DENW37AL100065ck","geometry":{"type":"Polygon","coordinates":[[[6.97454,50.937698],[6.974558,50.937658],[6.97452,50.937649],[6.9745,50.93769],[6.97454,50.937698]]]},"properties":{"id":"DENW37AL100065ck","h":17.3,"min_z":45.1,"max_z":62.4}},{"type":"Feature","id":"DENW37AL100063kp","geometry":{"type":"Polygon","coordinates":[[[6.976298,50.936819],[6.976313,50.936724],[6.976276,50.936723],[6.976275,50.93673],[6.976262,50.936818],[6.976298,50.936819]]]},"properties":{"id":"DENW37AL100063kp","h":21.9,"min_z":44.5,"max_z":66.5}},{"type":"Feature","id":"DENW37AL100063if","geometry":{"type":"Polygon","coordinates":[[[6.974308,50.938194],[6.974419,50.938203],[6.97442,50.9382],[6.974429,50.938117],[6.974433,50.938088],[6.974322,50.938084],[6.97432,50.938097],[6.974319,50.938103],[6.974308,50.938194]]]},"properties":{"id":"DENW37AL100063if","h":14.9,"min_z":45.0,"max_z":59.8}},{"type":"Feature","id":"DENW37AL100064a9","geometry":{"type":"Polygon","coordinates":[[[6.973609,50.930748],[6.973752,50.930812],[6.97385,50.930724],[6.973709,50.930662],[6.973609,50.930748]]]},"properties":{"id":"DENW37AL100064a9","h":19.7,"min_z":46.0,"max_z":65.7}},{"type":"Feature","id":"DENW37AL100063m8","geometry":{"type":"Polygon","coordinates":[[[6.97482,50.93338],[6.975221,50.933497],[6.975254,50.933451],[6.975227,50.933443],[6.975019,50.93338],[6.974855,50.933331],[6.974838,50.933353],[6.97482,50.93338]]]},"properties":{"id":"DENW37AL100063m8","h":2.3,"min_z":46.0,"max_z":48.3}},{"type":"Feature","id":"DENW37AL1000653b","geometry":{"type":"Polygon","coordinates":[[[6.977333,50.936257],[6.977488,50.93627],[6.977487,50.936286],[6.977496,50.936292],[6.977491,50.936332],[6.977655,50.93634],[6.977673,50.936216],[6.977344,50.936194],[6.977333,50.936257]]]},"properties":{"id":"DENW37AL1000653b","h":23.1,"min_z":45.6,"max_z":68.7}},{"type":"Feature","id":"DENW37AL100063yr","geometry":{"type":"Polygon","coordinates":[[[6.975464,50.936031],[6.975326,50.93602],[6.975317,50.936052],[6.975309,50.936078],[6.975446,50.936093],[6.975464,50.936031]]]},"properties":{"id":"DENW37AL100063yr","h":16.5,"min_z":45.2,"max_z":61.7}},{"type":"Feature","id":"DENW37AL100063u9","geometry":{"type":"Polygon","coordinates":[[[6.976893,50.930571],[6.976916,50.930531],[6.976954,50.930466],[6.976872,50.930448],[6.976811,50.930433],[6.976793,50.930429],[6.976773,50.930464],[6.976766,50.930463],[6.976708,50.930562],[6.976715,50.930563],[6.976695,50.930598],[6.976758,50.930613],[6.976774,50.930616],[6.976842,50.930632],[6.976855,50.930635],[6.976893,50.930571]]]},"properties":{"id":"DENW37AL100063u9","h":18.7,"min_z":46.6,"max_z":65.3}},{"type":"Feature","id":"DENW37AL100063Us","geometry":{"type":"Polygon","coordinates":[[[6.971397,50.934606],[6.971439,50.934686],[6.971496,50.934673],[6.971454,50.934595],[6.971397,50.934606]]]},"properties":{"id":"DENW37AL100063Us","h":4.0,"min_z":46.7,"max_z":50.7}},{"type":"Feature","id":"DENW37AL100064Aa","geometry":{"type":"Polygon","coordinates":[[[6.971069,50.935529],[6.971076,50.935556],[6.971213,50.935541],[6.971224,50.935538],[6.971216,50.935513],[6.971069,50.935529]]]},"properties":{"id":"DENW37AL100064Aa","h":8.6,"min_z":45.5,"max_z":54.1}},{"type":"Feature","id":"DENW37AL100065cc","geometry":{"type":"Polygon","coordinates":[[[6.978963,50.935944],[6.978959,50.935993],[6.978957,50.935993],[6.978957,50.935995],[6.978961,50.935995],[6.979008,50.935995],[6.979011,50.935942],[6.978963,50.935944]]]},"properties":{"id":"DENW37AL100065cc","h":3.6,"min_z":45.4,"max_z":49.1}},{"type":"Feature","id":"DENW37AL100065ow","geometry":{"type":"Polygon","coordinates":[[[6.977093,50.934403],[6.977097,50.934418],[6.977119,50.934496],[6.977124,50.934495],[6.977143,50.934493],[6.97714,50.934483],[6.977115,50.934401],[6.977093,50.934403]]]},"properties":{"id":"DENW37AL100065ow","h":22.3,"min_z":46.0,"max_z":68.3}},{"type":"Feature","id":"DENW37AL100064Hq","geometry":{"type":"Polygon","coordinates":[[[6.975084,50.937582],[6.975233,50.937591],[6.975244,50.937529],[6.975095,50.937519],[6.975091,50.937543],[6.975084,50.937582]]]},"properties":{"id":"DENW37AL100064Hq","h":17.8,"min_z":44.9,"max_z":62.7}},{"type":"Feature","id":"DENW37AL100064yf","geometry":{"type":"Polygon","coordinates":[[[6.977725,50.93431],[6.977742,50.93437],[6.977757,50.934424],[6.977915,50.934407],[6.977894,50.934365],[6.977931,50.934358],[6.977935,50.934367],[6.978057,50.934343],[6.978009,50.934248],[6.977723,50.934305],[6.977725,50.93431]]]},"properties":{"id":"DENW37AL100064yf","h":20.7,"min_z":46.0,"max_z":66.7}},{"type":"Feature","id":"DENW37AL1000670U","geometry":{"type":"Polygon","coordinates":[[[6.972295,50.934904],[6.972393,50.934883],[6.972353,50.934837],[6.972346,50.934828],[6.972316,50.934794],[6.972227,50.934825],[6.972283,50.934891],[6.972295,50.934904]]]},"properties":{"id":"DENW37AL1000670U","h":16.7,"min_z":46.3,"max_z":63.0}},{"type":"Feature","id":"DENW37AL3qb0002l","geometry":{"type":"Polygon","coordinates":[[[6.978972,50.931835],[6.979023,50.931887],[6.979106,50.931852],[6.979056,50.931802],[6.978972,50.931835]]]},"properties":{"id":"DENW37AL3qb0002l","h":2.7,"min_z":45.8,"max_z":48.4}},{"type":"Feature","id":"DENW37AL100064Je","geometry":{"type":"Polygon","coordinates":[[[6.978391,50.935148],[6.97817,50.935158],[6.978181,50.935247],[6.978401,50.935238],[6.978391,50.935148]]]},"properties":{"id":"DENW37AL100064Je","h":20.7,"min_z":45.6,"max_z":66.2}},{"type":"Feature","id":"DENW37AL100064ZO","geometry":{"type":"Polygon","coordinates":[[[6.971263,50.933557],[6.971346,50.933561],[6.97137,50.933373],[6.971292,50.933371],[6.971263,50.933557]]]},"properties":{"id":"DENW37AL100064ZO","h":2.6,"min_z":45.8,"max_z":48.4}},{"type":"Feature","id":"DENW37AL1000667D","geometry":{"type":"Polygon","coordinates":[[[6.978947,50.931572],[6.979089,50.931695],[6.979214,50.931637],[6.978794,50.931275],[6.978669,50.931333],[6.978947,50.931572]]]},"properties":{"id":"DENW37AL1000667D","h":14.2,"min_z":44.5,"max_z":58.7}},{"type":"Feature","id":"DENW37AL3tJ000Hj","geometry":{"type":"Polygon","coordinates":[[[6.974616,50.935917],[6.974617,50.935942],[6.974762,50.935948],[6.974762,50.935911],[6.974633,50.935906],[6.974633,50.935917],[6.974616,50.935917]]]},"properties":{"id":"DENW37AL3tJ000Hj","h":10.5,"min_z":46.0,"max_z":56.4}},{"type":"Feature","id":"DENW37AL1000653L","geometry":{"type":"Polygon","coordinates":[[[6.971939,50.933949],[6.971988,50.93395],[6.97199,50.933905],[6.971941,50.933904],[6.971939,50.933949]]]},"properties":{"id":"DENW37AL1000653L","h":9.3,"min_z":46.5,"max_z":55.8}},{"type":"Feature","id":"DENW37AL100065fK","geometry":{"type":"Polygon","coordinates":[[[6.974973,50.935321],[6.974971,50.935349],[6.974969,50.935367],[6.975169,50.935374],[6.975174,50.935328],[6.975178,50.935284],[6.974978,50.935277],[6.974973,50.935321]]]},"properties":{"id":"DENW37AL100065fK","h":14.7,"min_z":46.2,"max_z":60.9}},{"type":"Feature","id":"DENW37AL100066Om","geometry":{"type":"Polygon","coordinates":[[[6.976182,50.932303],[6.976113,50.932339],[6.976209,50.932412],[6.976271,50.932458],[6.976276,50.932462],[6.976328,50.932435],[6.976345,50.932426],[6.9764,50.932398],[6.976238,50.932274],[6.976182,50.932303]]]},"properties":{"id":"DENW37AL100066Om","h":21.7,"min_z":46.4,"max_z":68.1}},{"type":"Feature","id":"DENW37AL100064ZK","geometry":{"type":"Polygon","coordinates":[[[6.971464,50.934152],[6.971464,50.934194],[6.97149,50.934194],[6.971491,50.934246],[6.971504,50.934246],[6.971504,50.934152],[6.971464,50.934152]]]},"properties":{"id":"DENW37AL100064ZK","h":2.9,"min_z":46.5,"max_z":49.4}},{"type":"Feature","id":"DENW37AL100067AB","geometry":{"type":"Polygon","coordinates":[[[6.974798,50.9354],[6.974764,50.935399],[6.97476,50.935437],[6.974834,50.93544],[6.974849,50.935441],[6.974853,50.935403],[6.974798,50.9354]]]},"properties":{"id":"DENW37AL100067AB","h":8.5,"min_z":46.1,"max_z":54.6}},{"type":"Feature","id":"DENW37AL100066vS","geometry":{"type":"Polygon","coordinates":[[[6.972163,50.937136],[6.97218,50.937259],[6.972186,50.937259],[6.972168,50.937136],[6.972163,50.937136]]]},"properties":{"id":"DENW37AL100066vS","h":12.8,"min_z":45.2,"max_z":58.0}},{"type":"Feature","id":"DENW37AL1000653R","geometry":{"type":"Polygon","coordinates":[[[6.971935,50.935431],[6.971967,50.935428],[6.971965,50.935416],[6.971968,50.935415],[6.97196,50.935374],[6.971953,50.935338],[6.971886,50.935343],[6.971892,50.935379],[6.971899,50.935421],[6.971932,50.935418],[6.971935,50.935431]]]},"properties":{"id":"DENW37AL1000653R","h":15.1,"min_z":45.5,"max_z":60.6}},{"type":"Feature","id":"DENW37AL100066tp","geometry":{"type":"Polygon","coordinates":[[[6.974102,50.935934],[6.974107,50.935964],[6.974222,50.93596],[6.974226,50.93596],[6.974228,50.935929],[6.974102,50.935934]]]},"properties":{"id":"DENW37AL100066tp","h":5.6,"min_z":45.7,"max_z":51.3}},{"type":"Feature","id":"DENW37AL100064cc","geometry":{"type":"Polygon","coordinates":[[[6.972962,50.938295],[6.973003,50.938306],[6.97301,50.938296],[6.972969,50.938285],[6.972962,50.938295]]]},"properties":{"id":"DENW37AL100064cc","h":6.2,"min_z":44.8,"max_z":51.0}},{"type":"Feature","id":"DENW37AL100066td","geometry":{"type":"Polygon","coordinates":[[[6.973157,50.93438],[6.973166,50.934407],[6.973192,50.934404],[6.973205,50.934445],[6.973233,50.934442],[6.973306,50.934433],[6.973341,50.934429],[6.973321,50.934357],[6.973289,50.934361],[6.973213,50.93437],[6.973213,50.934372],[6.973157,50.93438]]]},"properties":{"id":"DENW37AL100066td","h":2.9,"min_z":46.7,"max_z":49.6}},{"type":"Feature","id":"DENW37AL100065VO","geometry":{"type":"Polygon","coordinates":[[[6.977716,50.937509],[6.977618,50.937509],[6.977619,50.937571],[6.97762,50.937617],[6.977717,50.937616],[6.977791,50.937616],[6.97779,50.937508],[6.977716,50.937509]]]},"properties":{"id":"DENW37AL100065VO","h":23.4,"min_z":45.8,"max_z":69.2}},{"type":"Feature","id":"DENW37AL3Dz000C3","geometry":{"type":"Polygon","coordinates":[[[6.975572,50.937255],[6.975626,50.937258],[6.975629,50.937235],[6.975709,50.937239],[6.975712,50.937216],[6.975718,50.937176],[6.975661,50.937172],[6.975584,50.937168],[6.975584,50.937171],[6.975578,50.937211],[6.975572,50.937253],[6.975572,50.937255]]]},"properties":{"id":"DENW37AL3Dz000C3","h":8.2,"min_z":44.9,"max_z":53.0}},{"type":"Feature","id":"DENW37AL20000UWb","geometry":{"type":"Polygon","coordinates":[[[6.968748,50.937088],[6.968765,50.937112],[6.968756,50.937173],[6.968698,50.937281],[6.968592,50.937498],[6.968574,50.937543],[6.96856,50.937588],[6.968765,50.9376],[6.9688,50.93736],[6.968802,50.937167],[6.968829,50.936981],[6.968874,50.936983],[6.969846,50.937039],[6.969825,50.937185],[6.969819,50.937225],[6.969444,50.937204],[6.969392,50.937559],[6.96976,50.93758],[6.969833,50.937584],[6.969842,50.937521],[6.969932,50.937526],[6.969911,50.93767],[6.970242,50.937689],[6.970254,50.937609],[6.970051,50.937597],[6.970087,50.937344],[6.970163,50.937349],[6.970166,50.937328],[6.970129,50.937326],[6.970148,50.937193],[6.970456,50.937211],[6.970478,50.93705],[6.970476,50.937048],[6.970487,50.936969],[6.970491,50.93694],[6.970453,50.936927],[6.970408,50.936913],[6.970364,50.936901],[6.970288,50.936885],[6.970233,50.936876],[6.970169,50.936868],[6.970087,50.936863],[6.969776,50.936844],[6.969441,50.936825],[6.969066,50.936804],[6.969066,50.936802],[6.968992,50.936798],[6.968986,50.93684],[6.968857,50.936833],[6.968845,50.936914],[6.968844,50.936916],[6.968776,50.937037],[6.968748,50.937088]]]},"properties":{"id":"DENW37AL20000UWb","h":6.8,"min_z":45.4,"max_z":52.2}},{"type":"Feature","id":"DENW37AL100064Cy","geometry":{"type":"Polygon","coordinates":[[[6.974689,50.932901],[6.974908,50.93297],[6.974961,50.932906],[6.974891,50.932883],[6.974877,50.932886],[6.974854,50.932879],[6.974914,50.932809],[6.974765,50.93276],[6.974689,50.932901]]]},"properties":{"id":"DENW37AL100064Cy","h":23.0,"min_z":45.9,"max_z":68.8}},{"type":"Feature","id":"DENW37AL100064fF","geometry":{"type":"Polygon","coordinates":[[[6.973789,50.935058],[6.973757,50.935064],[6.973706,50.935063],[6.973708,50.935068],[6.973714,50.935082],[6.973729,50.935143],[6.973766,50.935144],[6.973765,50.93515],[6.973817,50.935151],[6.973818,50.935146],[6.973824,50.935147],[6.973825,50.935138],[6.973789,50.935058]]]},"properties":{"id":"DENW37AL100064fF","h":15.8,"min_z":46.1,"max_z":61.9}},{"type":"Feature","id":"DENW37AL100065Ho","geometry":{"type":"Polygon","coordinates":[[[6.977154,50.933047],[6.977228,50.933123],[6.977244,50.933138],[6.977413,50.933075],[6.977322,50.932985],[6.977154,50.933047]]]},"properties":{"id":"DENW37AL100065Ho","h":17.6,"min_z":46.1,"max_z":63.7}},{"type":"Feature","id":"DENW37AL100066rp","geometry":{"type":"Polygon","coordinates":[[[6.974441,50.937437],[6.974593,50.937446],[6.974605,50.93736],[6.9746,50.93736],[6.974457,50.937351],[6.974441,50.937437]]]},"properties":{"id":"DENW37AL100066rp","h":14.3,"min_z":45.1,"max_z":59.4}},{"type":"Feature","id":"DENW37AL100064R7","geometry":{"type":"Polygon","coordinates":[[[6.974474,50.936042],[6.974476,50.936099],[6.974507,50.9361],[6.974615,50.9361],[6.974613,50.936068],[6.974612,50.936042],[6.974474,50.936042]]]},"properties":{"id":"DENW37AL100064R7","h":15.5,"min_z":45.5,"max_z":61.1}},{"type":"Feature","id":"DENW37AL100069RE","geometry":{"type":"Polygon","coordinates":[[[6.978253,50.938098],[6.978281,50.938278],[6.978434,50.938257],[6.978441,50.938257],[6.978408,50.938083],[6.978253,50.938098]]]},"properties":{"id":"DENW37AL100069RE","h":21.6,"min_z":45.5,"max_z":67.0}},{"type":"Feature","id":"DENW37AL100066tP","geometry":{"type":"Polygon","coordinates":[[[6.974714,50.933927],[6.974749,50.933927],[6.974748,50.93389],[6.974713,50.933891],[6.974714,50.933927]]]},"properties":{"id":"DENW37AL100066tP","h":4.4,"min_z":46.5,"max_z":50.9}},{"type":"Feature","id":"DENW37AL100065cT","geometry":{"type":"Polygon","coordinates":[[[6.972727,50.935448],[6.972737,50.935495],[6.972766,50.935493],[6.972776,50.935541],[6.972705,50.935546],[6.972718,50.935619],[6.972719,50.935621],[6.972832,50.935606],[6.972832,50.935604],[6.972813,50.935508],[6.972799,50.935442],[6.972727,50.935448]]]},"properties":{"id":"DENW37AL100065cT","h":3.0,"min_z":45.8,"max_z":48.8}},{"type":"Feature","id":"DENW37AL100065fq","geometry":{"type":"Polygon","coordinates":[[[6.978711,50.933439],[6.978838,50.9334],[6.978767,50.933306],[6.978643,50.933344],[6.978711,50.933439]]]},"properties":{"id":"DENW37AL100065fq","h":17.1,"min_z":45.8,"max_z":62.9}},{"type":"Feature","id":"DENW37AL1000643o","geometry":{"type":"Polygon","coordinates":[[[6.974964,50.938643],[6.97505,50.938649],[6.97506,50.938592],[6.974923,50.938584],[6.974919,50.938607],[6.974914,50.93864],[6.974964,50.938643]]]},"properties":{"id":"DENW37AL1000643o","h":16.8,"min_z":44.6,"max_z":61.4}},{"type":"Feature","id":"DENW37AL100065vo","geometry":{"type":"Polygon","coordinates":[[[6.977654,50.938891],[6.977651,50.938882],[6.977612,50.938888],[6.977634,50.938946],[6.977654,50.938998],[6.97782,50.938974],[6.9778,50.938922],[6.977786,50.938884],[6.977782,50.938872],[6.977654,50.938891]]]},"properties":{"id":"DENW37AL100065vo","h":22.7,"min_z":45.6,"max_z":68.3}},{"type":"Feature","id":"DENW37AL100065xs","geometry":{"type":"Polygon","coordinates":[[[6.975255,50.937465],[6.975265,50.937406],[6.97509,50.937395],[6.97508,50.937454],[6.975255,50.937465]]]},"properties":{"id":"DENW37AL100065xs","h":16.6,"min_z":45.0,"max_z":61.6}},{"type":"Feature","id":"DENW37AL100064sd","geometry":{"type":"Polygon","coordinates":[[[6.972227,50.938216],[6.972328,50.938243],[6.972346,50.938217],[6.972358,50.9382],[6.972415,50.938118],[6.972282,50.938083],[6.972243,50.93813],[6.972182,50.938204],[6.972227,50.938216]]]},"properties":{"id":"DENW37AL100064sd","h":4.8,"min_z":45.2,"max_z":50.0}},{"type":"Feature","id":"DENW37AL100064u5","geometry":{"type":"Polygon","coordinates":[[[6.976683,50.935688],[6.976676,50.935732],[6.976763,50.935738],[6.976767,50.935692],[6.976683,50.935688]]]},"properties":{"id":"DENW37AL100064u5","h":3.4,"min_z":45.3,"max_z":48.7}},{"type":"Feature","id":"DENW37AL100065ll","geometry":{"type":"Polygon","coordinates":[[[6.970979,50.935029],[6.970987,50.935102],[6.971189,50.935083],[6.971183,50.935043],[6.971179,50.935016],[6.970979,50.935029]]]},"properties":{"id":"DENW37AL100065ll","h":15.4,"min_z":46.0,"max_z":61.4}},{"type":"Feature","id":"DENW37AL10006B6d","geometry":{"type":"Polygon","coordinates":[[[6.970499,50.93788],[6.970494,50.937872],[6.970487,50.937865],[6.970479,50.937859],[6.970469,50.937854],[6.970458,50.937849],[6.970446,50.937846],[6.970434,50.937844],[6.970421,50.937842],[6.970329,50.937844],[6.970326,50.937886],[6.970352,50.937886],[6.970353,50.93786],[6.970353,50.937854],[6.970379,50.937854],[6.970378,50.937874],[6.970418,50.937875],[6.970426,50.937876],[6.970433,50.937878],[6.970439,50.937882],[6.970444,50.937885],[6.970447,50.93789],[6.970449,50.937895],[6.970449,50.9379],[6.970448,50.937905],[6.970444,50.937909],[6.97044,50.937913],[6.970434,50.937916],[6.970427,50.937918],[6.970419,50.93792],[6.970411,50.93792],[6.970379,50.937919],[6.970377,50.937942],[6.970369,50.937943],[6.970367,50.937977],[6.970392,50.937977],[6.970412,50.937978],[6.970414,50.937953],[6.970427,50.937953],[6.97044,50.937951],[6.970452,50.937948],[6.970463,50.937945],[6.970474,50.93794],[6.970483,50.937934],[6.97049,50.937927],[6.970496,50.93792],[6.970501,50.937912],[6.970503,50.937904],[6.970504,50.937896],[6.970502,50.937888],[6.970499,50.93788]]]},"properties":{"id":"DENW37AL10006B6d","h":9.0,"min_z":45.2,"max_z":54.2}},{"type":"Feature","id":"DENW37AL1000652E","geometry":{"type":"Polygon","coordinates":[[[6.973744,50.936704],[6.973746,50.936673],[6.973628,50.936672],[6.973626,50.936702],[6.973744,50.936704]]]},"properties":{"id":"DENW37AL1000652E","h":17.5,"min_z":45.1,"max_z":62.5}},{"type":"Feature","id":"DENW37AL100066lI","geometry":{"type":"Polygon","coordinates":[[[6.978769,50.932965],[6.978846,50.933062],[6.979017,50.93301],[6.978946,50.932916],[6.97892,50.932924],[6.978916,50.932919],[6.978769,50.932965]]]},"properties":{"id":"DENW37AL100066lI","h":16.4,"min_z":46.0,"max_z":62.4}},{"type":"Feature","id":"DENW37AL100063oC","geometry":{"type":"Polygon","coordinates":[[[6.975952,50.932206],[6.976113,50.932339],[6.976238,50.932274],[6.976205,50.932249],[6.976213,50.932244],[6.976111,50.932166],[6.976102,50.93217],[6.976069,50.932145],[6.976055,50.932152],[6.975952,50.932206]]]},"properties":{"id":"DENW37AL100063oC","h":21.7,"min_z":46.4,"max_z":68.1}},{"type":"Feature","id":"DENW37AL100064rR","geometry":{"type":"Polygon","coordinates":[[[6.975574,50.936471],[6.975629,50.936476],[6.97564,50.936451],[6.97558,50.936446],[6.975574,50.936471]]]},"properties":{"id":"DENW37AL100064rR","h":6.6,"min_z":45.3,"max_z":51.9}},{"type":"Feature","id":"DENW37AL1000664v","geometry":{"type":"Polygon","coordinates":[[[6.97898,50.934191],[6.978993,50.934216],[6.979057,50.934204],[6.979044,50.934178],[6.97898,50.934191]]]},"properties":{"id":"DENW37AL1000664v","h":4.7,"min_z":44.7,"max_z":49.4}},{"type":"Feature","id":"DENW37AL100064M3","geometry":{"type":"Polygon","coordinates":[[[6.971279,50.934544],[6.971365,50.934702],[6.971403,50.934694],[6.971439,50.934686],[6.971397,50.934606],[6.97136,50.934535],[6.971359,50.934534],[6.971279,50.934544]]]},"properties":{"id":"DENW37AL100064M3","h":2.6,"min_z":46.4,"max_z":48.9}},{"type":"Feature","id":"DENW37AL100064Xl","geometry":{"type":"Polygon","coordinates":[[[6.974831,50.937738],[6.974865,50.93774],[6.974879,50.937741],[6.974885,50.937707],[6.974851,50.937705],[6.974852,50.937697],[6.974766,50.937691],[6.974758,50.937734],[6.974831,50.937738]]]},"properties":{"id":"DENW37AL100064Xl","h":6.7,"min_z":44.8,"max_z":51.5}},{"type":"Feature","id":"DENW37AL100066eS","geometry":{"type":"Polygon","coordinates":[[[6.974958,50.93751],[6.97495,50.93751],[6.974945,50.937541],[6.975058,50.937548],[6.975059,50.937541],[6.975091,50.937543],[6.975095,50.937519],[6.975069,50.937517],[6.974958,50.93751]]]},"properties":{"id":"DENW37AL100066eS","h":6.8,"min_z":45.0,"max_z":51.8}},{"type":"Feature","id":"DENW37AL100065ms","geometry":{"type":"Polygon","coordinates":[[[6.973223,50.934746],[6.973242,50.934802],[6.973406,50.93478],[6.973394,50.934746],[6.973401,50.934745],[6.973394,50.934724],[6.973223,50.934746]]]},"properties":{"id":"DENW37AL100065ms","h":15.8,"min_z":46.7,"max_z":62.5}},{"type":"Feature","id":"DENW37AL1000658c","geometry":{"type":"Polygon","coordinates":[[[6.976958,50.930135],[6.976882,50.930198],[6.97701,50.930261],[6.977028,50.930246],[6.977087,50.930198],[6.977039,50.930175],[6.976958,50.930135]]]},"properties":{"id":"DENW37AL1000658c","h":9.4,"min_z":43.8,"max_z":53.2}},{"type":"Feature","id":"DENW37AL100066Pv","geometry":{"type":"Polygon","coordinates":[[[6.978625,50.935135],[6.978625,50.935137],[6.978635,50.935228],[6.978672,50.935226],[6.978994,50.935197],[6.97897,50.935084],[6.978975,50.935084],[6.978969,50.935059],[6.978965,50.935059],[6.97895,50.93499],[6.978804,50.935003],[6.978828,50.935118],[6.978625,50.935135]]]},"properties":{"id":"DENW37AL100066Pv","h":16.0,"min_z":45.3,"max_z":61.3}},{"type":"Feature","id":"DENW37AL100066B0","geometry":{"type":"Polygon","coordinates":[[[6.974378,50.936489],[6.974347,50.936489],[6.974274,50.93649],[6.974272,50.936534],[6.974311,50.936534],[6.974309,50.936622],[6.974382,50.936621],[6.974378,50.936489]]]},"properties":{"id":"DENW37AL100066B0","h":13.3,"min_z":45.0,"max_z":58.3}},{"type":"Feature","id":"DENW37AL100063yg","geometry":{"type":"Polygon","coordinates":[[[6.97578,50.931133],[6.975706,50.931102],[6.975631,50.931172],[6.975622,50.93118],[6.975857,50.93128],[6.976101,50.931193],[6.976152,50.931145],[6.975813,50.931002],[6.975766,50.931046],[6.976001,50.931151],[6.975996,50.931181],[6.975871,50.931224],[6.975742,50.931169],[6.97578,50.931133]]]},"properties":{"id":"DENW37AL100063yg","h":2.6,"min_z":46.9,"max_z":49.4}},{"type":"Feature","id":"DENW37AL100063r5","geometry":{"type":"Polygon","coordinates":[[[6.972325,50.932947],[6.972365,50.932876],[6.972131,50.932829],[6.972147,50.932796],[6.97206,50.932778],[6.972034,50.932834],[6.972031,50.932834],[6.972008,50.932882],[6.972096,50.932901],[6.972325,50.932947]]]},"properties":{"id":"DENW37AL100063r5","h":14.1,"min_z":45.9,"max_z":60.0}},{"type":"Feature","id":"DENW37AL100063Yx","geometry":{"type":"Polygon","coordinates":[[[6.973616,50.936867],[6.973617,50.936982],[6.973647,50.936982],[6.973698,50.936981],[6.973697,50.93688],[6.973697,50.936867],[6.973621,50.936867],[6.973616,50.936867]]]},"properties":{"id":"DENW37AL100063Yx","h":21.2,"min_z":45.3,"max_z":66.5}},{"type":"Feature","id":"DENW37AL100063gK","geometry":{"type":"Polygon","coordinates":[[[6.973594,50.934312],[6.973594,50.934304],[6.973601,50.934304],[6.973599,50.934264],[6.973489,50.934268],[6.973493,50.934315],[6.973594,50.934312]]]},"properties":{"id":"DENW37AL100063gK","h":2.5,"min_z":46.7,"max_z":49.3}},{"type":"Feature","id":"DENW37AL1000661t","geometry":{"type":"Polygon","coordinates":[[[6.97401,50.934107],[6.973953,50.934108],[6.973954,50.934193],[6.974011,50.934193],[6.97401,50.934107]]]},"properties":{"id":"DENW37AL1000661t","h":13.9,"min_z":46.8,"max_z":60.7}},{"type":"Feature","id":"DENW37AL100068ta","geometry":{"type":"Polygon","coordinates":[[[6.972339,50.937584],[6.972354,50.937692],[6.972423,50.937688],[6.972407,50.93758],[6.972339,50.937584]]]},"properties":{"id":"DENW37AL100068ta","h":4.4,"min_z":45.3,"max_z":49.6}},{"type":"Feature","id":"DENW37AL1000640t","geometry":{"type":"Polygon","coordinates":[[[6.97424,50.938357],[6.974278,50.938359],[6.974307,50.93836],[6.974317,50.938279],[6.97425,50.938275],[6.97424,50.938357]]]},"properties":{"id":"DENW37AL1000640t","h":14.7,"min_z":45.0,"max_z":59.8}},{"type":"Feature","id":"DENW37AL100069S5","geometry":{"type":"Polygon","coordinates":[[[6.974764,50.938497],[6.974762,50.938517],[6.97476,50.938532],[6.974895,50.938538],[6.974911,50.938532],[6.974912,50.938527],[6.974931,50.938528],[6.974934,50.938508],[6.974764,50.938497]]]},"properties":{"id":"DENW37AL100069S5","h":8.3,"min_z":44.8,"max_z":53.1}},{"type":"Feature","id":"DENW37AL100064LB","geometry":{"type":"Polygon","coordinates":[[[6.974947,50.934174],[6.974845,50.934175],[6.974847,50.934222],[6.974849,50.934264],[6.974849,50.93428],[6.974948,50.93428],[6.974947,50.934226],[6.974947,50.934174]]]},"properties":{"id":"DENW37AL100064LB","h":18.3,"min_z":46.6,"max_z":64.9}},{"type":"Feature","id":"DENW37AL100065ny","geometry":{"type":"Polygon","coordinates":[[[6.976856,50.934837],[6.97687,50.934896],[6.976879,50.934935],[6.977122,50.934913],[6.977112,50.934865],[6.977101,50.934818],[6.9771,50.934814],[6.976856,50.934837]]]},"properties":{"id":"DENW37AL100065ny","h":15.9,"min_z":46.0,"max_z":61.9}},{"type":"Feature","id":"DENW37AL100064x3","geometry":{"type":"Polygon","coordinates":[[[6.972888,50.936901],[6.972784,50.936911],[6.9728,50.937023],[6.972914,50.937012],[6.97291,50.937009],[6.972888,50.936901]]]},"properties":{"id":"DENW37AL100064x3","h":16.3,"min_z":44.9,"max_z":61.2}},{"type":"Feature","id":"DENW37AL100063pw","geometry":{"type":"Polygon","coordinates":[[[6.976547,50.935944],[6.976832,50.935963],[6.97685,50.935875],[6.976564,50.935854],[6.976547,50.935944]]]},"properties":{"id":"DENW37AL100063pw","h":17.7,"min_z":45.4,"max_z":63.1}},{"type":"Feature","id":"DENW37AL100063Rg","geometry":{"type":"Polygon","coordinates":[[[6.971669,50.935552],[6.971604,50.935558],[6.971618,50.935649],[6.971684,50.935643],[6.971671,50.935562],[6.971669,50.935552]]]},"properties":{"id":"DENW37AL100063Rg","h":4.0,"min_z":45.3,"max_z":49.3}},{"type":"Feature","id":"DENW37AL100063Sr","geometry":{"type":"Polygon","coordinates":[[[6.974701,50.938129],[6.974696,50.938172],[6.974692,50.938215],[6.974803,50.938221],[6.974807,50.938178],[6.974812,50.938134],[6.974765,50.938131],[6.974701,50.938129]]]},"properties":{"id":"DENW37AL100063Sr","h":16.5,"min_z":44.5,"max_z":61.0}},{"type":"Feature","id":"DENW37AL100064Oo","geometry":{"type":"Polygon","coordinates":[[[6.973463,50.933472],[6.97359,50.933494],[6.973614,50.93344],[6.973747,50.933464],[6.973769,50.933415],[6.973524,50.933347],[6.973463,50.933472]]]},"properties":{"id":"DENW37AL100064Oo","h":17.2,"min_z":44.6,"max_z":61.8}},{"type":"Feature","id":"DENW37AL100065ns","geometry":{"type":"Polygon","coordinates":[[[6.973942,50.936711],[6.974063,50.936709],[6.97407,50.93662],[6.974022,50.936618],[6.973951,50.936616],[6.973942,50.936711]]]},"properties":{"id":"DENW37AL100065ns","h":18.7,"min_z":44.8,"max_z":63.5}},{"type":"Feature","id":"DENW37AL100063ng","geometry":{"type":"Polygon","coordinates":[[[6.974825,50.938021],[6.974821,50.938056],[6.974867,50.938058],[6.974903,50.93806],[6.974908,50.938026],[6.974904,50.938026],[6.974825,50.938021]]]},"properties":{"id":"DENW37AL100063ng","h":3.4,"min_z":44.6,"max_z":48.1}},{"type":"Feature","id":"DENW37AL100064G8","geometry":{"type":"Polygon","coordinates":[[[6.976411,50.934948],[6.97641,50.935002],[6.976433,50.935004],[6.976519,50.935012],[6.97653,50.934963],[6.976411,50.934948]]]},"properties":{"id":"DENW37AL100064G8","h":3.4,"min_z":45.6,"max_z":49.0}},{"type":"Feature","id":"DENW37AL100065oE","geometry":{"type":"Polygon","coordinates":[[[6.975371,50.933873],[6.975372,50.933897],[6.975373,50.933921],[6.975406,50.933921],[6.975405,50.933873],[6.975371,50.933873]]]},"properties":{"id":"DENW37AL100065oE","h":13.3,"min_z":45.7,"max_z":58.9}},{"type":"Feature","id":"DENW37AL2FO000Cs","geometry":{"type":"Polygon","coordinates":[[[6.974152,50.937106],[6.974153,50.937055],[6.974055,50.937057],[6.974055,50.937105],[6.974152,50.937106]]]},"properties":{"id":"DENW37AL2FO000Cs","h":4.2,"min_z":45.3,"max_z":49.5}},{"type":"Feature","id":"DENW37AL100063dY","geometry":{"type":"Polygon","coordinates":[[[6.974267,50.9381],[6.974319,50.938103],[6.97432,50.938097],[6.974322,50.938084],[6.974331,50.938005],[6.974278,50.938002],[6.974267,50.9381]]]},"properties":{"id":"DENW37AL100063dY","h":3.0,"min_z":45.0,"max_z":48.0}},{"type":"Feature","id":"DENW37AL10006yE4","geometry":{"type":"Polygon","coordinates":[[[6.97311,50.930196],[6.97302,50.930303],[6.973116,50.930335],[6.973176,50.930282],[6.973226,50.930237],[6.973155,50.930212],[6.97311,50.930196]]]},"properties":{"id":"DENW37AL10006yE4","h":1.3,"min_z":46.6,"max_z":47.8}},{"type":"Feature","id":"DENW37AL100066Cx","geometry":{"type":"Polygon","coordinates":[[[6.977081,50.932326],[6.977163,50.932401],[6.977171,50.932398],[6.977292,50.932344],[6.977273,50.932327],[6.977282,50.932323],[6.977233,50.93228],[6.977225,50.932284],[6.977205,50.932267],[6.977094,50.932319],[6.977081,50.932326]]]},"properties":{"id":"DENW37AL100066Cx","h":13.0,"min_z":45.9,"max_z":58.9}},{"type":"Feature","id":"DENW37AL1000676M","geometry":{"type":"Polygon","coordinates":[[[6.975631,50.934406],[6.975631,50.934395],[6.975613,50.934395],[6.975613,50.934407],[6.975631,50.934406]]]},"properties":{"id":"DENW37AL1000676M","h":10.8,"min_z":46.0,"max_z":56.8}},{"type":"Feature","id":"DENW37AL100065Lk","geometry":{"type":"Polygon","coordinates":[[[6.97375,50.938454],[6.973743,50.938477],[6.973806,50.938485],[6.973826,50.938488],[6.973834,50.938465],[6.97375,50.938454]]]},"properties":{"id":"DENW37AL100065Lk","h":2.6,"min_z":45.0,"max_z":47.6}},{"type":"Feature","id":"DENW37AL100064K5","geometry":{"type":"Polygon","coordinates":[[[6.978999,50.93411],[6.978944,50.934121],[6.978962,50.934156],[6.97898,50.934191],[6.979044,50.934178],[6.979071,50.934173],[6.979054,50.934138],[6.979035,50.9341],[6.978997,50.934108],[6.978999,50.93411]]]},"properties":{"id":"DENW37AL100064K5","h":11.4,"min_z":44.9,"max_z":56.3}},{"type":"Feature","id":"DENW37AL100074bk","geometry":{"type":"Polygon","coordinates":[[[6.971282,50.935567],[6.971344,50.935561],[6.971333,50.935514],[6.971273,50.935527],[6.971282,50.935567]]]},"properties":{"id":"DENW37AL100074bk","h":15.7,"min_z":45.1,"max_z":60.8}},{"type":"Feature","id":"DENW37AL100064qx","geometry":{"type":"Polygon","coordinates":[[[6.976251,50.934928],[6.976235,50.934985],[6.976345,50.934997],[6.97641,50.935002],[6.976411,50.934948],[6.976251,50.934928]]]},"properties":{"id":"DENW37AL100064qx","h":3.0,"min_z":45.8,"max_z":48.8}},{"type":"Feature","id":"DENW37AL100065JE","geometry":{"type":"Polygon","coordinates":[[[6.974118,50.937901],[6.974082,50.937886],[6.974072,50.937896],[6.973966,50.938007],[6.974032,50.938033],[6.974107,50.938034],[6.974107,50.938032],[6.974118,50.937901]]]},"properties":{"id":"DENW37AL100065JE","h":2.9,"min_z":45.1,"max_z":48.0}},{"type":"Feature","id":"DENW37AL100064lj","geometry":{"type":"Polygon","coordinates":[[[6.97466,50.937],[6.974664,50.936977],[6.974734,50.936981],[6.974751,50.936888],[6.974554,50.936876],[6.974533,50.936875],[6.974531,50.936887],[6.974517,50.936991],[6.97466,50.937]]]},"properties":{"id":"DENW37AL100064lj","h":22.5,"min_z":44.8,"max_z":67.3}},{"type":"Feature","id":"DENW37AL100066bk","geometry":{"type":"Polygon","coordinates":[[[6.972832,50.935076],[6.972837,50.935099],[6.973008,50.935079],[6.973002,50.935058],[6.972994,50.935059],[6.972911,50.935067],[6.972832,50.935076]]]},"properties":{"id":"DENW37AL100066bk","h":3.6,"min_z":46.5,"max_z":50.1}},{"type":"Feature","id":"DENW37AL100066zL","geometry":{"type":"Polygon","coordinates":[[[6.97836,50.938448],[6.978378,50.938503],[6.978447,50.938501],[6.978446,50.93848],[6.978443,50.938436],[6.97836,50.938448]]]},"properties":{"id":"DENW37AL100066zL","h":16.1,"min_z":45.7,"max_z":61.8}},{"type":"Feature","id":"DENW37AL100069Jy","geometry":{"type":"Polygon","coordinates":[[[6.975372,50.930249],[6.975409,50.930217],[6.975389,50.930207],[6.975388,50.930207],[6.97535,50.930239],[6.975372,50.930249]]]},"properties":{"id":"DENW37AL100069Jy","h":18.4,"min_z":46.7,"max_z":65.1}},{"type":"Feature","id":"DENW37AL100066QV","geometry":{"type":"Polygon","coordinates":[[[6.977403,50.9358],[6.977405,50.935827],[6.977579,50.935832],[6.977576,50.935805],[6.97751,50.935803],[6.977451,50.935801],[6.977403,50.9358]]]},"properties":{"id":"DENW37AL100066QV","h":21.9,"min_z":46.0,"max_z":67.8}},{"type":"Feature","id":"DENW37AL100065Gb","geometry":{"type":"Polygon","coordinates":[[[6.974368,50.935899],[6.974367,50.935844],[6.974222,50.935853],[6.97422,50.935853],[6.974229,50.935904],[6.974229,50.935905],[6.974368,50.935899]]]},"properties":{"id":"DENW37AL100065Gb","h":15.4,"min_z":45.4,"max_z":60.7}},{"type":"Feature","id":"DENW37AL100068Gx","geometry":{"type":"Polygon","coordinates":[[[6.974154,50.936018],[6.974157,50.936048],[6.974229,50.936045],[6.974227,50.936015],[6.974223,50.936015],[6.974154,50.936018]]]},"properties":{"id":"DENW37AL100068Gx","h":3.6,"min_z":45.2,"max_z":48.8}},{"type":"Feature","id":"DENW37AL100074es","geometry":{"type":"Polygon","coordinates":[[[6.972525,50.938193],[6.972711,50.938244],[6.972727,50.938223],[6.972785,50.938146],[6.972588,50.938103],[6.972525,50.938193]]]},"properties":{"id":"DENW37AL100074es","h":6.0,"min_z":45.0,"max_z":51.0}},{"type":"Feature","id":"DENW37AL100064yQ","geometry":{"type":"Polygon","coordinates":[[[6.974467,50.935826],[6.974536,50.935825],[6.974534,50.93576],[6.974465,50.935757],[6.974467,50.935826]]]},"properties":{"id":"DENW37AL100064yQ","h":15.1,"min_z":45.8,"max_z":60.9}},{"type":"Feature","id":"DENW37AL100065E1","geometry":{"type":"Polygon","coordinates":[[[6.974184,50.935814],[6.97421,50.935813],[6.974221,50.935813],[6.97422,50.935787],[6.974184,50.935789],[6.974184,50.935814]]]},"properties":{"id":"DENW37AL100065E1","h":17.2,"min_z":45.8,"max_z":63.0}},{"type":"Feature","id":"DENW37AL100063yM","geometry":{"type":"Polygon","coordinates":[[[6.976947,50.936853],[6.977097,50.936862],[6.97713,50.936664],[6.977052,50.936659],[6.977036,50.936753],[6.976962,50.936748],[6.976947,50.936853]]]},"properties":{"id":"DENW37AL100063yM","h":23.1,"min_z":44.9,"max_z":68.0}},{"type":"Feature","id":"DENW37AL100064IJ","geometry":{"type":"Polygon","coordinates":[[[6.972973,50.930462],[6.973008,50.930477],[6.973109,50.930388],[6.973074,50.930372],[6.972973,50.930462]]]},"properties":{"id":"DENW37AL100064IJ","h":19.4,"min_z":46.3,"max_z":65.7}},{"type":"Feature","id":"DENW37AL100066Gk","geometry":{"type":"Polygon","coordinates":[[[6.974213,50.935645],[6.974212,50.935621],[6.974161,50.935623],[6.974075,50.935627],[6.974059,50.935627],[6.974063,50.935662],[6.974185,50.935657],[6.974183,50.935646],[6.974213,50.935645]]]},"properties":{"id":"DENW37AL100066Gk","h":9.5,"min_z":46.3,"max_z":55.8}},{"type":"Feature","id":"DENW37AL100065bL","geometry":{"type":"Polygon","coordinates":[[[6.972921,50.935441],[6.97293,50.935474],[6.973011,50.935466],[6.973073,50.93546],[6.973065,50.935427],[6.972921,50.935441]]]},"properties":{"id":"DENW37AL100065bL","h":3.0,"min_z":46.0,"max_z":49.0}},{"type":"Feature","id":"DENW37AL100064GV","geometry":{"type":"Polygon","coordinates":[[[6.974675,50.930824],[6.97479,50.930724],[6.974668,50.930668],[6.974553,50.930768],[6.974675,50.930824]]]},"properties":{"id":"DENW37AL100064GV","h":18.4,"min_z":46.5,"max_z":64.9}},{"type":"Feature","id":"DENW37AL100066Pt","geometry":{"type":"Polygon","coordinates":[[[6.973523,50.937602],[6.973536,50.937689],[6.973539,50.93771],[6.973814,50.937692],[6.973797,50.937585],[6.973523,50.937602]]]},"properties":{"id":"DENW37AL100066Pt","h":17.1,"min_z":44.5,"max_z":61.6}},{"type":"Feature","id":"DENW37AL100063iT","geometry":{"type":"Polygon","coordinates":[[[6.976343,50.934309],[6.976364,50.934307],[6.976358,50.934282],[6.976335,50.934285],[6.976332,50.934279],[6.976254,50.934286],[6.976176,50.934293],[6.976213,50.93443],[6.976291,50.934423],[6.976343,50.934417],[6.976371,50.934414],[6.976343,50.934309]]]},"properties":{"id":"DENW37AL100063iT","h":16.0,"min_z":45.8,"max_z":61.8}},{"type":"Feature","id":"DENW37AL10006414","geometry":{"type":"Polygon","coordinates":[[[6.974867,50.93815],[6.974869,50.938137],[6.974812,50.938134],[6.974807,50.938181],[6.974803,50.938221],[6.974881,50.938225],[6.974886,50.938186],[6.974888,50.93817],[6.97489,50.938151],[6.974867,50.93815]]]},"properties":{"id":"DENW37AL10006414","h":16.1,"min_z":44.5,"max_z":60.6}},{"type":"Feature","id":"DENW37AL100065Y7","geometry":{"type":"Polygon","coordinates":[[[6.974146,50.935001],[6.974194,50.935001],[6.974304,50.934999],[6.974299,50.934862],[6.974193,50.934864],[6.974142,50.934865],[6.974146,50.935001]]]},"properties":{"id":"DENW37AL100065Y7","h":16.0,"min_z":46.5,"max_z":62.5}},{"type":"Feature","id":"DENW37AL100064hN","geometry":{"type":"Polygon","coordinates":[[[6.973472,50.935298],[6.973494,50.935375],[6.973624,50.935359],[6.973608,50.935307],[6.973602,50.935287],[6.9736,50.935282],[6.973472,50.935298]]]},"properties":{"id":"DENW37AL100064hN","h":15.4,"min_z":46.3,"max_z":61.6}},{"type":"Feature","id":"DENW37AL100069CO","geometry":{"type":"Polygon","coordinates":[[[6.977238,50.934803],[6.977239,50.934806],[6.97725,50.934853],[6.977261,50.934901],[6.977269,50.934935],[6.977422,50.93492],[6.977403,50.934831],[6.977393,50.934785],[6.977274,50.934799],[6.977238,50.934803]]]},"properties":{"id":"DENW37AL100069CO","h":19.4,"min_z":46.0,"max_z":65.4}},{"type":"Feature","id":"DENW37AL10006747","geometry":{"type":"Polygon","coordinates":[[[6.972541,50.933456],[6.972584,50.933482],[6.972687,50.933415],[6.972644,50.933389],[6.972541,50.933456]]]},"properties":{"id":"DENW37AL10006747","h":13.1,"min_z":46.0,"max_z":59.1}},{"type":"Feature","id":"DENW37AL100064HK","geometry":{"type":"Polygon","coordinates":[[[6.972599,50.936974],[6.97261,50.937026],[6.972652,50.937024],[6.972658,50.937051],[6.972658,50.937054],[6.972701,50.93705],[6.972682,50.936969],[6.97267,50.936919],[6.972588,50.936924],[6.972599,50.936974]]]},"properties":{"id":"DENW37AL100064HK","h":21.2,"min_z":44.1,"max_z":65.3}},{"type":"Feature","id":"DENW37AL100065oW","geometry":{"type":"Polygon","coordinates":[[[6.971583,50.934246],[6.97158,50.934326],[6.971781,50.934325],[6.971779,50.934245],[6.971625,50.934246],[6.971583,50.934246]]]},"properties":{"id":"DENW37AL100065oW","h":13.3,"min_z":46.6,"max_z":59.9}},{"type":"Feature","id":"DENW37AL1000677N","geometry":{"type":"Polygon","coordinates":[[[6.972265,50.934729],[6.972328,50.934707],[6.972262,50.934629],[6.972222,50.934643],[6.97211,50.93468],[6.972107,50.934683],[6.972105,50.934685],[6.972104,50.934688],[6.972104,50.934691],[6.972105,50.934694],[6.972108,50.934697],[6.97216,50.934765],[6.972265,50.934729]]]},"properties":{"id":"DENW37AL1000677N","h":14.7,"min_z":46.3,"max_z":61.0}},{"type":"Feature","id":"DENW37AL100065Ai","geometry":{"type":"Polygon","coordinates":[[[6.974595,50.934369],[6.97467,50.934369],[6.974677,50.934368],[6.974676,50.934287],[6.974634,50.934287],[6.974624,50.934288],[6.974625,50.934304],[6.974609,50.934304],[6.974609,50.934316],[6.97459,50.934316],[6.974591,50.934369],[6.974595,50.934369]]]},"properties":{"id":"DENW37AL100065Ai","h":6.7,"min_z":46.9,"max_z":53.6}},{"type":"Feature","id":"DENW37AL100063Sz","geometry":{"type":"Polygon","coordinates":[[[6.973659,50.938314],[6.973773,50.938352],[6.973785,50.93834],[6.973932,50.938346],[6.973942,50.938259],[6.973726,50.938247],[6.973659,50.938314]]]},"properties":{"id":"DENW37AL100063Sz","h":13.4,"min_z":44.9,"max_z":58.4}},{"type":"Feature","id":"DENW37AL10006554","geometry":{"type":"Polygon","coordinates":[[[6.972765,50.932514],[6.972734,50.932506],[6.9726,50.932788],[6.97263,50.932796],[6.972765,50.932514]]]},"properties":{"id":"DENW37AL10006554","h":20.4,"min_z":45.9,"max_z":66.3}},{"type":"Feature","id":"DENW37AL100074Zt","geometry":{"type":"Polygon","coordinates":[[[6.975218,50.935412],[6.975278,50.935414],[6.975281,50.935378],[6.975221,50.935376],[6.975218,50.935412]]]},"properties":{"id":"DENW37AL100074Zt","h":3.0,"min_z":46.1,"max_z":49.1}},{"type":"Feature","id":"DENW37AL100063wp","geometry":{"type":"Polygon","coordinates":[[[6.975515,50.936364],[6.975598,50.936372],[6.975622,50.936279],[6.975615,50.936278],[6.975538,50.93627],[6.975496,50.936265],[6.97549,50.936289],[6.975485,50.936311],[6.975484,50.936314],[6.975472,50.93636],[6.975515,50.936364]]]},"properties":{"id":"DENW37AL100063wp","h":15.1,"min_z":44.9,"max_z":60.0}},{"type":"Feature","id":"DENW37AL100066iN","geometry":{"type":"Polygon","coordinates":[[[6.977632,50.934059],[6.977627,50.934061],[6.977679,50.934164],[6.977842,50.934131],[6.977839,50.934124],[6.977919,50.93411],[6.977874,50.934019],[6.97781,50.934034],[6.97779,50.93399],[6.977764,50.933995],[6.977615,50.934024],[6.977632,50.934059]]]},"properties":{"id":"DENW37AL100066iN","h":21.9,"min_z":46.0,"max_z":67.9}},{"type":"Feature","id":"DENW37AL10006yFi","geometry":{"type":"Polygon","coordinates":[[[6.976437,50.939048],[6.976453,50.939074],[6.976467,50.939097],[6.976575,50.939073],[6.976542,50.939023],[6.976437,50.939048]]]},"properties":{"id":"DENW37AL10006yFi","h":3.6,"min_z":45.2,"max_z":48.8}},{"type":"Feature","id":"DENW37AL100063sx","geometry":{"type":"Polygon","coordinates":[[[6.971879,50.933848],[6.971874,50.933899],[6.971874,50.933903],[6.971902,50.933904],[6.971941,50.933904],[6.971944,50.933848],[6.971879,50.933848]]]},"properties":{"id":"DENW37AL100063sx","h":6.9,"min_z":46.5,"max_z":53.4}},{"type":"Feature","id":"DENW37AL100064Kp","geometry":{"type":"Polygon","coordinates":[[[6.975457,50.931066],[6.975381,50.931033],[6.975301,50.931035],[6.975253,50.931082],[6.975381,50.931138],[6.975457,50.931066]]]},"properties":{"id":"DENW37AL100064Kp","h":18.3,"min_z":46.8,"max_z":65.1}},{"type":"Feature","id":"DENW37AL100065QS","geometry":{"type":"Polygon","coordinates":[[[6.974217,50.935736],[6.974068,50.935743],[6.974069,50.935776],[6.974196,50.93577],[6.974195,50.935761],[6.974218,50.935759],[6.974217,50.935736]]]},"properties":{"id":"DENW37AL100065QS","h":11.3,"min_z":46.0,"max_z":57.3}},{"type":"Feature","id":"DENW37AL100064BZ","geometry":{"type":"Polygon","coordinates":[[[6.977322,50.937158],[6.977285,50.937156],[6.977278,50.937211],[6.977267,50.937287],[6.977378,50.937286],[6.977437,50.937286],[6.977454,50.937175],[6.977321,50.937167],[6.977322,50.937158]]]},"properties":{"id":"DENW37AL100064BZ","h":3.8,"min_z":45.5,"max_z":49.2}},{"type":"Feature","id":"DENW37AL100065R6","geometry":{"type":"Polygon","coordinates":[[[6.972935,50.934876],[6.972943,50.934903],[6.973094,50.934886],[6.973076,50.934829],[6.972944,50.934847],[6.972926,50.934849],[6.972935,50.934876]]]},"properties":{"id":"DENW37AL100065R6","h":17.7,"min_z":46.6,"max_z":64.3}},{"type":"Feature","id":"DENW37AL100064B0","geometry":{"type":"Polygon","coordinates":[[[6.975652,50.934591],[6.975652,50.934506],[6.975618,50.934506],[6.975562,50.934506],[6.975562,50.934546],[6.975562,50.934591],[6.975652,50.934591]]]},"properties":{"id":"DENW37AL100064B0","h":14.6,"min_z":45.8,"max_z":60.4}},{"type":"Feature","id":"DENW37AL1000652Q","geometry":{"type":"Polygon","coordinates":[[[6.973439,50.936706],[6.973539,50.936707],[6.973545,50.936632],[6.973503,50.936631],[6.973504,50.936612],[6.973509,50.936543],[6.973438,50.936541],[6.973429,50.936699],[6.973428,50.936706],[6.973439,50.936706]]]},"properties":{"id":"DENW37AL1000652Q","h":16.4,"min_z":45.2,"max_z":61.6}},{"type":"Feature","id":"DENW37AL100065ST","geometry":{"type":"Polygon","coordinates":[[[6.974956,50.938398],[6.975092,50.938406],[6.975107,50.938321],[6.974968,50.938314],[6.974961,50.938362],[6.974956,50.938398]]]},"properties":{"id":"DENW37AL100065ST","h":15.9,"min_z":44.6,"max_z":60.5}},{"type":"Feature","id":"DENW37AL100064Rz","geometry":{"type":"Polygon","coordinates":[[[6.975858,50.931903],[6.975874,50.931911],[6.975896,50.931892],[6.975879,50.931885],[6.975858,50.931903]]]},"properties":{"id":"DENW37AL100064Rz","h":21.6,"min_z":46.5,"max_z":68.1}},{"type":"Feature","id":"DENW37AL10006753","geometry":{"type":"Polygon","coordinates":[[[6.974107,50.935964],[6.974112,50.935991],[6.974223,50.935987],[6.974222,50.93596],[6.974107,50.935964]]]},"properties":{"id":"DENW37AL10006753","h":7.5,"min_z":45.6,"max_z":53.2}},{"type":"Feature","id":"DENW37AL100064RU","geometry":{"type":"Polygon","coordinates":[[[6.973936,50.93573],[6.973932,50.935688],[6.973926,50.935633],[6.973926,50.935633],[6.973922,50.935589],[6.973816,50.935603],[6.973811,50.935603],[6.973825,50.93565],[6.973823,50.935689],[6.973821,50.935725],[6.973936,50.93573]]]},"properties":{"id":"DENW37AL100064RU","h":7.1,"min_z":46.1,"max_z":53.2}},{"type":"Feature","id":"DENW37AL100064kb","geometry":{"type":"Polygon","coordinates":[[[6.97544,50.93557],[6.975452,50.935574],[6.975468,50.935574],[6.975472,50.935561],[6.975471,50.935561],[6.975442,50.935559],[6.97544,50.93557]]]},"properties":{"id":"DENW37AL100064kb","h":13.6,"min_z":45.5,"max_z":59.0}},{"type":"Feature","id":"DENW37AL100063N8","geometry":{"type":"Polygon","coordinates":[[[6.976381,50.931628],[6.976378,50.931628],[6.976339,50.931601],[6.976284,50.931632],[6.976283,50.931632],[6.976279,50.93163],[6.976222,50.931662],[6.976258,50.931688],[6.976246,50.931695],[6.976287,50.931724],[6.976359,50.931683],[6.97641,50.931655],[6.976414,50.931652],[6.976381,50.931628]]]},"properties":{"id":"DENW37AL100063N8","h":12.2,"min_z":46.3,"max_z":58.5}},{"type":"Feature","id":"DENW37AL100064nz","geometry":{"type":"Polygon","coordinates":[[[6.974725,50.934104],[6.974727,50.934161],[6.974845,50.93416],[6.974842,50.934103],[6.974725,50.934104]]]},"properties":{"id":"DENW37AL100064nz","h":2.5,"min_z":46.5,"max_z":49.0}},{"type":"Feature","id":"DENW37AL100064qp","geometry":{"type":"Polygon","coordinates":[[[6.975071,50.938127],[6.97514,50.938131],[6.975155,50.938041],[6.975085,50.938037],[6.975039,50.938034],[6.97501,50.938032],[6.975007,50.938056],[6.974997,50.938123],[6.97507,50.938127],[6.975071,50.938127]]]},"properties":{"id":"DENW37AL100064qp","h":17.5,"min_z":44.6,"max_z":62.1}},{"type":"Feature","id":"DENW37AL1000656O","geometry":{"type":"Polygon","coordinates":[[[6.972946,50.933515],[6.973038,50.933533],[6.973062,50.933486],[6.97297,50.933468],[6.972946,50.933515]]]},"properties":{"id":"DENW37AL1000656O","h":2.7,"min_z":46.4,"max_z":49.1}},{"type":"Feature","id":"DENW37AL100065s4","geometry":{"type":"Polygon","coordinates":[[[6.971486,50.932342],[6.971615,50.932368],[6.971652,50.932293],[6.971523,50.932268],[6.971486,50.932342]]]},"properties":{"id":"DENW37AL100065s4","h":18.1,"min_z":45.6,"max_z":63.7}},{"type":"Feature","id":"DENW37AL100064Lc","geometry":{"type":"Polygon","coordinates":[[[6.975749,50.938422],[6.975787,50.938424],[6.975795,50.938359],[6.975757,50.938357],[6.975749,50.938422]]]},"properties":{"id":"DENW37AL100064Lc","h":16.1,"min_z":44.2,"max_z":60.3}},{"type":"Feature","id":"DENW37AL100064CS","geometry":{"type":"Polygon","coordinates":[[[6.97367,50.93411],[6.973298,50.934113],[6.973325,50.93421],[6.973672,50.934207],[6.97367,50.93411]]]},"properties":{"id":"DENW37AL100064CS","h":14.7,"min_z":46.7,"max_z":61.4}},{"type":"Feature","id":"DENW37AL2FE0006w","geometry":{"type":"Polygon","coordinates":[[[6.974924,50.936476],[6.974908,50.936542],[6.975015,50.936546],[6.975031,50.936485],[6.974924,50.936476]]]},"properties":{"id":"DENW37AL2FE0006w","h":4.7,"min_z":44.9,"max_z":49.6}},{"type":"Feature","id":"DENW37AL100065NZ","geometry":{"type":"Polygon","coordinates":[[[6.974593,50.937446],[6.974805,50.937458],[6.974809,50.937436],[6.974819,50.937377],[6.974819,50.937373],[6.974605,50.93736],[6.974593,50.937446]]]},"properties":{"id":"DENW37AL100065NZ","h":4.3,"min_z":45.1,"max_z":49.5}},{"type":"Feature","id":"DENW37AL100064i7","geometry":{"type":"Polygon","coordinates":[[[6.975741,50.936672],[6.975775,50.936679],[6.975773,50.936689],[6.975838,50.936693],[6.97584,50.936693],[6.97584,50.936692],[6.975845,50.936661],[6.975836,50.936659],[6.975836,50.93666],[6.975835,50.93666],[6.975826,50.936658],[6.975844,50.936623],[6.975773,50.936608],[6.975752,50.936651],[6.975741,50.936672]]]},"properties":{"id":"DENW37AL100064i7","h":19.1,"min_z":45.1,"max_z":64.2}},{"type":"Feature","id":"DENW37AL100064Av","geometry":{"type":"Polygon","coordinates":[[[6.974588,50.935719],[6.974592,50.935679],[6.974462,50.935673],[6.974465,50.935757],[6.974534,50.93576],[6.974584,50.935763],[6.974588,50.935719]]]},"properties":{"id":"DENW37AL100064Av","h":14.7,"min_z":45.9,"max_z":60.6}},{"type":"Feature","id":"DENW37AL100065vP","geometry":{"type":"Polygon","coordinates":[[[6.978077,50.933979],[6.978101,50.934032],[6.978119,50.934028],[6.978119,50.934028],[6.978323,50.933986],[6.978324,50.933987],[6.978342,50.933983],[6.978316,50.933933],[6.978077,50.933979]]]},"properties":{"id":"DENW37AL100065vP","h":19.0,"min_z":45.9,"max_z":64.9}},{"type":"Feature","id":"DENW37AL1000666e","geometry":{"type":"Polygon","coordinates":[[[6.972646,50.934838],[6.972668,50.934907],[6.972717,50.934896],[6.972695,50.934832],[6.972646,50.934838]]]},"properties":{"id":"DENW37AL1000666e","h":12.6,"min_z":46.6,"max_z":59.2}},{"type":"Feature","id":"DENW37AL100064Sb","geometry":{"type":"Polygon","coordinates":[[[6.972977,50.930331],[6.973006,50.930299],[6.972881,50.930257],[6.972859,50.930282],[6.972977,50.930331]]]},"properties":{"id":"DENW37AL100064Sb","h":19.8,"min_z":46.3,"max_z":66.1}},{"type":"Feature","id":"DENW37AL100065FV","geometry":{"type":"Polygon","coordinates":[[[6.977726,50.938482],[6.977779,50.93865],[6.977958,50.938625],[6.977903,50.938458],[6.977726,50.938482]]]},"properties":{"id":"DENW37AL100065FV","h":22.0,"min_z":44.0,"max_z":66.1}},{"type":"Feature","id":"DENW37AL100063jl","geometry":{"type":"Polygon","coordinates":[[[6.974139,50.935069],[6.974131,50.935034],[6.974149,50.935034],[6.974138,50.935001],[6.974107,50.935002],[6.974049,50.935002],[6.97407,50.935066],[6.974139,50.935069]]]},"properties":{"id":"DENW37AL100063jl","h":15.0,"min_z":46.2,"max_z":61.1}},{"type":"Feature","id":"DENW37AL100065bV","geometry":{"type":"Polygon","coordinates":[[[6.977817,50.938084],[6.977673,50.938094],[6.977689,50.938182],[6.977692,50.9382],[6.977698,50.938238],[6.977841,50.938228],[6.977817,50.938084]]]},"properties":{"id":"DENW37AL100065bV","h":22.4,"min_z":45.7,"max_z":68.1}},{"type":"Feature","id":"DENW37AL100065d7","geometry":{"type":"Polygon","coordinates":[[[6.975197,50.932338],[6.975033,50.932485],[6.97514,50.932533],[6.975207,50.932473],[6.9753,50.932514],[6.975398,50.932425],[6.975197,50.932338]]]},"properties":{"id":"DENW37AL100065d7","h":23.5,"min_z":45.6,"max_z":69.1}},{"type":"Feature","id":"DENW37AL100074Zo","geometry":{"type":"Polygon","coordinates":[[[6.971368,50.932708],[6.971441,50.932723],[6.971445,50.932714],[6.971372,50.932699],[6.971368,50.932708]]]},"properties":{"id":"DENW37AL100074Zo","h":11.8,"min_z":45.6,"max_z":57.4}},{"type":"Feature","id":"DENW37ALa900006R","geometry":{"type":"Polygon","coordinates":[[[6.970249,50.933561],[6.970299,50.933564],[6.970306,50.933517],[6.970257,50.933514],[6.970249,50.933561]]]},"properties":{"id":"DENW37ALa900006R","h":6.5,"min_z":44.3,"max_z":50.8}},{"type":"Feature","id":"DENW37AL100064W6","geometry":{"type":"Polygon","coordinates":[[[6.974964,50.938643],[6.974914,50.93864],[6.97484,50.938636],[6.974826,50.938676],[6.974919,50.938682],[6.97495,50.938684],[6.974955,50.938671],[6.974964,50.938643]]]},"properties":{"id":"DENW37AL100064W6","h":10.6,"min_z":44.6,"max_z":55.2}},{"type":"Feature","id":"DENW37AL100074fY","geometry":{"type":"Polygon","coordinates":[[[6.978456,50.937312],[6.978455,50.937319],[6.978583,50.937324],[6.978616,50.937326],[6.978691,50.937329],[6.978692,50.937323],[6.978456,50.937312]]]},"properties":{"id":"DENW37AL100074fY","h":17.9,"min_z":45.6,"max_z":63.5}},{"type":"Feature","id":"DENW37AL100065Ty","geometry":{"type":"Polygon","coordinates":[[[6.972883,50.934985],[6.972911,50.935067],[6.972994,50.935059],[6.972976,50.935003],[6.972966,50.934973],[6.972887,50.934984],[6.972883,50.934985]]]},"properties":{"id":"DENW37AL100065Ty","h":3.6,"min_z":46.6,"max_z":50.1}},{"type":"Feature","id":"DENW37AL100064JJ","geometry":{"type":"Polygon","coordinates":[[[6.974707,50.934947],[6.97469,50.934947],[6.974607,50.934948],[6.974608,50.934977],[6.974691,50.934977],[6.974708,50.934976],[6.974707,50.934967],[6.974707,50.934947]]]},"properties":{"id":"DENW37AL100064JJ","h":6.5,"min_z":46.5,"max_z":53.0}},{"type":"Feature","id":"DENW37AL100066fW","geometry":{"type":"Polygon","coordinates":[[[6.974914,50.932971],[6.974916,50.932971],[6.974918,50.932972],[6.97492,50.932968],[6.974912,50.932966],[6.974908,50.93297],[6.974912,50.932971],[6.974914,50.932972],[6.974914,50.932971]]]},"properties":{"id":"DENW37AL100066fW","h":21.7,"min_z":45.9,"max_z":67.6}},{"type":"Feature","id":"DENW37AL100065WU","geometry":{"type":"Polygon","coordinates":[[[6.975411,50.934361],[6.975449,50.934397],[6.975459,50.934407],[6.975487,50.934393],[6.975453,50.93436],[6.975411,50.934361]]]},"properties":{"id":"DENW37AL100065WU","h":4.1,"min_z":46.0,"max_z":50.2}},{"type":"Feature","id":"DENW37AL100065ik","geometry":{"type":"Polygon","coordinates":[[[6.973102,50.935639],[6.973107,50.935665],[6.97318,50.935657],[6.973178,50.935652],[6.973198,50.935649],[6.973192,50.935629],[6.973102,50.935639]]]},"properties":{"id":"DENW37AL100065ik","h":3.2,"min_z":46.0,"max_z":49.3}},{"type":"Feature","id":"DENW37AL100065aK","geometry":{"type":"Polygon","coordinates":[[[6.97698,50.932775],[6.976892,50.932808],[6.97688,50.932798],[6.976922,50.932841],[6.976971,50.932891],[6.977262,50.932781],[6.977298,50.932767],[6.97725,50.932717],[6.977221,50.932688],[6.977218,50.932685],[6.97698,50.932775]]]},"properties":{"id":"DENW37AL100065aK","h":23.6,"min_z":45.9,"max_z":69.5}},{"type":"Feature","id":"DENW37AL100063kh","geometry":{"type":"Polygon","coordinates":[[[6.974626,50.93669],[6.974624,50.936717],[6.974754,50.936726],[6.974768,50.936726],[6.974772,50.9367],[6.974626,50.93669]]]},"properties":{"id":"DENW37AL100063kh","h":19.5,"min_z":44.8,"max_z":64.3}},{"type":"Feature","id":"DENW37AL10006yHO","geometry":{"type":"Polygon","coordinates":[[[6.976297,50.936964],[6.976296,50.936971],[6.976388,50.93698],[6.97639,50.936973],[6.976297,50.936964]]]},"properties":{"id":"DENW37AL10006yHO","h":18.2,"min_z":44.4,"max_z":62.6}},{"type":"Feature","id":"DENW37AL100064Xn","geometry":{"type":"Polygon","coordinates":[[[6.974259,50.930694],[6.974324,50.930725],[6.974337,50.930731],[6.97443,50.930654],[6.974415,50.930646],[6.974352,50.930616],[6.974289,50.930586],[6.974198,50.930664],[6.974259,50.930694]]]},"properties":{"id":"DENW37AL100064Xn","h":19.5,"min_z":46.3,"max_z":65.7}},{"type":"Feature","id":"DENW37AL3tJ000I2","geometry":{"type":"Polygon","coordinates":[[[6.974908,50.935962],[6.974949,50.935967],[6.974965,50.935918],[6.974921,50.935913],[6.97491,50.935952],[6.974908,50.935962]]]},"properties":{"id":"DENW37AL3tJ000I2","h":2.9,"min_z":45.7,"max_z":48.7}},{"type":"Feature","id":"DENW37AL1000642R","geometry":{"type":"Polygon","coordinates":[[[6.97311,50.930196],[6.972972,50.930151],[6.972881,50.930257],[6.973006,50.930299],[6.97302,50.930303],[6.97311,50.930196]]]},"properties":{"id":"DENW37AL1000642R","h":19.5,"min_z":46.6,"max_z":66.1}},{"type":"Feature","id":"DENW37AL100063gp","geometry":{"type":"Polygon","coordinates":[[[6.97863,50.933011],[6.978601,50.933021],[6.978637,50.933067],[6.978674,50.933114],[6.978846,50.933062],[6.978809,50.933015],[6.978769,50.932965],[6.978628,50.933009],[6.97863,50.933011]]]},"properties":{"id":"DENW37AL100063gp","h":16.4,"min_z":46.0,"max_z":62.4}},{"type":"Feature","id":"DENW37AL100065c3","geometry":{"type":"Polygon","coordinates":[[[6.978634,50.932461],[6.978709,50.932537],[6.978748,50.932521],[6.97876,50.932533],[6.978851,50.932497],[6.978843,50.93249],[6.978762,50.93241],[6.978634,50.932461]]]},"properties":{"id":"DENW37AL100065c3","h":17.9,"min_z":45.5,"max_z":63.4}},{"type":"Feature","id":"DENW37AL10006543","geometry":{"type":"Polygon","coordinates":[[[6.974548,50.938384],[6.974775,50.938396],[6.974776,50.938388],[6.974781,50.938352],[6.974786,50.938304],[6.974557,50.938292],[6.974548,50.938384]]]},"properties":{"id":"DENW37AL10006543","h":12.8,"min_z":44.8,"max_z":57.6}},{"type":"Feature","id":"DENW37AL100066SJ","geometry":{"type":"Polygon","coordinates":[[[6.976195,50.934754],[6.976197,50.934754],[6.97628,50.934756],[6.97642,50.934762],[6.976426,50.934659],[6.976325,50.934656],[6.976218,50.934649],[6.976207,50.934681],[6.976213,50.934682],[6.976195,50.934754]]]},"properties":{"id":"DENW37AL100066SJ","h":16.2,"min_z":45.8,"max_z":62.0}},{"type":"Feature","id":"DENW37AL1000644M","geometry":{"type":"Polygon","coordinates":[[[6.977516,50.937339],[6.977518,50.937455],[6.977617,50.937455],[6.977616,50.937339],[6.977516,50.937339]]]},"properties":{"id":"DENW37AL1000644M","h":22.7,"min_z":45.9,"max_z":68.5}},{"type":"Feature","id":"DENW37AL100066q8","geometry":{"type":"Polygon","coordinates":[[[6.97454,50.937944],[6.974609,50.937951],[6.974622,50.937873],[6.974623,50.937873],[6.97463,50.937831],[6.974581,50.937828],[6.974539,50.937825],[6.974524,50.937942],[6.97454,50.937944]]]},"properties":{"id":"DENW37AL100066q8","h":6.5,"min_z":44.9,"max_z":51.4}},{"type":"Feature","id":"DENW37AL10006607","geometry":{"type":"Polygon","coordinates":[[[6.978643,50.934484],[6.978662,50.934538],[6.978635,50.934542],[6.978641,50.934561],[6.978748,50.934542],[6.978816,50.93453],[6.978806,50.934497],[6.978818,50.934495],[6.978807,50.934461],[6.978795,50.934462],[6.978787,50.934436],[6.978719,50.934448],[6.978642,50.934462],[6.978649,50.934484],[6.978643,50.934484]]]},"properties":{"id":"DENW37AL10006607","h":16.4,"min_z":44.7,"max_z":61.2}},{"type":"Feature","id":"DENW37AL100065e6","geometry":{"type":"Polygon","coordinates":[[[6.975541,50.937252],[6.975545,50.937209],[6.975438,50.937204],[6.97543,50.937246],[6.975541,50.937252]]]},"properties":{"id":"DENW37AL100065e6","h":14.0,"min_z":44.9,"max_z":58.8}},{"type":"Feature","id":"DENW37AL100065KI","geometry":{"type":"Polygon","coordinates":[[[6.975714,50.938824],[6.975726,50.938817],[6.975784,50.938785],[6.97584,50.938754],[6.975819,50.938739],[6.975836,50.93873],[6.975815,50.938715],[6.975804,50.938714],[6.975747,50.938674],[6.975738,50.938679],[6.97562,50.938744],[6.975654,50.938767],[6.975642,50.938774],[6.975714,50.938824]]]},"properties":{"id":"DENW37AL100065KI","h":21.3,"min_z":45.3,"max_z":66.6}},{"type":"Feature","id":"DENW37AL100065N8","geometry":{"type":"Polygon","coordinates":[[[6.969839,50.938679],[6.969134,50.938699],[6.969148,50.938893],[6.96985,50.938873],[6.969839,50.938679]]]},"properties":{"id":"DENW37AL100065N8","h":17.7,"min_z":45.8,"max_z":63.4}},{"type":"Feature","id":"DENW37AL100065QB","geometry":{"type":"Polygon","coordinates":[[[6.974936,50.932571],[6.974999,50.932598],[6.975004,50.932595],[6.975095,50.932634],[6.975186,50.932553],[6.97514,50.932533],[6.975033,50.932485],[6.974936,50.932571]]]},"properties":{"id":"DENW37AL100065QB","h":23.6,"min_z":45.3,"max_z":68.9}},{"type":"Feature","id":"DENW37AL100066wt","geometry":{"type":"Polygon","coordinates":[[[6.978267,50.936442],[6.978263,50.936504],[6.978268,50.936504],[6.978267,50.936555],[6.978389,50.936559],[6.978398,50.936446],[6.978267,50.936442]]]},"properties":{"id":"DENW37AL100066wt","h":25.0,"min_z":45.7,"max_z":70.7}},{"type":"Feature","id":"DENW37AL100063Nn","geometry":{"type":"Polygon","coordinates":[[[6.974174,50.934704],[6.974176,50.93478],[6.974192,50.93478],[6.974298,50.934778],[6.974296,50.934703],[6.974174,50.934704]]]},"properties":{"id":"DENW37AL100063Nn","h":12.3,"min_z":46.8,"max_z":59.1}},{"type":"Feature","id":"DENW37AL100065ge","geometry":{"type":"Polygon","coordinates":[[[6.971258,50.933927],[6.971208,50.933927],[6.971181,50.933927],[6.971181,50.933941],[6.971181,50.933959],[6.97118,50.933964],[6.97118,50.933979],[6.971179,50.934012],[6.971285,50.934012],[6.971287,50.93398],[6.971288,50.933968],[6.971291,50.933928],[6.971258,50.933927]]]},"properties":{"id":"DENW37AL100065ge","h":16.3,"min_z":46.1,"max_z":62.4}},{"type":"Feature","id":"DENW37AL100063ri","geometry":{"type":"Polygon","coordinates":[[[6.975952,50.938623],[6.976001,50.938659],[6.976197,50.938556],[6.976196,50.938555],[6.976264,50.93852],[6.976208,50.938481],[6.976152,50.938442],[6.975903,50.938588],[6.975952,50.938623]]]},"properties":{"id":"DENW37AL100063ri","h":22.1,"min_z":45.1,"max_z":67.2}},{"type":"Feature","id":"DENW37AL100065QP","geometry":{"type":"Polygon","coordinates":[[[6.973158,50.929942],[6.973076,50.930029],[6.972974,50.930149],[6.973037,50.930171],[6.97311,50.930196],[6.973155,50.930212],[6.973335,50.930009],[6.973359,50.929982],[6.973335,50.929973],[6.973244,50.929938],[6.973183,50.929914],[6.97318,50.929918],[6.973158,50.929942]]]},"properties":{"id":"DENW37AL100065QP","h":19.4,"min_z":46.6,"max_z":66.0}},{"type":"Feature","id":"DENW37AL100063uC","geometry":{"type":"Polygon","coordinates":[[[6.978772,50.934403],[6.978702,50.934415],[6.978628,50.934429],[6.978642,50.934462],[6.978717,50.934449],[6.978787,50.934436],[6.978772,50.934403],[6.978772,50.934403]]]},"properties":{"id":"DENW37AL100063uC","h":19.9,"min_z":44.7,"max_z":64.6}},{"type":"Feature","id":"DENW37AL100074Gz","geometry":{"type":"Polygon","coordinates":[[[6.97724,50.934903],[6.977248,50.934937],[6.977269,50.934935],[6.977261,50.934901],[6.97724,50.934903]]]},"properties":{"id":"DENW37AL100074Gz","h":14.9,"min_z":46.1,"max_z":60.9}},{"type":"Feature","id":"DENW37AL100063t1","geometry":{"type":"Polygon","coordinates":[[[6.972031,50.933932],[6.97203,50.933951],[6.972029,50.933981],[6.972027,50.93403],[6.972143,50.934035],[6.972146,50.934034],[6.972149,50.933986],[6.972151,50.933937],[6.972089,50.933934],[6.972031,50.933932]]]},"properties":{"id":"DENW37AL100063t1","h":16.4,"min_z":46.4,"max_z":62.9}},{"type":"Feature","id":"DENW37AL1000654t","geometry":{"type":"Polygon","coordinates":[[[6.972594,50.934289],[6.972594,50.93436],[6.972679,50.934357],[6.972679,50.93429],[6.972619,50.934289],[6.972594,50.934289]]]},"properties":{"id":"DENW37AL1000654t","h":2.8,"min_z":46.5,"max_z":49.4}},{"type":"Feature","id":"DENW37AL100066yJ","geometry":{"type":"Polygon","coordinates":[[[6.974583,50.937518],[6.974793,50.937531],[6.974798,50.9375],[6.974805,50.937458],[6.974593,50.937446],[6.974583,50.937518]]]},"properties":{"id":"DENW37AL100066yJ","h":3.4,"min_z":45.1,"max_z":48.6}},{"type":"Feature","id":"DENW37AL1000665k","geometry":{"type":"Polygon","coordinates":[[[6.97466,50.934557],[6.974661,50.934564],[6.974668,50.934566],[6.974668,50.9346],[6.974793,50.934599],[6.974793,50.934538],[6.97466,50.934538],[6.97466,50.934557]]]},"properties":{"id":"DENW37AL1000665k","h":14.3,"min_z":46.6,"max_z":60.9}},{"type":"Feature","id":"DENW37AL1000651s","geometry":{"type":"Polygon","coordinates":[[[6.974486,50.936545],[6.974488,50.936608],[6.974577,50.93661],[6.974577,50.936604],[6.974611,50.936604],[6.974613,50.936558],[6.974627,50.936558],[6.974628,50.936547],[6.974603,50.936547],[6.974486,50.936545]]]},"properties":{"id":"DENW37AL1000651s","h":3.9,"min_z":45.0,"max_z":48.8}},{"type":"Feature","id":"DENW37AL100064kr","geometry":{"type":"Polygon","coordinates":[[[6.973013,50.935547],[6.973023,50.93558],[6.973088,50.935572],[6.973173,50.935561],[6.973163,50.93553],[6.973013,50.935547]]]},"properties":{"id":"DENW37AL100064kr","h":6.7,"min_z":45.9,"max_z":52.6}},{"type":"Feature","id":"DENW37AL1000642Z","geometry":{"type":"Polygon","coordinates":[[[6.978387,50.936793],[6.978381,50.93684],[6.978376,50.936892],[6.97856,50.9369],[6.978571,50.936798],[6.978572,50.936789],[6.978572,50.936789],[6.978523,50.936788],[6.978471,50.936787],[6.978384,50.936785],[6.978387,50.936793]]]},"properties":{"id":"DENW37AL1000642Z","h":22.3,"min_z":45.7,"max_z":68.0}},{"type":"Feature","id":"DENW37AL100063rz","geometry":{"type":"Polygon","coordinates":[[[6.975842,50.936677],[6.97584,50.936692],[6.975938,50.936698],[6.975938,50.936698],[6.975933,50.936709],[6.975979,50.936711],[6.975981,50.936701],[6.975977,50.936698],[6.975979,50.936694],[6.975981,50.936688],[6.975845,50.936661],[6.975842,50.936677]]]},"properties":{"id":"DENW37AL100063rz","h":4.0,"min_z":45.0,"max_z":49.0}},{"type":"Feature","id":"DENW37AL100063c0","geometry":{"type":"Polygon","coordinates":[[[6.975837,50.935675],[6.975976,50.935689],[6.976006,50.935577],[6.975987,50.935575],[6.975866,50.935562],[6.975837,50.935675]]]},"properties":{"id":"DENW37AL100063c0","h":21.8,"min_z":45.6,"max_z":67.4}},{"type":"Feature","id":"DENW37AL100065Qp","geometry":{"type":"Polygon","coordinates":[[[6.975303,50.93384],[6.975291,50.933837],[6.97525,50.933837],[6.975251,50.933886],[6.975293,50.933885],[6.975305,50.933885],[6.975304,50.933865],[6.975303,50.93384]]]},"properties":{"id":"DENW37AL100065Qp","h":2.4,"min_z":45.7,"max_z":48.1}},{"type":"Feature","id":"DENW37AL3s90007g","geometry":{"type":"Polygon","coordinates":[[[6.975066,50.936552],[6.975083,50.936554],[6.975173,50.936563],[6.975179,50.936543],[6.975159,50.93654],[6.975169,50.936498],[6.975081,50.93649],[6.975066,50.936552]]]},"properties":{"id":"DENW37AL3s90007g","h":3.2,"min_z":45.0,"max_z":48.1}},{"type":"Feature","id":"DENW37AL100065Iq","geometry":{"type":"Polygon","coordinates":[[[6.972708,50.937082],[6.972723,50.937157],[6.972724,50.937166],[6.972771,50.937162],[6.972754,50.937079],[6.972708,50.937082]]]},"properties":{"id":"DENW37AL100065Iq","h":6.3,"min_z":43.4,"max_z":49.6}},{"type":"Feature","id":"DENW37AL100064Yq","geometry":{"type":"Polygon","coordinates":[[[6.974454,50.935378],[6.97459,50.935376],[6.974589,50.935347],[6.974588,50.935322],[6.974532,50.935322],[6.974489,50.935321],[6.974453,50.935321],[6.974454,50.935378]]]},"properties":{"id":"DENW37AL100064Yq","h":14.9,"min_z":46.3,"max_z":61.1}},{"type":"Feature","id":"DENW37AL1000645k","geometry":{"type":"Polygon","coordinates":[[[6.971793,50.933547],[6.971862,50.933549],[6.971882,50.93355],[6.971887,50.933495],[6.971797,50.933492],[6.971793,50.933547]]]},"properties":{"id":"DENW37AL1000645k","h":27.9,"min_z":44.7,"max_z":72.6}},{"type":"Feature","id":"DENW37AL100066bg","geometry":{"type":"Polygon","coordinates":[[[6.97116,50.933368],[6.971082,50.933366],[6.971012,50.933364],[6.970992,50.933499],[6.971061,50.933503],[6.971141,50.933507],[6.971162,50.933368],[6.97116,50.933368]]]},"properties":{"id":"DENW37AL100066bg","h":15.9,"min_z":45.8,"max_z":61.8}},{"type":"Feature","id":"DENW37AL1000667v","geometry":{"type":"Polygon","coordinates":[[[6.974101,50.938085],[6.974098,50.938096],[6.974094,50.938135],[6.97409,50.938182],[6.974175,50.938186],[6.97418,50.93814],[6.974184,50.938096],[6.974185,50.938091],[6.974101,50.938085]]]},"properties":{"id":"DENW37AL1000667v","h":14.7,"min_z":45.1,"max_z":59.8}},{"type":"Feature","id":"DENW37AL100066i4","geometry":{"type":"Polygon","coordinates":[[[6.973806,50.933426],[6.973765,50.933521],[6.97376,50.933531],[6.973809,50.933541],[6.973856,50.93344],[6.973806,50.933426]]]},"properties":{"id":"DENW37AL100066i4","h":17.2,"min_z":44.6,"max_z":61.8}},{"type":"Feature","id":"DENW37AL100063lG","geometry":{"type":"Polygon","coordinates":[[[6.973463,50.933472],[6.973437,50.933526],[6.973565,50.933549],[6.973578,50.933521],[6.97359,50.933494],[6.973463,50.933472]]]},"properties":{"id":"DENW37AL100063lG","h":16.7,"min_z":44.7,"max_z":61.4}},{"type":"Feature","id":"DENW37AL100065Ld","geometry":{"type":"Polygon","coordinates":[[[6.975301,50.931035],[6.975381,50.931033],[6.975385,50.931031],[6.975389,50.931027],[6.975391,50.931024],[6.975391,50.93102],[6.975391,50.931016],[6.975389,50.931013],[6.975386,50.93101],[6.975382,50.931007],[6.975346,50.930992],[6.975301,50.931035]]]},"properties":{"id":"DENW37AL100065Ld","h":15.8,"min_z":46.7,"max_z":62.5}},{"type":"Feature","id":"DENW37AL100064mg","geometry":{"type":"Polygon","coordinates":[[[6.975583,50.937311],[6.97558,50.937334],[6.975595,50.937335],[6.975594,50.937341],[6.975599,50.937344],[6.97572,50.93735],[6.975721,50.937347],[6.975741,50.937348],[6.975745,50.937319],[6.975696,50.937317],[6.975583,50.937311]]]},"properties":{"id":"DENW37AL100064mg","h":12.5,"min_z":45.0,"max_z":57.4}},{"type":"Feature","id":"DENW37AL100063qR","geometry":{"type":"Polygon","coordinates":[[[6.974075,50.938266],[6.974057,50.938265],[6.973953,50.938259],[6.973946,50.938313],[6.973938,50.938369],[6.974042,50.938374],[6.974142,50.93838],[6.97415,50.938324],[6.974157,50.93827],[6.974088,50.938267],[6.974075,50.938266]]]},"properties":{"id":"DENW37AL100063qR","h":15.7,"min_z":45.1,"max_z":60.9}},{"type":"Feature","id":"DENW37AL100065OS","geometry":{"type":"Polygon","coordinates":[[[6.973514,50.934879],[6.973532,50.934939],[6.973645,50.934924],[6.97362,50.934867],[6.973619,50.934865],[6.973514,50.934879]]]},"properties":{"id":"DENW37AL100065OS","h":3.5,"min_z":46.7,"max_z":50.2}},{"type":"Feature","id":"DENW37AL100065gV","geometry":{"type":"Polygon","coordinates":[[[6.970941,50.934598],[6.970941,50.934603],[6.970941,50.934607],[6.970953,50.934766],[6.970959,50.934766],[6.971079,50.934761],[6.971111,50.934754],[6.971093,50.934596],[6.970941,50.934598]]]},"properties":{"id":"DENW37AL100065gV","h":15.2,"min_z":46.5,"max_z":61.7}},{"type":"Feature","id":"DENW37AL100064Hs","geometry":{"type":"Polygon","coordinates":[[[6.971708,50.933138],[6.971653,50.933114],[6.971631,50.933135],[6.971581,50.933181],[6.971556,50.933171],[6.971564,50.933203],[6.971578,50.933202],[6.9716,50.933267],[6.971625,50.933267],[6.971618,50.933348],[6.971707,50.933351],[6.971708,50.93333],[6.971715,50.933239],[6.971765,50.933193],[6.971686,50.933159],[6.971708,50.933138]]]},"properties":{"id":"DENW37AL100064Hs","h":9.2,"min_z":44.8,"max_z":54.0}},{"type":"Feature","id":"DENW37AL100066Ez","geometry":{"type":"Polygon","coordinates":[[[6.975156,50.934954],[6.97515,50.935024],[6.975203,50.935026],[6.975209,50.934956],[6.975156,50.934954]]]},"properties":{"id":"DENW37AL100066Ez","h":3.3,"min_z":46.0,"max_z":49.3}},{"type":"Feature","id":"DENW37AL100064kd","geometry":{"type":"Polygon","coordinates":[[[6.97315,50.933563],[6.973165,50.933565],[6.973176,50.933542],[6.973162,50.933539],[6.97315,50.933563]]]},"properties":{"id":"DENW37AL100064kd","h":15.2,"min_z":46.2,"max_z":61.4}},{"type":"Feature","id":"DENW37AL100063x3","geometry":{"type":"Polygon","coordinates":[[[6.971899,50.933948],[6.971939,50.933949],[6.971941,50.933904],[6.971902,50.933904],[6.971899,50.933948]]]},"properties":{"id":"DENW37AL100063x3","h":11.0,"min_z":46.5,"max_z":57.5}},{"type":"Feature","id":"DENW37AL100063Tl","geometry":{"type":"Polygon","coordinates":[[[6.972592,50.933783],[6.972601,50.933663],[6.972594,50.933662],[6.9726,50.933595],[6.97254,50.933593],[6.972541,50.933569],[6.972451,50.933566],[6.972442,50.933566],[6.972437,50.933623],[6.972443,50.933628],[6.972394,50.933656],[6.972404,50.933662],[6.972454,50.933696],[6.972467,50.933689],[6.972514,50.933721],[6.972525,50.933722],[6.972522,50.933781],[6.972552,50.933782],[6.972592,50.933783]]]},"properties":{"id":"DENW37AL100063Tl","h":10.5,"min_z":46.2,"max_z":56.7}},{"type":"Feature","id":"DENW37AL100066xa","geometry":{"type":"Polygon","coordinates":[[[6.974846,50.933178],[6.974842,50.933184],[6.974941,50.933213],[6.974977,50.933165],[6.975007,50.933123],[6.974742,50.933039],[6.974683,50.93313],[6.974752,50.93315],[6.97481,50.933167],[6.974818,50.933169],[6.974846,50.933178]]]},"properties":{"id":"DENW37AL100066xa","h":21.9,"min_z":45.9,"max_z":67.8}},{"type":"Feature","id":"DENW37AL100066SZ","geometry":{"type":"Polygon","coordinates":[[[6.972913,50.933577],[6.972884,50.933551],[6.97283,50.933503],[6.972719,50.933564],[6.972764,50.933604],[6.972784,50.933623],[6.972913,50.933577]]]},"properties":{"id":"DENW37AL100066SZ","h":13.3,"min_z":46.1,"max_z":59.4}},{"type":"Feature","id":"DENW37AL100064Rc","geometry":{"type":"Polygon","coordinates":[[[6.976447,50.935107],[6.97641,50.935104],[6.976397,50.935165],[6.976385,50.935219],[6.976553,50.935235],[6.976565,50.93518],[6.976576,50.935133],[6.976444,50.935121],[6.976447,50.935107]]]},"properties":{"id":"DENW37AL100064Rc","h":24.3,"min_z":45.2,"max_z":69.5}},{"type":"Feature","id":"DENW37AL100065BU","geometry":{"type":"Polygon","coordinates":[[[6.974733,50.935727],[6.974731,50.935771],[6.97478,50.935772],[6.97478,50.935781],[6.974814,50.935782],[6.974815,50.935773],[6.974856,50.935774],[6.974867,50.935732],[6.974878,50.935692],[6.974735,50.935685],[6.974733,50.935727]]]},"properties":{"id":"DENW37AL100065BU","h":15.9,"min_z":45.6,"max_z":61.5}},{"type":"Feature","id":"DENW37AL100066o4","geometry":{"type":"Polygon","coordinates":[[[6.975447,50.934766],[6.975447,50.9348],[6.975447,50.934832],[6.97551,50.934839],[6.975527,50.934772],[6.975447,50.934766]]]},"properties":{"id":"DENW37AL100066o4","h":2.8,"min_z":46.1,"max_z":48.9}},{"type":"Feature","id":"DENW37AL100064hZ","geometry":{"type":"Polygon","coordinates":[[[6.971213,50.932497],[6.971226,50.932514],[6.971344,50.932538],[6.971423,50.932377],[6.971411,50.932375],[6.97141,50.932377],[6.971402,50.932375],[6.971287,50.932352],[6.971213,50.932497]]]},"properties":{"id":"DENW37AL100064hZ","h":17.8,"min_z":45.5,"max_z":63.3}},{"type":"Feature","id":"DENW37AL100066xz","geometry":{"type":"Polygon","coordinates":[[[6.974165,50.938311],[6.974159,50.938356],[6.974194,50.938357],[6.97424,50.938359],[6.97424,50.938357],[6.974245,50.938315],[6.97425,50.938275],[6.97417,50.938271],[6.974165,50.938311]]]},"properties":{"id":"DENW37AL100066xz","h":14.6,"min_z":45.1,"max_z":59.7}},{"type":"Feature","id":"DENW37AL100063XC","geometry":{"type":"Polygon","coordinates":[[[6.977051,50.930335],[6.97689,50.930299],[6.976831,50.930401],[6.976811,50.930433],[6.976954,50.930466],[6.976975,50.930471],[6.977032,50.930369],[6.977051,50.930335]]]},"properties":{"id":"DENW37AL100063XC","h":12.8,"min_z":46.5,"max_z":59.3}},{"type":"Feature","id":"DENW37AL100063xf","geometry":{"type":"Polygon","coordinates":[[[6.972548,50.934289],[6.972594,50.934289],[6.972619,50.934289],[6.97262,50.934252],[6.972659,50.934253],[6.972751,50.934253],[6.972745,50.934235],[6.972631,50.934234],[6.97262,50.934234],[6.97255,50.934233],[6.972548,50.934289]]]},"properties":{"id":"DENW37AL100063xf","h":4.3,"min_z":46.5,"max_z":50.8}},{"type":"Feature","id":"DENW37AL100064dn","geometry":{"type":"Polygon","coordinates":[[[6.971523,50.934326],[6.971523,50.934353],[6.971605,50.934353],[6.971605,50.934326],[6.971605,50.934326],[6.97158,50.934326],[6.971523,50.934326]]]},"properties":{"id":"DENW37AL100064dn","h":3.1,"min_z":46.5,"max_z":49.7}},{"type":"Feature","id":"DENW37AL100064mk","geometry":{"type":"Polygon","coordinates":[[[6.976211,50.936718],[6.976185,50.936716],[6.976179,50.936716],[6.976178,50.936723],[6.976171,50.936766],[6.976164,50.936811],[6.976262,50.936818],[6.976269,50.936773],[6.976275,50.93673],[6.976209,50.936726],[6.976211,50.936718]]]},"properties":{"id":"DENW37AL100064mk","h":18.8,"min_z":44.5,"max_z":63.3}},{"type":"Feature","id":"DENW37AL100065ZS","geometry":{"type":"Polygon","coordinates":[[[6.975508,50.936217],[6.975629,50.936231],[6.97565,50.936233],[6.975675,50.936129],[6.975655,50.936113],[6.975537,50.936104],[6.975508,50.936217]]]},"properties":{"id":"DENW37AL100065ZS","h":16.3,"min_z":45.1,"max_z":61.4}},{"type":"Feature","id":"DENW37AL100063Qj","geometry":{"type":"Polygon","coordinates":[[[6.973218,50.933458],[6.973207,50.933481],[6.973192,50.933512],[6.97332,50.933537],[6.973346,50.933483],[6.973292,50.933472],[6.973218,50.933458]]]},"properties":{"id":"DENW37AL100063Qj","h":13.4,"min_z":46.1,"max_z":59.5}},{"type":"Feature","id":"DENW37AL100064nl","geometry":{"type":"Polygon","coordinates":[[[6.973016,50.933284],[6.973152,50.93331],[6.973172,50.933267],[6.97318,50.933253],[6.973045,50.933226],[6.973016,50.933284]]]},"properties":{"id":"DENW37AL100064nl","h":2.7,"min_z":45.9,"max_z":48.6}},{"type":"Feature","id":"DENW37AL100063gt","geometry":{"type":"Polygon","coordinates":[[[6.973108,50.933868],[6.973079,50.933863],[6.973056,50.93391],[6.973063,50.933935],[6.97313,50.933926],[6.973154,50.933878],[6.97315,50.933877],[6.973108,50.933868]]]},"properties":{"id":"DENW37AL100063gt","h":2.6,"min_z":46.6,"max_z":49.1}},{"type":"Feature","id":"DENW37AL100063Zn","geometry":{"type":"Polygon","coordinates":[[[6.976533,50.933461],[6.976933,50.934011],[6.977115,50.933958],[6.976714,50.933409],[6.97663,50.933433],[6.9766,50.933442],[6.976533,50.933461]]]},"properties":{"id":"DENW37AL100063Zn","h":16.8,"min_z":46.0,"max_z":62.8}},{"type":"Feature","id":"DENW37AL100063aZ","geometry":{"type":"Polygon","coordinates":[[[6.974612,50.934817],[6.974613,50.934856],[6.974666,50.934856],[6.974665,50.934816],[6.974612,50.934817]]]},"properties":{"id":"DENW37AL100063aZ","h":2.6,"min_z":46.5,"max_z":49.1}},{"type":"Feature","id":"DENW37AL1000649f","geometry":{"type":"Polygon","coordinates":[[[6.972629,50.936107],[6.97263,50.936172],[6.972702,50.936172],[6.972735,50.936172],[6.972734,50.936107],[6.97267,50.936107],[6.972629,50.936107]]]},"properties":{"id":"DENW37AL1000649f","h":3.7,"min_z":45.5,"max_z":49.3}},{"type":"Feature","id":"DENW37AL100064el","geometry":{"type":"Polygon","coordinates":[[[6.975355,50.934252],[6.975356,50.934173],[6.975271,50.934173],[6.975271,50.934203],[6.975271,50.934252],[6.975355,50.934252]]]},"properties":{"id":"DENW37AL100064el","h":17.4,"min_z":46.3,"max_z":63.7}},{"type":"Feature","id":"DENW37AL100065nd","geometry":{"type":"Polygon","coordinates":[[[6.9769,50.936562],[6.976905,50.936531],[6.976923,50.936532],[6.976929,50.936495],[6.976856,50.93649],[6.976822,50.936488],[6.976814,50.936538],[6.976828,50.936539],[6.976825,50.936558],[6.9769,50.936562]]]},"properties":{"id":"DENW37AL100065nd","h":16.6,"min_z":45.6,"max_z":62.2}},{"type":"Feature","id":"DENW37AL100063NR","geometry":{"type":"Polygon","coordinates":[[[6.97742,50.939032],[6.977392,50.938941],[6.977314,50.938952],[6.977314,50.938953],[6.9773,50.938955],[6.977332,50.939045],[6.97742,50.939032]]]},"properties":{"id":"DENW37AL100063NR","h":19.8,"min_z":45.5,"max_z":65.2}},{"type":"Feature","id":"DENW37AL100066GQ","geometry":{"type":"Polygon","coordinates":[[[6.972454,50.938701],[6.972458,50.938751],[6.97255,50.938749],[6.972546,50.938699],[6.972454,50.938701]]]},"properties":{"id":"DENW37AL100066GQ","h":3.3,"min_z":45.3,"max_z":48.6}},{"type":"Feature","id":"DENW37AL100065Tk","geometry":{"type":"Polygon","coordinates":[[[6.972507,50.937774],[6.972647,50.937765],[6.972634,50.937674],[6.972493,50.937683],[6.972507,50.937774]]]},"properties":{"id":"DENW37AL100065Tk","h":16.2,"min_z":45.2,"max_z":61.3}},{"type":"Feature","id":"DENW37AL100064K1","geometry":{"type":"Polygon","coordinates":[[[6.972563,50.93513],[6.972565,50.935141],[6.972788,50.935124],[6.972781,50.935082],[6.972676,50.935094],[6.972558,50.935108],[6.972563,50.93513]]]},"properties":{"id":"DENW37AL100064K1","h":14.1,"min_z":46.0,"max_z":60.1}},{"type":"Feature","id":"DENW37AL100064ey","geometry":{"type":"Polygon","coordinates":[[[6.975447,50.934739],[6.975447,50.934766],[6.975527,50.934772],[6.975557,50.934774],[6.975568,50.934738],[6.975447,50.934739]]]},"properties":{"id":"DENW37AL100064ey","h":6.6,"min_z":46.0,"max_z":52.6}},{"type":"Feature","id":"DENW37AL1000658e","geometry":{"type":"Polygon","coordinates":[[[6.975962,50.935961],[6.976126,50.935972],[6.976142,50.935876],[6.975979,50.935864],[6.975977,50.935876],[6.975962,50.935961]]]},"properties":{"id":"DENW37AL1000658e","h":22.3,"min_z":45.6,"max_z":67.9}},{"type":"Feature","id":"DENW37AL1000670j","geometry":{"type":"Polygon","coordinates":[[[6.97774,50.933433],[6.977911,50.93338],[6.977835,50.93328],[6.977662,50.933333],[6.97774,50.933433]]]},"properties":{"id":"DENW37AL1000670j","h":19.1,"min_z":46.0,"max_z":65.0}},{"type":"Feature","id":"DENW37AL1000651P","geometry":{"type":"Polygon","coordinates":[[[6.977957,50.934509],[6.978027,50.934501],[6.977999,50.934404],[6.97793,50.934406],[6.977957,50.934509]]]},"properties":{"id":"DENW37AL1000651P","h":3.5,"min_z":46.0,"max_z":49.5}},{"type":"Feature","id":"DENW37AL1000666n","geometry":{"type":"Polygon","coordinates":[[[6.978614,50.931882],[6.978629,50.931875],[6.97854,50.931804],[6.978526,50.931811],[6.978614,50.931882]]]},"properties":{"id":"DENW37AL1000666n","h":13.8,"min_z":45.7,"max_z":59.5}},{"type":"Feature","id":"DENW37AL100064j4","geometry":{"type":"Polygon","coordinates":[[[6.974469,50.935893],[6.974615,50.935893],[6.974621,50.935893],[6.974631,50.935893],[6.974629,50.935845],[6.974629,50.935845],[6.974629,50.935845],[6.974628,50.935824],[6.974621,50.935824],[6.974578,50.935825],[6.974536,50.935825],[6.974467,50.935826],[6.974469,50.935893]]]},"properties":{"id":"DENW37AL100064j4","h":17.7,"min_z":45.8,"max_z":63.5}},{"type":"Feature","id":"DENW37AL100064zK","geometry":{"type":"Polygon","coordinates":[[[6.975228,50.935848],[6.975268,50.935854],[6.975286,50.935805],[6.975246,50.935801],[6.975228,50.935848]]]},"properties":{"id":"DENW37AL100064zK","h":14.7,"min_z":45.5,"max_z":60.2}},{"type":"Feature","id":"DENW37AL100063a1","geometry":{"type":"Polygon","coordinates":[[[6.972558,50.932272],[6.972623,50.932285],[6.97259,50.932226],[6.972539,50.932237],[6.972558,50.932272]]]},"properties":{"id":"DENW37AL100063a1","h":8.2,"min_z":46.1,"max_z":54.4}},{"type":"Feature","id":"DENW37AL100064xa","geometry":{"type":"Polygon","coordinates":[[[6.972328,50.934707],[6.972436,50.934669],[6.972385,50.934588],[6.972262,50.934629],[6.972328,50.934707]]]},"properties":{"id":"DENW37AL100064xa","h":14.5,"min_z":46.5,"max_z":61.0}},{"type":"Feature","id":"DENW37AL100066Bn","geometry":{"type":"Polygon","coordinates":[[[6.979132,50.932267],[6.979008,50.932315],[6.979049,50.932356],[6.979096,50.932404],[6.979145,50.932454],[6.979267,50.932407],[6.979132,50.932267]]]},"properties":{"id":"DENW37AL100066Bn","h":19.2,"min_z":45.4,"max_z":64.7}},{"type":"Feature","id":"DENW37AL100064Z1","geometry":{"type":"Polygon","coordinates":[[[6.975784,50.935818],[6.975927,50.935832],[6.975943,50.935764],[6.97595,50.935764],[6.975958,50.935759],[6.975976,50.935689],[6.975837,50.935675],[6.975826,50.93572],[6.975811,50.935719],[6.975784,50.935818]]]},"properties":{"id":"DENW37AL100064Z1","h":21.8,"min_z":45.6,"max_z":67.4}},{"type":"Feature","id":"DENW37AL100066l0","geometry":{"type":"Polygon","coordinates":[[[6.974137,50.936552],[6.974134,50.936604],[6.974198,50.936605],[6.9742,50.936582],[6.974202,50.936554],[6.974137,50.936552]]]},"properties":{"id":"DENW37AL100066l0","h":18.4,"min_z":44.8,"max_z":63.2}},{"type":"Feature","id":"DENW37AL100064Qs","geometry":{"type":"Polygon","coordinates":[[[6.974657,50.936608],[6.974882,50.936623],[6.974882,50.936618],[6.974907,50.936544],[6.974908,50.936542],[6.974783,50.936537],[6.974668,50.936533],[6.974665,50.936548],[6.974657,50.936605],[6.974657,50.936608]]]},"properties":{"id":"DENW37AL100064Qs","h":4.0,"min_z":44.9,"max_z":48.9}},{"type":"Feature","id":"DENW37AL1000657G","geometry":{"type":"Polygon","coordinates":[[[6.977979,50.935399],[6.97798,50.935405],[6.977988,50.935466],[6.977999,50.935542],[6.97815,50.935534],[6.978143,50.935481],[6.978246,50.935475],[6.978234,50.935388],[6.977979,50.935399]]]},"properties":{"id":"DENW37AL1000657G","h":21.4,"min_z":45.8,"max_z":67.2}},{"type":"Feature","id":"DENW37AL100065Nf","geometry":{"type":"Polygon","coordinates":[[[6.975377,50.935872],[6.975503,50.935883],[6.975517,50.935829],[6.975391,50.93582],[6.975384,50.935845],[6.975377,50.935872]]]},"properties":{"id":"DENW37AL100065Nf","h":15.4,"min_z":45.2,"max_z":60.6}},{"type":"Feature","id":"DENW37AL100063nV","geometry":{"type":"Polygon","coordinates":[[[6.978021,50.934636],[6.978014,50.934637],[6.977999,50.934639],[6.977972,50.934535],[6.977965,50.934536],[6.977957,50.934509],[6.977872,50.934518],[6.977787,50.934527],[6.977831,50.934691],[6.97792,50.934681],[6.977998,50.934673],[6.97803,50.93467],[6.978021,50.934636]]]},"properties":{"id":"DENW37AL100063nV","h":20.5,"min_z":46.0,"max_z":66.5}},{"type":"Feature","id":"DENW37ALZu0000Fj","geometry":{"type":"Polygon","coordinates":[[[6.978256,50.935824],[6.978039,50.935836],[6.978045,50.935875],[6.97847,50.935852],[6.978464,50.935812],[6.978383,50.935817],[6.978256,50.935824]]]},"properties":{"id":"DENW37ALZu0000Fj","h":3.9,"min_z":46.0,"max_z":49.8}},{"type":"Feature","id":"DENW37AL100065fV","geometry":{"type":"Polygon","coordinates":[[[6.974202,50.934185],[6.97416,50.934186],[6.97416,50.934199],[6.974152,50.934199],[6.974152,50.934214],[6.974121,50.934214],[6.974121,50.934248],[6.974204,50.934247],[6.974285,50.934247],[6.974284,50.934185],[6.974202,50.934185]]]},"properties":{"id":"DENW37AL100065fV","h":13.8,"min_z":46.9,"max_z":60.6}},{"type":"Feature","id":"DENW37AL100064jZ","geometry":{"type":"Polygon","coordinates":[[[6.973145,50.935453],[6.973154,50.935488],[6.97316,50.935508],[6.973292,50.935494],[6.973275,50.93544],[6.973145,50.935453]]]},"properties":{"id":"DENW37AL100064jZ","h":16.6,"min_z":46.0,"max_z":62.6}},{"type":"Feature","id":"DENW37AL100063xx","geometry":{"type":"Polygon","coordinates":[[[6.976388,50.938407],[6.976333,50.938478],[6.976347,50.938486],[6.97635,50.938499],[6.976339,50.9385],[6.976347,50.938528],[6.976352,50.938526],[6.976419,50.938518],[6.976491,50.93851],[6.976438,50.938344],[6.976388,50.938407]]]},"properties":{"id":"DENW37AL100063xx","h":24.0,"min_z":45.1,"max_z":69.1}},{"type":"Feature","id":"DENW37AL100063D6","geometry":{"type":"Polygon","coordinates":[[[6.973693,50.938447],[6.973689,50.938456],[6.973712,50.93846],[6.973715,50.93845],[6.973693,50.938447]]]},"properties":{"id":"DENW37AL100063D6","h":8.4,"min_z":44.6,"max_z":52.9}},{"type":"Feature","id":"DENW37AL100064rW","geometry":{"type":"Polygon","coordinates":[[[6.977562,50.93392],[6.97771,50.93389],[6.9777,50.933871],[6.9777,50.933871],[6.977656,50.933783],[6.977507,50.933813],[6.977562,50.93392]]]},"properties":{"id":"DENW37AL100064rW","h":21.2,"min_z":46.3,"max_z":67.4}},{"type":"Feature","id":"DENW37AL100064jV","geometry":{"type":"Polygon","coordinates":[[[6.976013,50.930377],[6.976032,50.930386],[6.976137,50.930299],[6.976118,50.930289],[6.976013,50.930377]]]},"properties":{"id":"DENW37AL100064jV","h":17.8,"min_z":45.6,"max_z":63.4}},{"type":"Feature","id":"DENW37AL100063hz","geometry":{"type":"Polygon","coordinates":[[[6.976905,50.937214],[6.976927,50.937344],[6.976937,50.937343],[6.97711,50.937332],[6.977104,50.937293],[6.977118,50.937292],[6.977109,50.93724],[6.977095,50.937241],[6.977088,50.937201],[6.977046,50.937204],[6.977032,50.937205],[6.976905,50.937214]]]},"properties":{"id":"DENW37AL100063hz","h":23.2,"min_z":44.6,"max_z":67.8}},{"type":"Feature","id":"DENW37AL1000675P","geometry":{"type":"Polygon","coordinates":[[[6.972826,50.937203],[6.972787,50.937205],[6.972802,50.937297],[6.972839,50.937294],[6.972826,50.937203]]]},"properties":{"id":"DENW37AL1000675P","h":8.2,"min_z":43.4,"max_z":51.6}},{"type":"Feature","id":"DENW37AL100064HE","geometry":{"type":"Polygon","coordinates":[[[6.973079,50.93533],[6.973099,50.935398],[6.973257,50.935385],[6.973235,50.935318],[6.973079,50.93533]]]},"properties":{"id":"DENW37AL100064HE","h":17.7,"min_z":46.2,"max_z":63.9}},{"type":"Feature","id":"DENW37AL100065ud","geometry":{"type":"Polygon","coordinates":[[[6.975983,50.932963],[6.976016,50.932998],[6.976055,50.932983],[6.97607,50.933],[6.976082,50.932995],[6.976111,50.933026],[6.976136,50.933016],[6.976258,50.93297],[6.976133,50.932839],[6.975987,50.932895],[6.976018,50.932927],[6.976005,50.932931],[6.976021,50.932949],[6.975983,50.932963]]]},"properties":{"id":"DENW37AL100065ud","h":20.5,"min_z":45.9,"max_z":66.4}},{"type":"Feature","id":"DENW37AL100063gW","geometry":{"type":"Polygon","coordinates":[[[6.976467,50.935847],[6.976458,50.93589],[6.976456,50.935898],[6.976446,50.935941],[6.976448,50.935937],[6.976547,50.935944],[6.976556,50.935897],[6.976564,50.935854],[6.976468,50.935847],[6.976467,50.935847]]]},"properties":{"id":"DENW37AL100063gW","h":20.7,"min_z":45.3,"max_z":66.0}},{"type":"Feature","id":"DENW37AL100063rH","geometry":{"type":"Polygon","coordinates":[[[6.974214,50.936401],[6.974344,50.936401],[6.974338,50.936177],[6.974238,50.936179],[6.974212,50.93618],[6.974214,50.936401]]]},"properties":{"id":"DENW37AL100063rH","h":15.6,"min_z":45.1,"max_z":60.7}},{"type":"Feature","id":"DENW37AL100063UE","geometry":{"type":"Polygon","coordinates":[[[6.971558,50.932745],[6.971581,50.932749],[6.971586,50.932738],[6.97164,50.932748],[6.971655,50.932716],[6.971674,50.932674],[6.97159,50.932658],[6.971569,50.9327],[6.971552,50.932735],[6.971551,50.932736],[6.971558,50.932745]]]},"properties":{"id":"DENW37AL100063UE","h":14.8,"min_z":45.7,"max_z":60.5}},{"type":"Feature","id":"DENW37AL100066OX","geometry":{"type":"Polygon","coordinates":[[[6.97126,50.932722],[6.971352,50.93274],[6.971368,50.932708],[6.971324,50.9327],[6.97126,50.932722]]]},"properties":{"id":"DENW37AL100066OX","h":14.5,"min_z":45.5,"max_z":60.0}},{"type":"Feature","id":"DENW37AL100065IJ","geometry":{"type":"Polygon","coordinates":[[[6.973137,50.937918],[6.973114,50.937839],[6.97311,50.937828],[6.972909,50.937851],[6.972922,50.937929],[6.972925,50.937944],[6.973137,50.937918]]]},"properties":{"id":"DENW37AL100065IJ","h":16.1,"min_z":45.4,"max_z":61.4}},{"type":"Feature","id":"DENW37AL100065bu","geometry":{"type":"Polygon","coordinates":[[[6.972335,50.936949],[6.972361,50.937056],[6.97246,50.937046],[6.972611,50.93703],[6.97261,50.937026],[6.972588,50.936924],[6.972335,50.936949]]]},"properties":{"id":"DENW37AL100065bu","h":18.8,"min_z":44.1,"max_z":62.8}},{"type":"Feature","id":"DENW37AL100066CC","geometry":{"type":"Polygon","coordinates":[[[6.972319,50.937239],[6.972333,50.937326],[6.972432,50.93732],[6.972409,50.937233],[6.972319,50.937239]]]},"properties":{"id":"DENW37AL100066CC","h":6.5,"min_z":44.6,"max_z":51.1}},{"type":"Feature","id":"DENW37AL100064FF","geometry":{"type":"Polygon","coordinates":[[[6.971321,50.933928],[6.971367,50.933928],[6.971367,50.933928],[6.971368,50.933918],[6.971321,50.933917],[6.971321,50.933928]]]},"properties":{"id":"DENW37AL100064FF","h":16.3,"min_z":46.2,"max_z":62.5}},{"type":"Feature","id":"DENW37AL100064p3","geometry":{"type":"Polygon","coordinates":[[[6.975515,50.935166],[6.975558,50.935168],[6.975568,50.935134],[6.975519,50.935129],[6.975515,50.935166]]]},"properties":{"id":"DENW37AL100064p3","h":15.0,"min_z":45.4,"max_z":60.4}},{"type":"Feature","id":"DENW37AL100065yE","geometry":{"type":"Polygon","coordinates":[[[6.971497,50.933041],[6.971425,50.933109],[6.971508,50.933143],[6.971552,50.933101],[6.971579,50.933076],[6.971497,50.933041]]]},"properties":{"id":"DENW37AL100065yE","h":2.9,"min_z":45.6,"max_z":48.5}},{"type":"Feature","id":"DENW37AL1000671Y","geometry":{"type":"Polygon","coordinates":[[[6.973462,50.936127],[6.97359,50.936129],[6.973594,50.936076],[6.973597,50.936041],[6.973467,50.936044],[6.973462,50.936127]]]},"properties":{"id":"DENW37AL1000671Y","h":18.0,"min_z":45.3,"max_z":63.3}},{"type":"Feature","id":"DENW37AL100064PN","geometry":{"type":"Polygon","coordinates":[[[6.97523,50.93295],[6.975226,50.932956],[6.975463,50.93303],[6.975467,50.933025],[6.97523,50.93295]]]},"properties":{"id":"DENW37AL100064PN","h":21.7,"min_z":45.9,"max_z":67.6}},{"type":"Feature","id":"DENW37AL100065Co","geometry":{"type":"Polygon","coordinates":[[[6.975432,50.93543],[6.975437,50.935394],[6.97539,50.935393],[6.975387,50.935426],[6.975432,50.93543]]]},"properties":{"id":"DENW37AL100065Co","h":4.5,"min_z":45.8,"max_z":50.3}},{"type":"Feature","id":"DENW37AL3qf0005H","geometry":{"type":"Polygon","coordinates":[[[6.973581,50.938017],[6.973635,50.937964],[6.973388,50.937963],[6.973359,50.938004],[6.973581,50.938017]]]},"properties":{"id":"DENW37AL3qf0005H","h":3.8,"min_z":45.3,"max_z":49.1}},{"type":"Feature","id":"DENW37AL100063N4","geometry":{"type":"Polygon","coordinates":[[[6.973626,50.936708],[6.973626,50.936702],[6.973628,50.936672],[6.973632,50.936605],[6.973629,50.936605],[6.973548,50.936604],[6.973547,50.936613],[6.973545,50.936632],[6.973539,50.936707],[6.973626,50.936708]]]},"properties":{"id":"DENW37AL100063N4","h":16.2,"min_z":45.1,"max_z":61.3}},{"type":"Feature","id":"DENW37AL100074XD","geometry":{"type":"Polygon","coordinates":[[[6.975566,50.930806],[6.975584,50.930814],[6.975618,50.930785],[6.975599,50.930777],[6.975566,50.930806]]]},"properties":{"id":"DENW37AL100074XD","h":15.6,"min_z":46.6,"max_z":62.2}},{"type":"Feature","id":"DENW37AL100065Qw","geometry":{"type":"Polygon","coordinates":[[[6.976901,50.937031],[6.97689,50.937124],[6.976905,50.937214],[6.977032,50.937205],[6.97703,50.937196],[6.977018,50.937128],[6.97711,50.937133],[6.977127,50.937134],[6.977139,50.937044],[6.976901,50.937031]]]},"properties":{"id":"DENW37AL100065Qw","h":23.5,"min_z":44.7,"max_z":68.2}},{"type":"Feature","id":"DENW37AL100065pT","geometry":{"type":"Polygon","coordinates":[[[6.974173,50.934827],[6.974174,50.934835],[6.974193,50.934841],[6.974192,50.934822],[6.974173,50.934827]]]},"properties":{"id":"DENW37AL100065pT","h":15.8,"min_z":46.6,"max_z":62.4}},{"type":"Feature","id":"DENW37AL100066rE","geometry":{"type":"Polygon","coordinates":[[[6.977322,50.937158],[6.977321,50.937167],[6.977454,50.937175],[6.977456,50.937165],[6.977322,50.937158]]]},"properties":{"id":"DENW37AL100066rE","h":25.2,"min_z":45.5,"max_z":70.7}},{"type":"Feature","id":"DENW37AL100063ZO","geometry":{"type":"Polygon","coordinates":[[[6.974908,50.938026],[6.974982,50.938031],[6.974988,50.937989],[6.97491,50.937985],[6.974904,50.938026],[6.974908,50.938026]]]},"properties":{"id":"DENW37AL100063ZO","h":6.4,"min_z":44.6,"max_z":51.0}},{"type":"Feature","id":"DENW37AL100065JR","geometry":{"type":"Polygon","coordinates":[[[6.970987,50.935102],[6.971002,50.935198],[6.971173,50.935189],[6.971224,50.935187],[6.971208,50.935082],[6.971189,50.935083],[6.970987,50.935102]]]},"properties":{"id":"DENW37AL100065JR","h":16.1,"min_z":45.3,"max_z":61.3}},{"type":"Feature","id":"DENW37AL100065qs","geometry":{"type":"Polygon","coordinates":[[[6.972925,50.934791],[6.97293,50.934805],[6.972944,50.934847],[6.973076,50.934829],[6.973058,50.934773],[6.972925,50.934791]]]},"properties":{"id":"DENW37AL100065qs","h":17.4,"min_z":46.6,"max_z":64.0}},{"type":"Feature","id":"DENW37AL100066R1","geometry":{"type":"Polygon","coordinates":[[[6.975401,50.934265],[6.975401,50.934298],[6.975448,50.934298],[6.975448,50.934266],[6.975448,50.934252],[6.975414,50.934252],[6.975414,50.934266],[6.975401,50.934265]]]},"properties":{"id":"DENW37AL100066R1","h":6.3,"min_z":46.2,"max_z":52.5}},{"type":"Feature","id":"DENW37AL100063lr","geometry":{"type":"Polygon","coordinates":[[[6.977371,50.935862],[6.977402,50.935864],[6.977391,50.935926],[6.977565,50.935937],[6.97758,50.935839],[6.977579,50.935832],[6.977405,50.935827],[6.977405,50.935843],[6.977375,50.935841],[6.977371,50.935862]]]},"properties":{"id":"DENW37AL100063lr","h":22.5,"min_z":45.8,"max_z":68.3}},{"type":"Feature","id":"DENW37AL100064lM","geometry":{"type":"Polygon","coordinates":[[[6.974698,50.936321],[6.974627,50.936321],[6.974626,50.936363],[6.974692,50.936363],[6.974698,50.936321]]]},"properties":{"id":"DENW37AL100064lM","h":15.6,"min_z":45.1,"max_z":60.7}},{"type":"Feature","id":"DENW37AL100064G4","geometry":{"type":"Polygon","coordinates":[[[6.973149,50.934524],[6.973167,50.934578],[6.973339,50.934555],[6.97332,50.9345],[6.973149,50.934524]]]},"properties":{"id":"DENW37AL100064G4","h":16.3,"min_z":46.8,"max_z":63.1}},{"type":"Feature","id":"DENW37AL100065fc","geometry":{"type":"Polygon","coordinates":[[[6.976072,50.936927],[6.976064,50.936968],[6.976056,50.937017],[6.976099,50.93702],[6.976159,50.937024],[6.976167,50.936975],[6.976167,50.936975],[6.976173,50.936934],[6.976072,50.936927]]]},"properties":{"id":"DENW37AL100065fc","h":18.6,"min_z":44.5,"max_z":63.1}},{"type":"Feature","id":"DENW37AL1000662t","geometry":{"type":"Polygon","coordinates":[[[6.975206,50.935456],[6.975204,50.935477],[6.975242,50.935479],[6.975245,50.935457],[6.975213,50.935456],[6.975206,50.935456]]]},"properties":{"id":"DENW37AL1000662t","h":2.5,"min_z":45.9,"max_z":48.4}},{"type":"Feature","id":"DENW37AL100074hw","geometry":{"type":"Polygon","coordinates":[[[6.971587,50.933894],[6.971588,50.933851],[6.971565,50.933851],[6.971563,50.933893],[6.971587,50.933894]]]},"properties":{"id":"DENW37AL100074hw","h":2.5,"min_z":46.7,"max_z":49.2}},{"type":"Feature","id":"DENW37AL100064xv","geometry":{"type":"Polygon","coordinates":[[[6.974137,50.936094],[6.974139,50.936126],[6.974157,50.936125],[6.974234,50.936124],[6.974232,50.936092],[6.974155,50.936094],[6.974137,50.936094]]]},"properties":{"id":"DENW37AL100064xv","h":9.0,"min_z":45.4,"max_z":54.4}},{"type":"Feature","id":"DENW37AL100063P1","geometry":{"type":"Polygon","coordinates":[[[6.974869,50.935188],[6.974958,50.935191],[6.974967,50.935107],[6.974951,50.935106],[6.974931,50.935105],[6.974877,50.935103],[6.974869,50.935188]]]},"properties":{"id":"DENW37AL100063P1","h":15.2,"min_z":46.4,"max_z":61.6}},{"type":"Feature","id":"DENW37AL100063VC","geometry":{"type":"Polygon","coordinates":[[[6.974722,50.933324],[6.974783,50.933226],[6.974644,50.933191],[6.974581,50.933289],[6.974722,50.933324]]]},"properties":{"id":"DENW37AL100063VC","h":21.4,"min_z":46.1,"max_z":67.5}},{"type":"Feature","id":"DENW37AL100064DI","geometry":{"type":"Polygon","coordinates":[[[6.978696,50.935716],[6.978702,50.935775],[6.978856,50.93577],[6.978851,50.935709],[6.978848,50.935709],[6.978696,50.935716]]]},"properties":{"id":"DENW37AL100064DI","h":14.1,"min_z":46.6,"max_z":60.7}},{"type":"Feature","id":"DENW37AL100065lS","geometry":{"type":"Polygon","coordinates":[[[6.971002,50.935198],[6.971014,50.935281],[6.971238,50.935263],[6.971224,50.935187],[6.971173,50.935189],[6.971002,50.935198]]]},"properties":{"id":"DENW37AL100065lS","h":15.6,"min_z":45.3,"max_z":60.9}},{"type":"Feature","id":"DENW37AL100064dg","geometry":{"type":"Polygon","coordinates":[[[6.975584,50.930814],[6.975566,50.930806],[6.975555,50.930801],[6.975535,50.930819],[6.975524,50.930829],[6.975507,50.930845],[6.975561,50.930869],[6.975634,50.930901],[6.975714,50.930828],[6.975618,50.930785],[6.975584,50.930814]]]},"properties":{"id":"DENW37AL100064dg","h":18.9,"min_z":46.0,"max_z":65.0}},{"type":"Feature","id":"DENW37AL1000660V","geometry":{"type":"Polygon","coordinates":[[[6.971594,50.93415],[6.971593,50.934161],[6.97159,50.934161],[6.971586,50.934162],[6.971583,50.934163],[6.971581,50.934165],[6.971579,50.934166],[6.971576,50.93422],[6.971627,50.934221],[6.971629,50.934197],[6.971633,50.934152],[6.971594,50.93415]]]},"properties":{"id":"DENW37AL1000660V","h":6.0,"min_z":46.5,"max_z":52.5}},{"type":"Feature","id":"DENW37AL100065tU","geometry":{"type":"Polygon","coordinates":[[[6.974958,50.93578],[6.974988,50.935781],[6.975011,50.935698],[6.974981,50.935696],[6.974958,50.93578]]]},"properties":{"id":"DENW37AL100065tU","h":15.1,"min_z":45.4,"max_z":60.5}},{"type":"Feature","id":"DENW37AL100064qJ","geometry":{"type":"Polygon","coordinates":[[[6.974055,50.936866],[6.974055,50.936879],[6.974112,50.936879],[6.974152,50.936879],[6.974151,50.936866],[6.974055,50.936866]]]},"properties":{"id":"DENW37AL100064qJ","h":22.4,"min_z":44.9,"max_z":67.4}},{"type":"Feature","id":"DENW37AL100065n5","geometry":{"type":"Polygon","coordinates":[[[6.976697,50.939021],[6.976738,50.939133],[6.976834,50.939118],[6.976795,50.939007],[6.976697,50.939021]]]},"properties":{"id":"DENW37AL100065n5","h":22.1,"min_z":45.6,"max_z":67.7}},{"type":"Feature","id":"DENW37AL1000657k","geometry":{"type":"Polygon","coordinates":[[[6.974191,50.936707],[6.974266,50.936706],[6.974269,50.936623],[6.974269,50.936609],[6.974269,50.936607],[6.97423,50.936606],[6.974198,50.936605],[6.974191,50.936707]]]},"properties":{"id":"DENW37AL1000657k","h":7.5,"min_z":44.9,"max_z":52.4}},{"type":"Feature","id":"DENW37AL100065zz","geometry":{"type":"Polygon","coordinates":[[[6.974469,50.934819],[6.974612,50.934817],[6.974611,50.934793],[6.974611,50.934766],[6.974468,50.934768],[6.974469,50.934819]]]},"properties":{"id":"DENW37AL100065zz","h":15.5,"min_z":46.5,"max_z":62.0}},{"type":"Feature","id":"DENW37ALS400009R","geometry":{"type":"Polygon","coordinates":[[[6.972642,50.935743],[6.972781,50.935724],[6.972759,50.935662],[6.972621,50.935682],[6.972642,50.935743]]]},"properties":{"id":"DENW37ALS400009R","h":4.4,"min_z":46.0,"max_z":50.4}},{"type":"Feature","id":"DENW37AL100064eA","geometry":{"type":"Polygon","coordinates":[[[6.975663,50.934742],[6.975652,50.934783],[6.975645,50.934811],[6.975635,50.934851],[6.975776,50.934865],[6.975805,50.934756],[6.975663,50.934742]]]},"properties":{"id":"DENW37AL100064eA","h":16.6,"min_z":45.7,"max_z":62.2}},{"type":"Feature","id":"DENW37AL10006yGs","geometry":{"type":"Polygon","coordinates":[[[6.978266,50.93665],[6.978265,50.936692],[6.978374,50.936713],[6.978421,50.936695],[6.978424,50.936655],[6.978266,50.93665]]]},"properties":{"id":"DENW37AL10006yGs","h":2.7,"min_z":45.7,"max_z":48.5}},{"type":"Feature","id":"DENW37AL100063rT","geometry":{"type":"Polygon","coordinates":[[[6.974605,50.93736],[6.974819,50.937373],[6.974827,50.937328],[6.97466,50.937318],[6.974658,50.937331],[6.974605,50.937328],[6.9746,50.93736],[6.974605,50.93736]]]},"properties":{"id":"DENW37AL100063rT","h":17.4,"min_z":45.2,"max_z":62.7}},{"type":"Feature","id":"DENW37AL100063Vt","geometry":{"type":"Polygon","coordinates":[[[6.972883,50.93529],[6.972897,50.935344],[6.973079,50.93533],[6.973063,50.935276],[6.972883,50.93529]]]},"properties":{"id":"DENW37AL100063Vt","h":2.7,"min_z":46.2,"max_z":48.8}},{"type":"Feature","id":"DENW37AL100065SE","geometry":{"type":"Polygon","coordinates":[[[6.974211,50.93525],[6.974212,50.935314],[6.974346,50.935313],[6.974345,50.935255],[6.974211,50.93525]]]},"properties":{"id":"DENW37AL100065SE","h":15.0,"min_z":46.3,"max_z":61.4}},{"type":"Feature","id":"DENW37AL100064XK","geometry":{"type":"Polygon","coordinates":[[[6.978896,50.932148],[6.979052,50.932087],[6.979072,50.93208],[6.978988,50.931996],[6.978813,50.932064],[6.978896,50.932148]]]},"properties":{"id":"DENW37AL100064XK","h":16.3,"min_z":46.2,"max_z":62.6}},{"type":"Feature","id":"DENW37AL1000648F","geometry":{"type":"Polygon","coordinates":[[[6.977132,50.937095],[6.977127,50.937134],[6.977125,50.937147],[6.977191,50.93715],[6.977285,50.937156],[6.977292,50.937104],[6.977299,50.937054],[6.977139,50.937044],[6.977132,50.937095]]]},"properties":{"id":"DENW37AL1000648F","h":25.1,"min_z":45.4,"max_z":70.5}},{"type":"Feature","id":"DENW37AL100063cj","geometry":{"type":"Polygon","coordinates":[[[6.977264,50.931884],[6.977237,50.931863],[6.977218,50.931849],[6.977164,50.931878],[6.977095,50.931915],[6.977132,50.931943],[6.977138,50.93194],[6.977172,50.931967],[6.977237,50.931934],[6.977307,50.931899],[6.977278,50.931877],[6.977264,50.931884]]]},"properties":{"id":"DENW37AL100063cj","h":14.3,"min_z":45.7,"max_z":60.0}},{"type":"Feature","id":"DENW37AL100063hD","geometry":{"type":"Polygon","coordinates":[[[6.977023,50.937833],[6.977171,50.937821],[6.977195,50.937819],[6.977175,50.937704],[6.977005,50.937714],[6.977002,50.937714],[6.977023,50.937833]]]},"properties":{"id":"DENW37AL100063hD","h":22.4,"min_z":44.3,"max_z":66.7}},{"type":"Feature","id":"DENW37AL1000665a","geometry":{"type":"Polygon","coordinates":[[[6.97195,50.934178],[6.971963,50.934286],[6.972027,50.934286],[6.972026,50.934201],[6.972026,50.93418],[6.97195,50.934178]]]},"properties":{"id":"DENW37AL1000665a","h":12.4,"min_z":46.5,"max_z":58.9}},{"type":"Feature","id":"DENW37AL100063nX","geometry":{"type":"Polygon","coordinates":[[[6.974967,50.935107],[6.974958,50.935191],[6.975073,50.935195],[6.975081,50.935111],[6.975045,50.93511],[6.975002,50.935108],[6.974967,50.935107]]]},"properties":{"id":"DENW37AL100063nX","h":15.7,"min_z":46.3,"max_z":62.0}},{"type":"Feature","id":"DENW37AL100063qi","geometry":{"type":"Polygon","coordinates":[[[6.97685,50.935639],[6.976852,50.935598],[6.976852,50.935598],[6.976835,50.935598],[6.976833,50.935638],[6.97685,50.935639]]]},"properties":{"id":"DENW37AL100063qi","h":22.9,"min_z":45.4,"max_z":68.4}},{"type":"Feature","id":"DENW37AL100065Nl","geometry":{"type":"Polygon","coordinates":[[[6.97851,50.936312],[6.978649,50.936316],[6.978652,50.936269],[6.978513,50.936265],[6.97851,50.936312]]]},"properties":{"id":"DENW37AL100065Nl","h":7.2,"min_z":46.0,"max_z":53.1}},{"type":"Feature","id":"DENW37AL100063yI","geometry":{"type":"Polygon","coordinates":[[[6.973221,50.933277],[6.97314,50.933443],[6.973218,50.933458],[6.973292,50.933472],[6.973372,50.933306],[6.973221,50.933277]]]},"properties":{"id":"DENW37AL100063yI","h":16.8,"min_z":45.9,"max_z":62.7}},{"type":"Feature","id":"DENW37AL100064lX","geometry":{"type":"Polygon","coordinates":[[[6.974776,50.937629],[6.974775,50.937632],[6.974861,50.937638],[6.974873,50.937568],[6.974787,50.937563],[6.974776,50.937629]]]},"properties":{"id":"DENW37AL100064lX","h":3.6,"min_z":45.0,"max_z":48.6}},{"type":"Feature","id":"DENW37AL100064rN","geometry":{"type":"Polygon","coordinates":[[[6.974693,50.935183],[6.974775,50.935185],[6.974784,50.9351],[6.974743,50.935098],[6.974699,50.935097],[6.974693,50.935183]]]},"properties":{"id":"DENW37AL100064rN","h":15.5,"min_z":46.5,"max_z":62.0}},{"type":"Feature","id":"DENW37AL100063oF","geometry":{"type":"Polygon","coordinates":[[[6.974675,50.936482],[6.974608,50.936482],[6.974603,50.936547],[6.974628,50.936547],[6.974665,50.936548],[6.974668,50.936533],[6.974669,50.936519],[6.974675,50.936482]]]},"properties":{"id":"DENW37AL100063oF","h":6.0,"min_z":45.1,"max_z":51.1}},{"type":"Feature","id":"DENW37AL100064AV","geometry":{"type":"Polygon","coordinates":[[[6.973928,50.934786],[6.97393,50.934819],[6.973931,50.934837],[6.973987,50.934836],[6.973986,50.934818],[6.974108,50.934815],[6.974107,50.934808],[6.974106,50.934782],[6.973928,50.934786]]]},"properties":{"id":"DENW37AL100064AV","h":6.6,"min_z":46.7,"max_z":53.3}},{"type":"Feature","id":"DENW37AL100064HM","geometry":{"type":"Polygon","coordinates":[[[6.972896,50.933347],[6.972838,50.933447],[6.972919,50.933464],[6.972922,50.933459],[6.972958,50.933396],[6.972976,50.933365],[6.972896,50.933347]]]},"properties":{"id":"DENW37AL100064HM","h":3.9,"min_z":46.5,"max_z":50.4}},{"type":"Feature","id":"DENW37AL100065as","geometry":{"type":"Polygon","coordinates":[[[6.973374,50.934958],[6.973396,50.935033],[6.973558,50.935015],[6.973532,50.934939],[6.97343,50.934951],[6.973374,50.934958]]]},"properties":{"id":"DENW37AL100065as","h":15.1,"min_z":46.5,"max_z":61.6}},{"type":"Feature","id":"DENW37AL100065dH","geometry":{"type":"Polygon","coordinates":[[[6.973657,50.936004],[6.973657,50.936012],[6.973642,50.936011],[6.97364,50.936037],[6.973665,50.936037],[6.973671,50.936037],[6.973779,50.936033],[6.973805,50.936032],[6.973806,50.936001],[6.973762,50.936],[6.973715,50.935998],[6.973709,50.936001],[6.973664,50.936001],[6.973657,50.936004]]]},"properties":{"id":"DENW37AL100065dH","h":18.1,"min_z":45.4,"max_z":63.5}},{"type":"Feature","id":"DENW37AL100064kp","geometry":{"type":"Polygon","coordinates":[[[6.972727,50.938223],[6.972787,50.93824],[6.972846,50.938258],[6.972852,50.93825],[6.972954,50.938113],[6.972896,50.938096],[6.972837,50.938078],[6.972785,50.938146],[6.972727,50.938223]]]},"properties":{"id":"DENW37AL100064kp","h":6.4,"min_z":44.9,"max_z":51.3}},{"type":"Feature","id":"DENW37AL100063Y7","geometry":{"type":"Polygon","coordinates":[[[6.971656,50.935361],[6.971662,50.93545],[6.971751,50.935444],[6.971749,50.935433],[6.971788,50.93543],[6.971775,50.935352],[6.971656,50.935361]]]},"properties":{"id":"DENW37AL100063Y7","h":13.7,"min_z":45.5,"max_z":59.2}},{"type":"Feature","id":"DENW37AL100064Qn","geometry":{"type":"Polygon","coordinates":[[[6.974569,50.937617],[6.974776,50.937629],[6.974787,50.937563],[6.974793,50.937531],[6.974583,50.937518],[6.974578,50.937548],[6.974569,50.937617]]]},"properties":{"id":"DENW37AL100064Qn","h":3.4,"min_z":45.2,"max_z":48.6}},{"type":"Feature","id":"DENW37AL1000656l","geometry":{"type":"Polygon","coordinates":[[[6.974099,50.934303],[6.974099,50.934333],[6.9741,50.934421],[6.974136,50.934421],[6.974168,50.934421],[6.974288,50.93442],[6.974286,50.934303],[6.974122,50.934303],[6.974099,50.934303]]]},"properties":{"id":"DENW37AL1000656l","h":14.3,"min_z":46.9,"max_z":61.3}},{"type":"Feature","id":"DENW37AL20000UW7","geometry":{"type":"Polygon","coordinates":[[[6.969444,50.937204],[6.969819,50.937225],[6.969825,50.937185],[6.969449,50.937163],[6.969444,50.937204]]]},"properties":{"id":"DENW37AL20000UW7","h":40.1,"min_z":51.2,"max_z":91.3}},{"type":"Feature","id":"DENW37AL100074Nq","geometry":{"type":"Polygon","coordinates":[[[6.973369,50.938929],[6.973371,50.938961],[6.973499,50.938958],[6.973496,50.938926],[6.973369,50.938929]]]},"properties":{"id":"DENW37AL100074Nq","h":7.5,"min_z":45.8,"max_z":53.3}},{"type":"Feature","id":"DENW37AL100065fM","geometry":{"type":"Polygon","coordinates":[[[6.971929,50.935061],[6.971942,50.935122],[6.972046,50.935105],[6.972051,50.935104],[6.972006,50.935046],[6.971929,50.935061]]]},"properties":{"id":"DENW37AL100065fM","h":4.2,"min_z":45.9,"max_z":50.0}},{"type":"Feature","id":"DENW37AL1000663u","geometry":{"type":"Polygon","coordinates":[[[6.971894,50.932605],[6.972082,50.932642],[6.972141,50.932522],[6.971954,50.932485],[6.971894,50.932605]]]},"properties":{"id":"DENW37AL1000663u","h":12.6,"min_z":45.9,"max_z":58.5}},{"type":"Feature","id":"DENW37AL100064UA","geometry":{"type":"Polygon","coordinates":[[[6.973673,50.934304],[6.973675,50.934425],[6.97376,50.934424],[6.973759,50.934303],[6.973673,50.934304]]]},"properties":{"id":"DENW37AL100064UA","h":2.7,"min_z":46.8,"max_z":49.6}},{"type":"Feature","id":"DENW37AL3s90007m","geometry":{"type":"Polygon","coordinates":[[[6.974828,50.935514],[6.974826,50.935527],[6.97488,50.935529],[6.974884,50.935485],[6.97483,50.935484],[6.974828,50.935514]]]},"properties":{"id":"DENW37AL3s90007m","h":9.1,"min_z":45.8,"max_z":54.9}},{"type":"Feature","id":"DENW37AL100064MM","geometry":{"type":"Polygon","coordinates":[[[6.973635,50.937964],[6.973756,50.938012],[6.973761,50.938014],[6.973889,50.93788],[6.973738,50.937862],[6.973635,50.937964]]]},"properties":{"id":"DENW37AL100064MM","h":17.7,"min_z":45.2,"max_z":62.8}},{"type":"Feature","id":"DENW37AL100064dp","geometry":{"type":"Polygon","coordinates":[[[6.972356,50.937958],[6.972396,50.937956],[6.972382,50.937863],[6.972344,50.937866],[6.972356,50.937958]]]},"properties":{"id":"DENW37AL100064dp","h":13.9,"min_z":45.2,"max_z":59.1}},{"type":"Feature","id":"DENW37AL1000646e","geometry":{"type":"Polygon","coordinates":[[[6.972878,50.934224],[6.97286,50.934168],[6.97273,50.934186],[6.972745,50.934235],[6.972878,50.934224]]]},"properties":{"id":"DENW37AL1000646e","h":14.1,"min_z":46.5,"max_z":60.6}},{"type":"Feature","id":"DENW37AL10006yEG","geometry":{"type":"Polygon","coordinates":[[[6.972645,50.934835],[6.972574,50.934844],[6.972579,50.934853],[6.972589,50.934892],[6.972597,50.934922],[6.972668,50.934907],[6.972646,50.934838],[6.972645,50.934835]]]},"properties":{"id":"DENW37AL10006yEG","h":4.6,"min_z":46.5,"max_z":51.2}},{"type":"Feature","id":"DENW37AL100065Q6","geometry":{"type":"Polygon","coordinates":[[[6.973933,50.938699],[6.974022,50.938711],[6.974051,50.938627],[6.973963,50.938616],[6.973933,50.938699]]]},"properties":{"id":"DENW37AL100065Q6","h":15.7,"min_z":44.7,"max_z":60.4}},{"type":"Feature","id":"DENW37AL100062fX","geometry":{"type":"Polygon","coordinates":[[[6.969283,50.937957],[6.969297,50.937969],[6.969321,50.937969],[6.969321,50.938003],[6.969328,50.938003],[6.969332,50.938025],[6.969333,50.938034],[6.969354,50.938046],[6.969354,50.93805],[6.969371,50.938051],[6.969371,50.938048],[6.969406,50.938057],[6.969444,50.938068],[6.969443,50.938076],[6.96946,50.938077],[6.969461,50.938067],[6.969536,50.93807],[6.969534,50.93808],[6.969551,50.93808],[6.969552,50.93807],[6.969617,50.938056],[6.969635,50.938047],[6.969634,50.93805],[6.969672,50.938052],[6.969671,50.938082],[6.969707,50.938083],[6.969707,50.938088],[6.969803,50.938091],[6.969803,50.938094],[6.969889,50.938095],[6.969892,50.938003],[6.969901,50.937998],[6.969941,50.937979],[6.96995,50.937979],[6.969951,50.937968],[6.969936,50.937968],[6.969935,50.937943],[6.969947,50.937938],[6.969939,50.937931],[6.969929,50.937934],[6.969896,50.93792],[6.969898,50.937902],[6.969888,50.937903],[6.969886,50.937912],[6.969831,50.937911],[6.969831,50.937899],[6.969818,50.937899],[6.969817,50.937908],[6.969774,50.937906],[6.969773,50.937897],[6.969763,50.937897],[6.969761,50.937906],[6.969722,50.937905],[6.969725,50.937856],[6.969655,50.937854],[6.969643,50.937846],[6.969573,50.937837],[6.969571,50.937828],[6.969556,50.937827],[6.969556,50.937837],[6.969477,50.937836],[6.969474,50.937825],[6.969459,50.937825],[6.969457,50.937834],[6.969435,50.937839],[6.96939,50.93785],[6.969384,50.937844],[6.969369,50.937848],[6.96937,50.937854],[6.969345,50.937859],[6.969334,50.937888],[6.969328,50.937889],[6.969325,50.937924],[6.969303,50.937924],[6.969284,50.937935],[6.969283,50.937957]]]},"properties":{"id":"DENW37AL100062fX","h":25.1,"min_z":45.4,"max_z":70.5}},{"type":"Feature","id":"DENW37AL100066Og","geometry":{"type":"Polygon","coordinates":[[[6.977265,50.938808],[6.977277,50.938843],[6.977437,50.938821],[6.977425,50.938785],[6.977265,50.938808]]]},"properties":{"id":"DENW37AL100066Og","h":3.4,"min_z":45.6,"max_z":49.0}},{"type":"Feature","id":"DENW37AL100063fl","geometry":{"type":"Polygon","coordinates":[[[6.971932,50.937979],[6.971919,50.937903],[6.971916,50.937903],[6.971917,50.937912],[6.97189,50.937914],[6.971901,50.937981],[6.971932,50.937979]]]},"properties":{"id":"DENW37AL100063fl","h":29.0,"min_z":45.2,"max_z":74.2}},{"type":"Feature","id":"DENW37AL1000658x","geometry":{"type":"Polygon","coordinates":[[[6.976522,50.936418],[6.97651,50.936496],[6.976611,50.936504],[6.976618,50.936461],[6.976625,50.936424],[6.976522,50.936418]]]},"properties":{"id":"DENW37AL1000658x","h":23.4,"min_z":45.2,"max_z":68.6}},{"type":"Feature","id":"DENW37AL100064rG","geometry":{"type":"Polygon","coordinates":[[[6.977653,50.936489],[6.977659,50.936444],[6.97764,50.936443],[6.97764,50.936443],[6.977636,50.936471],[6.977634,50.936488],[6.977629,50.936524],[6.977648,50.936525],[6.977653,50.936489]]]},"properties":{"id":"DENW37AL100064rG","h":24.3,"min_z":45.7,"max_z":70.1}},{"type":"Feature","id":"DENW37AL100064c4","geometry":{"type":"Polygon","coordinates":[[[6.975447,50.934676],[6.975447,50.934699],[6.975447,50.934739],[6.975568,50.934738],[6.975567,50.934724],[6.975651,50.934724],[6.97565,50.934678],[6.97565,50.934674],[6.975447,50.934676]]]},"properties":{"id":"DENW37AL100064c4","h":7.6,"min_z":45.8,"max_z":53.4}},{"type":"Feature","id":"DENW37AL100064Y3","geometry":{"type":"Polygon","coordinates":[[[6.975017,50.935448],[6.975015,50.935469],[6.975011,50.935534],[6.975043,50.935535],[6.975044,50.93552],[6.975051,50.935519],[6.975059,50.935517],[6.975064,50.93545],[6.975017,50.935448]]]},"properties":{"id":"DENW37AL100064Y3","h":8.7,"min_z":45.8,"max_z":54.5}},{"type":"Feature","id":"DENW37AL100064nC","geometry":{"type":"Polygon","coordinates":[[[6.975909,50.937525],[6.975905,50.93755],[6.975542,50.937523],[6.975531,50.937587],[6.975898,50.937613],[6.975903,50.937587],[6.976282,50.937613],[6.976292,50.937549],[6.976082,50.937536],[6.975909,50.937525]]]},"properties":{"id":"DENW37AL100064nC","h":4.2,"min_z":45.0,"max_z":49.3}},{"type":"Feature","id":"DENW37AL100065r8","geometry":{"type":"Polygon","coordinates":[[[6.972841,50.93827],[6.972878,50.938281],[6.972885,50.938271],[6.972926,50.938282],[6.972987,50.938198],[6.97291,50.938176],[6.972841,50.93827]]]},"properties":{"id":"DENW37AL100065r8","h":6.3,"min_z":44.8,"max_z":51.1}},{"type":"Feature","id":"DENW37AL100065Rs","geometry":{"type":"Polygon","coordinates":[[[6.974616,50.935985],[6.974611,50.935985],[6.974612,50.936019],[6.974707,50.936025],[6.974708,50.936022],[6.974712,50.93599],[6.974616,50.935985]]]},"properties":{"id":"DENW37AL100065Rs","h":6.9,"min_z":45.9,"max_z":52.8}},{"type":"Feature","id":"DENW37AL100068or","geometry":{"type":"Polygon","coordinates":[[[6.974744,50.935081],[6.974786,50.935083],[6.974788,50.935059],[6.974746,50.93506],[6.974745,50.935072],[6.974744,50.935081]]]},"properties":{"id":"DENW37AL100068or","h":11.7,"min_z":46.4,"max_z":58.1}},{"type":"Feature","id":"DENW37AL100065BM","geometry":{"type":"Polygon","coordinates":[[[6.976571,50.937454],[6.976581,50.937509],[6.976722,50.937499],[6.976714,50.937445],[6.976571,50.937454]]]},"properties":{"id":"DENW37AL100065BM","h":16.8,"min_z":44.3,"max_z":61.1}},{"type":"Feature","id":"DENW37AL100064w8","geometry":{"type":"Polygon","coordinates":[[[6.974867,50.935732],[6.974856,50.935774],[6.974918,50.935778],[6.974958,50.93578],[6.974969,50.935738],[6.974981,50.935696],[6.974878,50.935692],[6.974867,50.935732]]]},"properties":{"id":"DENW37AL100064w8","h":15.6,"min_z":45.5,"max_z":61.1}},{"type":"Feature","id":"DENW37AL100065jW","geometry":{"type":"Polygon","coordinates":[[[6.973704,50.933928],[6.973705,50.934026],[6.973963,50.934024],[6.973961,50.933975],[6.97396,50.933944],[6.973898,50.933944],[6.973898,50.933928],[6.973704,50.933928]]]},"properties":{"id":"DENW37AL100065jW","h":13.5,"min_z":46.7,"max_z":60.2}},{"type":"Feature","id":"DENW37AL100064EM","geometry":{"type":"Polygon","coordinates":[[[6.976616,50.931565],[6.976598,50.931575],[6.976621,50.931592],[6.976639,50.931583],[6.976616,50.931565]]]},"properties":{"id":"DENW37AL100064EM","h":3.0,"min_z":46.4,"max_z":49.4}},{"type":"Feature","id":"DENW37AL3s90007b","geometry":{"type":"Polygon","coordinates":[[[6.977105,50.935648],[6.977105,50.9357],[6.977185,50.9357],[6.977184,50.935644],[6.977105,50.935648]]]},"properties":{"id":"DENW37AL3s90007b","h":2.9,"min_z":45.5,"max_z":48.4}},{"type":"Feature","id":"DENW37AL100065uZ","geometry":{"type":"Polygon","coordinates":[[[6.974685,50.93507],[6.974683,50.935096],[6.974699,50.935097],[6.974743,50.935098],[6.974744,50.935081],[6.974745,50.935072],[6.974685,50.93507]]]},"properties":{"id":"DENW37AL100065uZ","h":2.9,"min_z":46.5,"max_z":49.4}},{"type":"Feature","id":"DENW37AL100064El","geometry":{"type":"Polygon","coordinates":[[[6.974691,50.935774],[6.974583,50.935771],[6.974578,50.935825],[6.974621,50.935824],[6.974628,50.935824],[6.974662,50.935823],[6.974727,50.935827],[6.974731,50.935771],[6.974691,50.93577],[6.974691,50.935774]]]},"properties":{"id":"DENW37AL100064El","h":3.0,"min_z":45.8,"max_z":48.9}},{"type":"Feature","id":"DENW37AL100065fB","geometry":{"type":"Polygon","coordinates":[[[6.973666,50.935279],[6.973664,50.935275],[6.973688,50.935272],[6.97368,50.935235],[6.973616,50.935233],[6.973617,50.935229],[6.973583,50.935228],[6.9736,50.935282],[6.973602,50.935287],[6.973666,50.935279]]]},"properties":{"id":"DENW37AL100065fB","h":9.4,"min_z":46.4,"max_z":55.7}},{"type":"Feature","id":"DENW37AL100063nL","geometry":{"type":"Polygon","coordinates":[[[6.978251,50.933577],[6.978503,50.933501],[6.978434,50.933407],[6.978181,50.933484],[6.978251,50.933577]]]},"properties":{"id":"DENW37AL100063nL","h":17.1,"min_z":45.8,"max_z":62.9}},{"type":"Feature","id":"DENW37AL100063RV","geometry":{"type":"Polygon","coordinates":[[[6.974267,50.9381],[6.974262,50.938143],[6.97425,50.938143],[6.974244,50.93819],[6.974308,50.938194],[6.974319,50.938103],[6.974267,50.9381]]]},"properties":{"id":"DENW37AL100063RV","h":14.6,"min_z":45.0,"max_z":59.6}},{"type":"Feature","id":"DENW37AL100064fv","geometry":{"type":"Polygon","coordinates":[[[6.973247,50.938345],[6.973282,50.938358],[6.973329,50.938375],[6.973378,50.938394],[6.973517,50.938256],[6.97339,50.938205],[6.973247,50.938345]]]},"properties":{"id":"DENW37AL100064fv","h":15.7,"min_z":44.8,"max_z":60.5}},{"type":"Feature","id":"DENW37AL100065HV","geometry":{"type":"Polygon","coordinates":[[[6.978399,50.93559],[6.978434,50.935588],[6.978427,50.935538],[6.978393,50.93554],[6.978399,50.93559]]]},"properties":{"id":"DENW37AL100065HV","h":2.3,"min_z":44.9,"max_z":47.1}},{"type":"Feature","id":"DENW37AL1000666J","geometry":{"type":"Polygon","coordinates":[[[6.974958,50.93751],[6.975069,50.937517],[6.975076,50.937476],[6.974965,50.937468],[6.974958,50.93751]]]},"properties":{"id":"DENW37AL1000666J","h":1.1,"min_z":45.0,"max_z":46.1}},{"type":"Feature","id":"DENW37AL100065GN","geometry":{"type":"Polygon","coordinates":[[[6.973747,50.933703],[6.973845,50.933722],[6.973843,50.933667],[6.973843,50.933662],[6.973869,50.933608],[6.973798,50.933594],[6.973747,50.933703]]]},"properties":{"id":"DENW37AL100065GN","h":2.8,"min_z":45.8,"max_z":48.6}},{"type":"Feature","id":"DENW37AL100063OW","geometry":{"type":"Polygon","coordinates":[[[6.971681,50.934803],[6.971847,50.934861],[6.97183,50.934833],[6.971806,50.934793],[6.971792,50.934771],[6.971784,50.934758],[6.971671,50.934785],[6.971681,50.934803]]]},"properties":{"id":"DENW37AL100063OW","h":15.6,"min_z":46.1,"max_z":61.7}},{"type":"Feature","id":"DENW37AL100066GE","geometry":{"type":"Polygon","coordinates":[[[6.972006,50.935046],[6.972051,50.935104],[6.97215,50.935088],[6.972242,50.935074],[6.972204,50.935004],[6.972006,50.935046]]]},"properties":{"id":"DENW37AL100066GE","h":3.8,"min_z":46.1,"max_z":50.0}},{"type":"Feature","id":"DENW37AL10006yHC","geometry":{"type":"Polygon","coordinates":[[[6.975406,50.93857],[6.975458,50.938607],[6.975484,50.938592],[6.975514,50.938575],[6.975464,50.938538],[6.975406,50.93857]]]},"properties":{"id":"DENW37AL10006yHC","h":2.4,"min_z":44.3,"max_z":46.6}},{"type":"Feature","id":"DENW37AL100064zz","geometry":{"type":"Polygon","coordinates":[[[6.97465,50.935389],[6.974649,50.935375],[6.97459,50.935376],[6.974589,50.93539],[6.97459,50.93539],[6.97465,50.935389]]]},"properties":{"id":"DENW37AL100064zz","h":14.5,"min_z":46.2,"max_z":60.7}},{"type":"Feature","id":"DENW37AL100064UI","geometry":{"type":"Polygon","coordinates":[[[6.973173,50.935991],[6.973195,50.935991],[6.973194,50.936025],[6.973354,50.936029],[6.973359,50.935957],[6.973197,50.935953],[6.973197,50.935948],[6.973176,50.935948],[6.973173,50.935991]]]},"properties":{"id":"DENW37AL100064UI","h":14.7,"min_z":45.4,"max_z":60.0}},{"type":"Feature","id":"DENW37AL10006yEh","geometry":{"type":"Polygon","coordinates":[[[6.976906,50.931771],[6.976933,50.931791],[6.97706,50.931727],[6.977032,50.931707],[6.976906,50.931771]]]},"properties":{"id":"DENW37AL10006yEh","h":2.6,"min_z":46.5,"max_z":49.1}},{"type":"Feature","id":"DENW37AL10006yI6","geometry":{"type":"Polygon","coordinates":[[[6.977274,50.932456],[6.977231,50.932475],[6.977206,50.932486],[6.977237,50.932514],[6.977308,50.932483],[6.977284,50.932462],[6.977282,50.932463],[6.977274,50.932456]]]},"properties":{"id":"DENW37AL10006yI6","h":2.8,"min_z":46.6,"max_z":49.4}},{"type":"Feature","id":"DENW37AL100065nC","geometry":{"type":"Polygon","coordinates":[[[6.97446,50.934425],[6.974596,50.934425],[6.974595,50.934369],[6.974591,50.934369],[6.974459,50.93437],[6.97446,50.934425]]]},"properties":{"id":"DENW37AL100065nC","h":13.9,"min_z":46.8,"max_z":60.7}},{"type":"Feature","id":"DENW37AL100063Vd","geometry":{"type":"Polygon","coordinates":[[[6.974793,50.934368],[6.974793,50.934394],[6.974864,50.934394],[6.974884,50.934394],[6.974884,50.934367],[6.974853,50.934367],[6.974793,50.934368]]]},"properties":{"id":"DENW37AL100063Vd","h":2.9,"min_z":47.0,"max_z":49.9}},{"type":"Feature","id":"DENW37AL100065PK","geometry":{"type":"Polygon","coordinates":[[[6.970935,50.934402],[6.970934,50.934456],[6.971079,50.934454],[6.971083,50.934454],[6.971083,50.934431],[6.971082,50.934401],[6.970935,50.934402]]]},"properties":{"id":"DENW37AL100065PK","h":15.3,"min_z":46.3,"max_z":61.6}},{"type":"Feature","id":"DENW37AL100065Sh","geometry":{"type":"Polygon","coordinates":[[[6.973069,50.934477],[6.973111,50.934471],[6.973134,50.934468],[6.973209,50.934458],[6.973205,50.934445],[6.973192,50.934404],[6.973166,50.934407],[6.973051,50.934422],[6.973069,50.934477]]]},"properties":{"id":"DENW37AL100065Sh","h":15.5,"min_z":46.7,"max_z":62.1}},{"type":"Feature","id":"DENW37AL100063wV","geometry":{"type":"Polygon","coordinates":[[[6.976937,50.93218],[6.976972,50.93221],[6.977016,50.932189],[6.977077,50.93216],[6.97703,50.93212],[6.977041,50.932114],[6.977018,50.932095],[6.976947,50.932131],[6.97689,50.93216],[6.976921,50.932187],[6.976937,50.93218]]]},"properties":{"id":"DENW37AL100063wV","h":12.2,"min_z":46.6,"max_z":58.8}},{"type":"Feature","id":"DENW37AL100063eT","geometry":{"type":"Polygon","coordinates":[[[6.972158,50.936646],[6.972536,50.936647],[6.972536,50.936576],[6.972538,50.936492],[6.972404,50.936491],[6.972398,50.936491],[6.972238,50.93649],[6.97216,50.93649],[6.972158,50.936646]]]},"properties":{"id":"DENW37AL100063eT","h":13.1,"min_z":45.2,"max_z":58.3}},{"type":"Feature","id":"DENW37AL100064HG","geometry":{"type":"Polygon","coordinates":[[[6.973514,50.933929],[6.973514,50.933964],[6.973514,50.933977],[6.973513,50.934027],[6.973557,50.934027],[6.973646,50.934026],[6.973647,50.933977],[6.973648,50.933928],[6.973558,50.933929],[6.973514,50.933929]]]},"properties":{"id":"DENW37AL100064HG","h":13.5,"min_z":46.7,"max_z":60.3}},{"type":"Feature","id":"DENW37AL1000656S","geometry":{"type":"Polygon","coordinates":[[[6.974688,50.938802],[6.974779,50.938814],[6.974808,50.93873],[6.974718,50.938718],[6.974688,50.938802]]]},"properties":{"id":"DENW37AL1000656S","h":13.9,"min_z":44.4,"max_z":58.4}},{"type":"Feature","id":"DENW37AL100065gm","geometry":{"type":"Polygon","coordinates":[[[6.971183,50.935043],[6.971189,50.935083],[6.971208,50.935082],[6.971263,50.935077],[6.971402,50.935064],[6.971392,50.935024],[6.971183,50.935043]]]},"properties":{"id":"DENW37AL100065gm","h":12.7,"min_z":45.8,"max_z":58.5}},{"type":"Feature","id":"DENW37AL100068LF","geometry":{"type":"Polygon","coordinates":[[[6.974116,50.933663],[6.974146,50.933663],[6.974242,50.933662],[6.974271,50.933662],[6.974269,50.933554],[6.974115,50.933607],[6.974116,50.933663]]]},"properties":{"id":"DENW37AL100068LF","h":17.1,"min_z":45.1,"max_z":62.2}},{"type":"Feature","id":"DENW37AL1000661D","geometry":{"type":"Polygon","coordinates":[[[6.976567,50.938933],[6.976585,50.938988],[6.976591,50.938987],[6.976595,50.938998],[6.976628,50.938994],[6.976639,50.939028],[6.976697,50.939021],[6.976795,50.939007],[6.976765,50.93891],[6.976764,50.938907],[6.976609,50.938927],[6.976567,50.938933]]]},"properties":{"id":"DENW37AL1000661D","h":22.0,"min_z":45.4,"max_z":67.5}},{"type":"Feature","id":"DENW37AL1000658s","geometry":{"type":"Polygon","coordinates":[[[6.972901,50.933956],[6.97293,50.934044],[6.973069,50.934027],[6.973051,50.933972],[6.97304,50.933938],[6.973015,50.933941],[6.972901,50.933956]]]},"properties":{"id":"DENW37AL1000658s","h":15.4,"min_z":46.4,"max_z":61.8}},{"type":"Feature","id":"DENW37AL100064E9","geometry":{"type":"Polygon","coordinates":[[[6.972325,50.932947],[6.972311,50.932974],[6.972336,50.932979],[6.972389,50.932989],[6.972427,50.932932],[6.97245,50.932887],[6.972395,50.932876],[6.972368,50.93287],[6.972365,50.932876],[6.972325,50.932947]]]},"properties":{"id":"DENW37AL100064E9","h":16.6,"min_z":46.0,"max_z":62.6}},{"type":"Feature","id":"DENW37AL100063da","geometry":{"type":"Polygon","coordinates":[[[6.976343,50.934417],[6.976261,50.934426],[6.976213,50.93443],[6.976186,50.934433],[6.976222,50.934567],[6.976297,50.934559],[6.976378,50.93455],[6.976368,50.934514],[6.976343,50.934417]]]},"properties":{"id":"DENW37AL100063da","h":15.9,"min_z":45.9,"max_z":61.8}},{"type":"Feature","id":"DENW37AL100063SS","geometry":{"type":"Polygon","coordinates":[[[6.972525,50.938193],[6.972711,50.938244],[6.972727,50.938223],[6.972785,50.938146],[6.972588,50.938103],[6.972525,50.938193]]]},"properties":{"id":"DENW37AL100063SS","h":6.0,"min_z":45.0,"max_z":51.0}},{"type":"Feature","id":"DENW37AL100065h4","geometry":{"type":"Polygon","coordinates":[[[6.974587,50.935571],[6.974588,50.9356],[6.974681,50.935604],[6.974684,50.935575],[6.974675,50.935574],[6.974587,50.935571]]]},"properties":{"id":"DENW37AL100065h4","h":13.5,"min_z":45.8,"max_z":59.3}},{"type":"Feature","id":"DENW37AL100065zp","geometry":{"type":"Polygon","coordinates":[[[6.974803,50.937949],[6.974725,50.937944],[6.97472,50.937944],[6.974717,50.937961],[6.974722,50.937962],[6.974713,50.938014],[6.974793,50.938019],[6.974803,50.937949]]]},"properties":{"id":"DENW37AL100065zp","h":9.5,"min_z":44.6,"max_z":54.1}},{"type":"Feature","id":"DENW37AL100063VV","geometry":{"type":"Polygon","coordinates":[[[6.973629,50.936605],[6.973632,50.936605],[6.97363,50.936641],[6.973628,50.936672],[6.973746,50.936673],[6.973747,50.936643],[6.97375,50.936598],[6.973628,50.936595],[6.973629,50.936605]]]},"properties":{"id":"DENW37AL100063VV","h":18.4,"min_z":45.0,"max_z":63.4}},{"type":"Feature","id":"DENW37AL100066wq","geometry":{"type":"Polygon","coordinates":[[[6.974355,50.938374],[6.974548,50.938384],[6.974557,50.938292],[6.974367,50.938282],[6.974355,50.938374]]]},"properties":{"id":"DENW37AL100066wq","h":12.7,"min_z":44.9,"max_z":57.6}},{"type":"Feature","id":"DENW37AL100064zR","geometry":{"type":"Polygon","coordinates":[[[6.972803,50.934468],[6.972781,50.934403],[6.97278,50.9344],[6.972686,50.934403],[6.972708,50.934479],[6.972803,50.934468]]]},"properties":{"id":"DENW37AL100064zR","h":14.7,"min_z":46.6,"max_z":61.2}},{"type":"Feature","id":"DENW37AL100065GT","geometry":{"type":"Polygon","coordinates":[[[6.974613,50.938103],[6.974699,50.938107],[6.974705,50.93806],[6.974618,50.938056],[6.974613,50.938103]]]},"properties":{"id":"DENW37AL100065GT","h":15.9,"min_z":44.4,"max_z":60.3}},{"type":"Feature","id":"DENW37AL100065PF","geometry":{"type":"Polygon","coordinates":[[[6.972216,50.936173],[6.972215,50.936456],[6.972238,50.936456],[6.972239,50.936173],[6.972216,50.936173]]]},"properties":{"id":"DENW37AL100065PF","h":7.1,"min_z":45.2,"max_z":52.2}},{"type":"Feature","id":"DENW37AL100064XI","geometry":{"type":"Polygon","coordinates":[[[6.97136,50.934535],[6.971397,50.934606],[6.971454,50.934595],[6.971417,50.934527],[6.971388,50.934531],[6.97136,50.934535]]]},"properties":{"id":"DENW37AL100064XI","h":4.5,"min_z":46.5,"max_z":50.9}},{"type":"Feature","id":"DENW37AL1000649D","geometry":{"type":"Polygon","coordinates":[[[6.973157,50.935508],[6.973163,50.93553],[6.973173,50.935561],[6.973309,50.935544],[6.973292,50.935494],[6.973157,50.935508]]]},"properties":{"id":"DENW37AL1000649D","h":16.5,"min_z":46.0,"max_z":62.5}},{"type":"Feature","id":"DENW37AL100063bL","geometry":{"type":"Polygon","coordinates":[[[6.976572,50.937588],[6.976583,50.937643],[6.976586,50.937643],[6.976743,50.937632],[6.976735,50.937576],[6.976594,50.937586],[6.976572,50.937588]]]},"properties":{"id":"DENW37AL100063bL","h":16.9,"min_z":44.2,"max_z":61.1}},{"type":"Feature","id":"DENW37AL100074di","geometry":{"type":"Polygon","coordinates":[[[6.975448,50.934298],[6.975448,50.934319],[6.975474,50.934318],[6.975489,50.934318],[6.975489,50.934266],[6.975448,50.934266],[6.975448,50.934298]]]},"properties":{"id":"DENW37AL100074di","h":7.0,"min_z":46.0,"max_z":53.0}},{"type":"Feature","id":"DENW37AL100064QC","geometry":{"type":"Polygon","coordinates":[[[6.974671,50.937152],[6.97467,50.937157],[6.974626,50.937155],[6.97462,50.937192],[6.974674,50.937195],[6.974754,50.9372],[6.974848,50.937205],[6.974854,50.937156],[6.974688,50.937146],[6.974671,50.937152]]]},"properties":{"id":"DENW37AL100064QC","h":20.7,"min_z":44.9,"max_z":65.6}},{"type":"Feature","id":"DENW37AL1000668o","geometry":{"type":"Polygon","coordinates":[[[6.975434,50.935635],[6.975546,50.93564],[6.975571,50.935627],[6.975585,50.935577],[6.975468,50.935574],[6.975452,50.935574],[6.975443,50.935603],[6.975434,50.935635]]]},"properties":{"id":"DENW37AL1000668o","h":14.8,"min_z":45.5,"max_z":60.3}},{"type":"Feature","id":"DENW37AL10006yI4","geometry":{"type":"Polygon","coordinates":[[[6.971215,50.934112],[6.971214,50.934163],[6.971266,50.934163],[6.971267,50.934151],[6.971269,50.934113],[6.971215,50.934112]]]},"properties":{"id":"DENW37AL10006yI4","h":3.4,"min_z":46.2,"max_z":49.6}},{"type":"Feature","id":"DENW37AL100064n8","geometry":{"type":"Polygon","coordinates":[[[6.977265,50.936559],[6.977394,50.936567],[6.977438,50.93656],[6.977438,50.93656],[6.977443,50.936522],[6.977271,50.936513],[6.977265,50.936559]]]},"properties":{"id":"DENW37AL100064n8","h":23.1,"min_z":45.6,"max_z":68.8}},{"type":"Feature","id":"DENW37AL100065Bc","geometry":{"type":"Polygon","coordinates":[[[6.971403,50.934694],[6.971421,50.934738],[6.971462,50.934812],[6.971464,50.934816],[6.97154,50.934801],[6.971576,50.934794],[6.971496,50.934673],[6.971439,50.934686],[6.971403,50.934694]]]},"properties":{"id":"DENW37AL100065Bc","h":4.4,"min_z":46.4,"max_z":50.8}},{"type":"Feature","id":"DENW37AL100065QJ","geometry":{"type":"Polygon","coordinates":[[[6.972128,50.934776],[6.972082,50.934705],[6.972041,50.934641],[6.972051,50.934638],[6.972021,50.934586],[6.972007,50.934589],[6.971989,50.934562],[6.971915,50.934578],[6.971838,50.934595],[6.971986,50.93483],[6.972059,50.934805],[6.972123,50.934782],[6.972121,50.934779],[6.972128,50.934776]]]},"properties":{"id":"DENW37AL100065QJ","h":14.7,"min_z":46.2,"max_z":61.0}},{"type":"Feature","id":"DENW37AL100064pn","geometry":{"type":"Polygon","coordinates":[[[6.978092,50.936843],[6.978092,50.936873],[6.978092,50.936879],[6.978148,50.936881],[6.978092,50.936843]]]},"properties":{"id":"DENW37AL100064pn","h":24.8,"min_z":45.6,"max_z":70.4}},{"type":"Feature","id":"DENW37AL100063NC","geometry":{"type":"Polygon","coordinates":[[[6.976023,50.932124],[6.97597,50.932079],[6.975914,50.932031],[6.975882,50.932004],[6.975868,50.93201],[6.975834,50.932026],[6.975771,50.932055],[6.975952,50.932206],[6.97601,50.932175],[6.976055,50.932152],[6.976023,50.932124],[6.976023,50.932124]]]},"properties":{"id":"DENW37AL100063NC","h":21.5,"min_z":46.7,"max_z":68.2}},{"type":"Feature","id":"DENW37ALY40000Es","geometry":{"type":"Polygon","coordinates":[[[6.975798,50.938068],[6.975774,50.938081],[6.975919,50.938176],[6.976005,50.938129],[6.975878,50.938025],[6.975798,50.938068]]]},"properties":{"id":"DENW37ALY40000Es","h":4.9,"min_z":44.3,"max_z":49.2}},{"type":"Feature","id":"DENW37AL1000661f","geometry":{"type":"Polygon","coordinates":[[[6.977236,50.931934],[6.977172,50.931967],[6.977211,50.931997],[6.977201,50.932003],[6.977229,50.932025],[6.97724,50.932019],[6.977245,50.932024],[6.977309,50.931991],[6.977361,50.931965],[6.977289,50.931908],[6.977236,50.931934]]]},"properties":{"id":"DENW37AL1000661f","h":14.2,"min_z":45.8,"max_z":60.0}},{"type":"Feature","id":"DENW37AL100065hs","geometry":{"type":"Polygon","coordinates":[[[6.974439,50.93735],[6.974457,50.937351],[6.97452,50.937355],[6.9746,50.93736],[6.974605,50.937328],[6.974613,50.937276],[6.974533,50.937271],[6.974474,50.937268],[6.974451,50.937266],[6.974439,50.93735]]]},"properties":{"id":"DENW37AL100065hs","h":20.6,"min_z":45.1,"max_z":65.7}},{"type":"Feature","id":"DENW37AL100066IA","geometry":{"type":"Polygon","coordinates":[[[6.971337,50.935513],[6.971333,50.935514],[6.971344,50.935561],[6.971282,50.935567],[6.971288,50.93559],[6.971396,50.935579],[6.971396,50.935577],[6.971505,50.935567],[6.971492,50.9355],[6.971337,50.935513]]]},"properties":{"id":"DENW37AL100066IA","h":4.8,"min_z":44.9,"max_z":49.7}},{"type":"Feature","id":"DENW37AL100064EI","geometry":{"type":"Polygon","coordinates":[[[6.975282,50.935373],[6.975392,50.935377],[6.9754,50.935292],[6.97529,50.935288],[6.975282,50.935373]]]},"properties":{"id":"DENW37AL100064EI","h":14.7,"min_z":45.9,"max_z":60.5}},{"type":"Feature","id":"DENW37AL100064Mg","geometry":{"type":"Polygon","coordinates":[[[6.975038,50.937751],[6.975001,50.937749],[6.974993,50.937799],[6.975045,50.937802],[6.97505,50.937769],[6.975053,50.937752],[6.975038,50.937751]]]},"properties":{"id":"DENW37AL100064Mg","h":12.3,"min_z":44.4,"max_z":56.7}},{"type":"Feature","id":"DENW37AL100064g0","geometry":{"type":"Polygon","coordinates":[[[6.975058,50.936633],[6.974882,50.936623],[6.974882,50.936649],[6.974878,50.936678],[6.974873,50.936706],[6.974886,50.936707],[6.974881,50.936733],[6.975035,50.936743],[6.975046,50.936688],[6.975053,50.936654],[6.975055,50.936641],[6.975058,50.936633]]]},"properties":{"id":"DENW37AL100064g0","h":18.8,"min_z":44.8,"max_z":63.6}},{"type":"Feature","id":"DENW37AL100063kb","geometry":{"type":"Polygon","coordinates":[[[6.971633,50.934152],[6.971836,50.934158],[6.971842,50.934075],[6.97164,50.934069],[6.971633,50.934152]]]},"properties":{"id":"DENW37AL100063kb","h":15.0,"min_z":46.3,"max_z":61.3}},{"type":"Feature","id":"DENW37AL10006669","geometry":{"type":"Polygon","coordinates":[[[6.973199,50.935906],[6.973197,50.935948],[6.973197,50.935953],[6.973359,50.935957],[6.973362,50.93591],[6.973199,50.935906]]]},"properties":{"id":"DENW37AL10006669","h":18.0,"min_z":45.5,"max_z":63.4}},{"type":"Feature","id":"DENW37AL100063U2","geometry":{"type":"Polygon","coordinates":[[[6.974471,50.935941],[6.974617,50.935942],[6.974616,50.935917],[6.974615,50.935893],[6.974469,50.935893],[6.974471,50.935941]]]},"properties":{"id":"DENW37AL100063U2","h":16.8,"min_z":45.7,"max_z":62.5}},{"type":"Feature","id":"DENW37AL1000660a","geometry":{"type":"Polygon","coordinates":[[[6.974918,50.931345],[6.974997,50.931381],[6.975082,50.931419],[6.975217,50.931292],[6.975225,50.931285],[6.975101,50.931229],[6.975042,50.931281],[6.975007,50.931265],[6.974918,50.931345]]]},"properties":{"id":"DENW37AL1000660a","h":20.4,"min_z":46.1,"max_z":66.5}},{"type":"Feature","id":"DENW37AL1000662e","geometry":{"type":"Polygon","coordinates":[[[6.977507,50.932684],[6.977564,50.932662],[6.977541,50.932639],[6.977519,50.932616],[6.977485,50.932582],[6.977428,50.932604],[6.977507,50.932684]]]},"properties":{"id":"DENW37AL1000662e","h":17.6,"min_z":45.8,"max_z":63.4}},{"type":"Feature","id":"DENW37AL100065dB","geometry":{"type":"Polygon","coordinates":[[[6.974613,50.936558],[6.974611,50.936604],[6.974657,50.936605],[6.974665,50.936548],[6.974628,50.936547],[6.974627,50.936558],[6.974613,50.936558]]]},"properties":{"id":"DENW37AL100065dB","h":4.6,"min_z":45.0,"max_z":49.6}},{"type":"Feature","id":"DENW37AL100064pB","geometry":{"type":"Polygon","coordinates":[[[6.978914,50.935671],[6.978845,50.935673],[6.978848,50.935709],[6.978851,50.935709],[6.978856,50.93577],[6.978861,50.935769],[6.978861,50.935769],[6.978901,50.935767],[6.978903,50.935783],[6.978995,50.93578],[6.978988,50.935684],[6.978915,50.935687],[6.978914,50.935671]]]},"properties":{"id":"DENW37AL100064pB","h":3.4,"min_z":46.6,"max_z":50.0}},{"type":"Feature","id":"DENW37AL1000699C","geometry":{"type":"Polygon","coordinates":[[[6.976774,50.935626],[6.976806,50.935627],[6.976811,50.935584],[6.976779,50.935583],[6.976774,50.935626]]]},"properties":{"id":"DENW37AL1000699C","h":2.2,"min_z":45.9,"max_z":48.1}},{"type":"Feature","id":"DENW37AL10006670","geometry":{"type":"Polygon","coordinates":[[[6.978563,50.933986],[6.978702,50.933958],[6.978657,50.933868],[6.978518,50.933895],[6.978563,50.933986]]]},"properties":{"id":"DENW37AL10006670","h":18.8,"min_z":45.3,"max_z":64.1}},{"type":"Feature","id":"DENW37AL100063tV","geometry":{"type":"Polygon","coordinates":[[[6.974713,50.93354],[6.974913,50.933595],[6.974979,50.9335],[6.974776,50.933446],[6.974761,50.933469],[6.974713,50.93354]]]},"properties":{"id":"DENW37AL100063tV","h":18.4,"min_z":45.8,"max_z":64.2}},{"type":"Feature","id":"DENW37AL100064xt","geometry":{"type":"Polygon","coordinates":[[[6.974688,50.938802],[6.974718,50.938718],[6.974676,50.938711],[6.97463,50.938704],[6.974602,50.93879],[6.974688,50.938802]]]},"properties":{"id":"DENW37AL100064xt","h":13.8,"min_z":44.5,"max_z":58.3}},{"type":"Feature","id":"DENW37AL100065jy","geometry":{"type":"Polygon","coordinates":[[[6.976341,50.934216],[6.976358,50.934282],[6.976364,50.934307],[6.976366,50.934313],[6.97658,50.934288],[6.976552,50.93419],[6.976341,50.934216]]]},"properties":{"id":"DENW37AL100065jy","h":16.0,"min_z":45.9,"max_z":61.8}},{"type":"Feature","id":"DENW37AL100065lb","geometry":{"type":"Polygon","coordinates":[[[6.978296,50.935748],[6.9783,50.935768],[6.978285,50.935785],[6.978251,50.935786],[6.978256,50.935824],[6.978383,50.935817],[6.978373,50.935744],[6.978296,50.935748]]]},"properties":{"id":"DENW37AL100065lb","h":4.2,"min_z":44.8,"max_z":49.0}},{"type":"Feature","id":"DENW37AL100064Bo","geometry":{"type":"Polygon","coordinates":[[[6.976586,50.931542],[6.976616,50.931565],[6.976639,50.931583],[6.976707,50.931548],[6.976691,50.931535],[6.976815,50.93147],[6.976782,50.931444],[6.976759,50.931426],[6.976723,50.931445],[6.976745,50.931462],[6.976716,50.931475],[6.976695,50.931458],[6.976659,50.931478],[6.976681,50.931495],[6.976653,50.931508],[6.976629,50.93149],[6.976595,50.931508],[6.976619,50.931525],[6.976586,50.931542]]]},"properties":{"id":"DENW37AL100064Bo","h":7.1,"min_z":46.4,"max_z":53.5}},{"type":"Feature","id":"DENW37AL100064RL","geometry":{"type":"Polygon","coordinates":[[[6.972224,50.93796],[6.972211,50.937874],[6.97209,50.937882],[6.972092,50.937891],[6.972105,50.937968],[6.972224,50.93796]]]},"properties":{"id":"DENW37AL100064RL","h":14.2,"min_z":45.1,"max_z":59.3}},{"type":"Feature","id":"DENW37AL2FO000D7","geometry":{"type":"Polygon","coordinates":[[[6.972273,50.938322],[6.972259,50.938341],[6.972345,50.938366],[6.972358,50.938347],[6.972273,50.938322]]]},"properties":{"id":"DENW37AL2FO000D7","h":11.9,"min_z":45.3,"max_z":57.2}},{"type":"Feature","id":"DENW37AL100065cJ","geometry":{"type":"Polygon","coordinates":[[[6.974599,50.934557],[6.974599,50.934601],[6.974668,50.9346],[6.974668,50.934565],[6.974661,50.934564],[6.97466,50.934557],[6.974599,50.934557]]]},"properties":{"id":"DENW37AL100065cJ","h":14.5,"min_z":46.7,"max_z":61.2}},{"type":"Feature","id":"DENW37AL100066w7","geometry":{"type":"Polygon","coordinates":[[[6.975271,50.934252],[6.975271,50.934279],[6.975271,50.934304],[6.975354,50.934303],[6.975355,50.934252],[6.975271,50.934252]]]},"properties":{"id":"DENW37AL100066w7","h":11.2,"min_z":46.6,"max_z":57.7}},{"type":"Feature","id":"DENW37AL100066B7","geometry":{"type":"Polygon","coordinates":[[[6.978582,50.936705],[6.978856,50.936722],[6.978863,50.936669],[6.978676,50.936662],[6.978587,50.936658],[6.978582,50.936705]]]},"properties":{"id":"DENW37AL100066B7","h":10.0,"min_z":45.5,"max_z":55.6}},{"type":"Feature","id":"DENW37AL100064Hl","geometry":{"type":"Polygon","coordinates":[[[6.973622,50.935577],[6.973559,50.935584],[6.973557,50.935589],[6.973504,50.935595],[6.97351,50.935614],[6.973495,50.935616],[6.973634,50.935619],[6.973622,50.935577]]]},"properties":{"id":"DENW37AL100064Hl","h":17.3,"min_z":45.8,"max_z":63.2}},{"type":"Feature","id":"DENW37AL100065EC","geometry":{"type":"Polygon","coordinates":[[[6.977389,50.938922],[6.977389,50.938929],[6.977392,50.938941],[6.97742,50.939032],[6.977654,50.938998],[6.977612,50.938888],[6.977515,50.938903],[6.977512,50.938897],[6.977471,50.938903],[6.977473,50.938909],[6.977389,50.938922]]]},"properties":{"id":"DENW37AL100065EC","h":19.6,"min_z":45.6,"max_z":65.2}},{"type":"Feature","id":"DENW37AL3qd00018","geometry":{"type":"Polygon","coordinates":[[[6.974633,50.934223],[6.974634,50.934287],[6.974676,50.934287],[6.974731,50.934286],[6.97473,50.934265],[6.974728,50.934222],[6.974633,50.934223]]]},"properties":{"id":"DENW37AL3qd00018","h":3.3,"min_z":46.8,"max_z":50.1}},{"type":"Feature","id":"DENW37AL100064DK","geometry":{"type":"Polygon","coordinates":[[[6.976365,50.937961],[6.976355,50.937906],[6.976353,50.937906],[6.976353,50.937909],[6.976354,50.937914],[6.976343,50.937915],[6.976161,50.938018],[6.97618,50.938033],[6.976186,50.93803],[6.97621,50.938047],[6.976365,50.937961]]]},"properties":{"id":"DENW37AL100064DK","h":4.0,"min_z":44.3,"max_z":48.4}},{"type":"Feature","id":"DENW37AL1000653N","geometry":{"type":"Polygon","coordinates":[[[6.973182,50.935595],[6.973173,50.935561],[6.973088,50.935572],[6.973098,50.935605],[6.973182,50.935595]]]},"properties":{"id":"DENW37AL1000653N","h":8.5,"min_z":46.1,"max_z":54.6}},{"type":"Feature","id":"DENW37AL100064YI","geometry":{"type":"Polygon","coordinates":[[[6.973966,50.938007],[6.973932,50.93804],[6.973897,50.938076],[6.973896,50.93808],[6.974022,50.938084],[6.974024,50.938077],[6.974032,50.938033],[6.973966,50.938007]]]},"properties":{"id":"DENW37AL100064YI","h":3.4,"min_z":45.1,"max_z":48.5}},{"type":"Feature","id":"DENW37AL1000654W","geometry":{"type":"Polygon","coordinates":[[[6.972874,50.935159],[6.972884,50.9352],[6.973047,50.935187],[6.973035,50.935137],[6.973026,50.935137],[6.972952,50.935144],[6.972954,50.935152],[6.972874,50.935159]]]},"properties":{"id":"DENW37AL1000654W","h":15.4,"min_z":46.1,"max_z":61.5}},{"type":"Feature","id":"DENW37AL100064g2","geometry":{"type":"Polygon","coordinates":[[[6.97141,50.933032],[6.971359,50.933081],[6.971425,50.933109],[6.971497,50.933041],[6.97143,50.933013],[6.97141,50.933032]]]},"properties":{"id":"DENW37AL100064g2","h":2.9,"min_z":45.6,"max_z":48.5}},{"type":"Feature","id":"DENW37ALY40000F2","geometry":{"type":"Polygon","coordinates":[[[6.976164,50.937275],[6.976255,50.93728],[6.976264,50.937213],[6.976175,50.937207],[6.976164,50.937275]]]},"properties":{"id":"DENW37ALY40000F2","h":3.2,"min_z":44.6,"max_z":47.9}},{"type":"Feature","id":"DENW37AL100067cx","geometry":{"type":"Polygon","coordinates":[[[6.971503,50.933148],[6.971556,50.933171],[6.971581,50.933181],[6.971631,50.933135],[6.971552,50.933101],[6.971508,50.933143],[6.971503,50.933148]]]},"properties":{"id":"DENW37AL100067cx","h":8.3,"min_z":45.7,"max_z":54.0}},{"type":"Feature","id":"DENW37AL100064b8","geometry":{"type":"Polygon","coordinates":[[[6.972551,50.93865],[6.972551,50.938648],[6.972543,50.938649],[6.972545,50.938674],[6.972546,50.938699],[6.97255,50.938749],[6.972577,50.93914],[6.972766,50.939133],[6.972764,50.939101],[6.972756,50.938985],[6.972745,50.938833],[6.972732,50.938651],[6.972738,50.938651],[6.972738,50.938645],[6.972551,50.93865]]]},"properties":{"id":"DENW37AL100064b8","h":26.7,"min_z":44.9,"max_z":71.7}},{"type":"Feature","id":"DENW37AL100074SA","geometry":{"type":"Polygon","coordinates":[[[6.974443,50.938021],[6.974441,50.938021],[6.974436,50.938062],[6.974483,50.938065],[6.974487,50.938027],[6.974492,50.937989],[6.974446,50.937986],[6.974443,50.938021]]]},"properties":{"id":"DENW37AL100074SA","h":3.0,"min_z":44.8,"max_z":47.9}},{"type":"Feature","id":"DENW37AL1000641q","geometry":{"type":"Polygon","coordinates":[[[6.974589,50.935347],[6.97459,50.935376],[6.974649,50.935375],[6.974656,50.935375],[6.974657,50.935348],[6.974589,50.935347]]]},"properties":{"id":"DENW37AL1000641q","h":8.8,"min_z":46.3,"max_z":55.2}},{"type":"Feature","id":"DENW37AL1000659w","geometry":{"type":"Polygon","coordinates":[[[6.975472,50.93636],[6.97546,50.936408],[6.975586,50.936421],[6.975598,50.936372],[6.975515,50.936364],[6.975472,50.93636]]]},"properties":{"id":"DENW37AL1000659w","h":11.3,"min_z":45.0,"max_z":56.4}},{"type":"Feature","id":"DENW37AL100065km","geometry":{"type":"Polygon","coordinates":[[[6.975413,50.935744],[6.975423,50.935714],[6.97537,50.935712],[6.975358,50.93574],[6.975413,50.935744]]]},"properties":{"id":"DENW37AL100065km","h":14.0,"min_z":45.4,"max_z":59.5}},{"type":"Feature","id":"DENW37AL100065y5","geometry":{"type":"Polygon","coordinates":[[[6.975776,50.934865],[6.975635,50.934851],[6.97562,50.934913],[6.975632,50.934914],[6.975759,50.934927],[6.975776,50.934865]]]},"properties":{"id":"DENW37AL100065y5","h":14.8,"min_z":45.7,"max_z":60.4}},{"type":"Feature","id":"DENW37AL100064aZ","geometry":{"type":"Polygon","coordinates":[[[6.975015,50.935469],[6.974971,50.935467],[6.974966,50.935532],[6.975011,50.935534],[6.975015,50.935469]]]},"properties":{"id":"DENW37AL100064aZ","h":3.5,"min_z":45.8,"max_z":49.3}},{"type":"Feature","id":"DENW37AL1000661L","geometry":{"type":"Polygon","coordinates":[[[6.975017,50.934431],[6.975017,50.934514],[6.975064,50.934514],[6.975064,50.934453],[6.975064,50.934431],[6.975017,50.934431]]]},"properties":{"id":"DENW37AL1000661L","h":10.1,"min_z":46.4,"max_z":56.5}},{"type":"Feature","id":"DENW37AL1000668j","geometry":{"type":"Polygon","coordinates":[[[6.97374,50.934852],[6.97362,50.934867],[6.973645,50.934924],[6.973649,50.934935],[6.973781,50.934918],[6.973839,50.93491],[6.973822,50.934872],[6.973809,50.934843],[6.973789,50.934846],[6.97374,50.934852]]]},"properties":{"id":"DENW37AL1000668j","h":6.9,"min_z":46.2,"max_z":53.1}},{"type":"Feature","id":"DENW37AL30000aWQ","geometry":{"type":"Polygon","coordinates":[[[6.972315,50.937426],[6.972324,50.93748],[6.97334,50.937415],[6.973331,50.937361],[6.972315,50.937426]]]},"properties":{"id":"DENW37AL30000aWQ","h":4.9,"min_z":45.3,"max_z":50.2}},{"type":"Feature","id":"DENW37AL100064YV","geometry":{"type":"Polygon","coordinates":[[[6.975539,50.934173],[6.975539,50.93418],[6.975593,50.93418],[6.975659,50.934097],[6.975642,50.934091],[6.975538,50.934092],[6.975539,50.934173]]]},"properties":{"id":"DENW37AL100064YV","h":20.7,"min_z":45.5,"max_z":66.2}},{"type":"Feature","id":"DENW37AL100066ne","geometry":{"type":"Polygon","coordinates":[[[6.974032,50.935744],[6.974067,50.935743],[6.974063,50.935711],[6.974029,50.935712],[6.974032,50.935744]]]},"properties":{"id":"DENW37AL100066ne","h":9.9,"min_z":46.1,"max_z":56.0}},{"type":"Feature","id":"DENW37AL100064AT","geometry":{"type":"Polygon","coordinates":[[[6.975163,50.930401],[6.975178,50.930408],[6.975206,50.930384],[6.975191,50.930377],[6.975163,50.930401]]]},"properties":{"id":"DENW37AL100064AT","h":18.1,"min_z":46.9,"max_z":64.9}},{"type":"Feature","id":"DENW37AL100065HR","geometry":{"type":"Polygon","coordinates":[[[6.976696,50.936382],[6.976711,50.936274],[6.976544,50.936263],[6.976528,50.936373],[6.976696,50.936382]]]},"properties":{"id":"DENW37AL100065HR","h":23.6,"min_z":45.5,"max_z":69.1}},{"type":"Feature","id":"DENW37AL100064wH","geometry":{"type":"Polygon","coordinates":[[[6.973202,50.935823],[6.973182,50.935823],[6.97318,50.935868],[6.9732,50.93587],[6.973199,50.935906],[6.97328,50.935908],[6.973362,50.93591],[6.973372,50.935738],[6.973335,50.935741],[6.973304,50.935745],[6.973288,50.935747],[6.973234,50.935754],[6.973205,50.935755],[6.973202,50.935823]]]},"properties":{"id":"DENW37AL100064wH","h":18.2,"min_z":45.5,"max_z":63.7}},{"type":"Feature","id":"DENW37AL100063vZ","geometry":{"type":"Polygon","coordinates":[[[6.976353,50.938638],[6.976421,50.938849],[6.976492,50.93884],[6.976594,50.938827],[6.976593,50.938822],[6.976527,50.938619],[6.976374,50.938635],[6.976353,50.938638]]]},"properties":{"id":"DENW37AL100063vZ","h":24.1,"min_z":44.9,"max_z":69.0}},{"type":"Feature","id":"DENW37AL100064h6","geometry":{"type":"Polygon","coordinates":[[[6.973141,50.937929],[6.973343,50.937906],[6.973317,50.937815],[6.973114,50.937839],[6.973141,50.937929]]]},"properties":{"id":"DENW37AL100064h6","h":16.7,"min_z":45.5,"max_z":62.3}},{"type":"Feature","id":"DENW37AL100066qO","geometry":{"type":"Polygon","coordinates":[[[6.972788,50.935124],[6.972789,50.935131],[6.972793,50.935151],[6.972802,50.93515],[6.972795,50.935123],[6.972788,50.935124]]]},"properties":{"id":"DENW37AL100066qO","h":13.8,"min_z":46.1,"max_z":59.9}},{"type":"Feature","id":"DENW37AL100065qA","geometry":{"type":"Polygon","coordinates":[[[6.976364,50.930172],[6.976313,50.930149],[6.976304,50.930156],[6.976257,50.930196],[6.976218,50.93023],[6.976162,50.930278],[6.976214,50.930301],[6.976277,50.93033],[6.976427,50.930201],[6.976364,50.930172]]]},"properties":{"id":"DENW37AL100065qA","h":17.1,"min_z":46.3,"max_z":63.3}},{"type":"Feature","id":"DENW37AL100064Cl","geometry":{"type":"Polygon","coordinates":[[[6.971935,50.934027],[6.972027,50.93403],[6.97203,50.933951],[6.971988,50.93395],[6.971939,50.933949],[6.971935,50.934027]]]},"properties":{"id":"DENW37AL100064Cl","h":14.7,"min_z":46.5,"max_z":61.1}},{"type":"Feature","id":"DENW37ALaK0000FV","geometry":{"type":"Polygon","coordinates":[[[6.975462,50.935432],[6.975507,50.935436],[6.975507,50.935436],[6.975462,50.935432],[6.975462,50.935432]]]},"properties":{"id":"DENW37ALaK0000FV","h":7.6,"min_z":45.7,"max_z":53.3}},{"type":"Feature","id":"DENW37AL100065L1","geometry":{"type":"Polygon","coordinates":[[[6.975101,50.935405],[6.975096,50.935451],[6.975108,50.935452],[6.975162,50.935454],[6.975166,50.935408],[6.975101,50.935405]]]},"properties":{"id":"DENW37AL100065L1","h":2.5,"min_z":46.1,"max_z":48.5}},{"type":"Feature","id":"DENW37AL100065Hg","geometry":{"type":"Polygon","coordinates":[[[6.975363,50.930847],[6.975279,50.930925],[6.975409,50.930981],[6.975494,50.930903],[6.975363,50.930847]]]},"properties":{"id":"DENW37AL100065Hg","h":16.5,"min_z":46.0,"max_z":62.5}},{"type":"Feature","id":"DENW37AL3qf0005T","geometry":{"type":"Polygon","coordinates":[[[6.974052,50.938622],[6.9742,50.938642],[6.97421,50.938613],[6.974063,50.938591],[6.974052,50.938622]]]},"properties":{"id":"DENW37AL3qf0005T","h":3.2,"min_z":44.7,"max_z":47.8}},{"type":"Feature","id":"DENW37AL100064CY","geometry":{"type":"Polygon","coordinates":[[[6.971508,50.932726],[6.971472,50.932719],[6.971468,50.932726],[6.971505,50.932733],[6.971508,50.932726]]]},"properties":{"id":"DENW37AL100064CY","h":16.3,"min_z":45.7,"max_z":62.0}},{"type":"Feature","id":"DENW37AL100074Sg","geometry":{"type":"Polygon","coordinates":[[[6.97309,50.935399],[6.973068,50.935401],[6.973082,50.935459],[6.973103,50.935457],[6.97309,50.935399]]]},"properties":{"id":"DENW37AL100074Sg","h":11.4,"min_z":46.3,"max_z":57.7}},{"type":"Feature","id":"DENW37AL100063cF","geometry":{"type":"Polygon","coordinates":[[[6.972771,50.9353],[6.972697,50.935305],[6.972717,50.935413],[6.972792,50.935406],[6.972771,50.9353]]]},"properties":{"id":"DENW37AL100063cF","h":14.9,"min_z":45.9,"max_z":60.8}},{"type":"Feature","id":"DENW37AL100065up","geometry":{"type":"Polygon","coordinates":[[[6.973226,50.930237],[6.973176,50.930282],[6.973412,50.930388],[6.973463,50.930344],[6.973429,50.930328],[6.97327,50.930257],[6.973226,50.930237]]]},"properties":{"id":"DENW37AL100065up","h":2.4,"min_z":46.6,"max_z":49.0}},{"type":"Feature","id":"DENW37AL1000645N","geometry":{"type":"Polygon","coordinates":[[[6.973136,50.938045],[6.973095,50.938098],[6.973136,50.93811],[6.973176,50.938057],[6.973136,50.938045]]]},"properties":{"id":"DENW37AL1000645N","h":3.7,"min_z":45.0,"max_z":48.7}},{"type":"Feature","id":"DENW37AL10006yHG","geometry":{"type":"Polygon","coordinates":[[[6.974188,50.938407],[6.974234,50.938409],[6.97424,50.938359],[6.974194,50.938357],[6.974188,50.938407]]]},"properties":{"id":"DENW37AL10006yHG","h":5.7,"min_z":45.4,"max_z":51.1}},{"type":"Feature","id":"DENW37AL100064M7","geometry":{"type":"Polygon","coordinates":[[[6.974911,50.938563],[6.974926,50.938564],[6.97493,50.938537],[6.974913,50.938545],[6.974911,50.938563]]]},"properties":{"id":"DENW37AL100064M7","h":17.2,"min_z":44.6,"max_z":61.8}},{"type":"Feature","id":"DENW37AL100063s9","geometry":{"type":"Polygon","coordinates":[[[6.973002,50.935058],[6.973008,50.935079],[6.973016,50.935104],[6.973161,50.935091],[6.973145,50.935041],[6.973002,50.935058]]]},"properties":{"id":"DENW37AL100063s9","h":16.6,"min_z":46.4,"max_z":63.0}},{"type":"Feature","id":"DENW37AL1000669b","geometry":{"type":"Polygon","coordinates":[[[6.976727,50.93671],[6.976735,50.936657],[6.976736,50.936657],[6.976741,50.936621],[6.97667,50.936617],[6.976592,50.936611],[6.976593,50.936737],[6.976662,50.936741],[6.976718,50.936745],[6.976723,50.936709],[6.976727,50.93671]]]},"properties":{"id":"DENW37AL1000669b","h":23.1,"min_z":44.7,"max_z":67.8}},{"type":"Feature","id":"DENW37AL100063kj","geometry":{"type":"Polygon","coordinates":[[[6.97362,50.933053],[6.97362,50.933053],[6.973531,50.93299],[6.97348,50.932955],[6.973436,50.932924],[6.973388,50.93289],[6.973358,50.932869],[6.973199,50.932956],[6.97325,50.932991],[6.973279,50.933012],[6.973325,50.933043],[6.973346,50.933058],[6.973443,50.933126],[6.973465,50.933141],[6.97351,50.933172],[6.973535,50.93319],[6.973602,50.933236],[6.973633,50.933218],[6.973671,50.933197],[6.973756,50.933148],[6.973665,50.933085],[6.97362,50.933053]]]},"properties":{"id":"DENW37AL100063kj","h":11.8,"min_z":46.0,"max_z":57.8}},{"type":"Feature","id":"DENW37AL100074fc","geometry":{"type":"Polygon","coordinates":[[[6.977497,50.931404],[6.97735,50.931458],[6.977435,50.93155],[6.97768,50.931461],[6.977653,50.931431],[6.977554,50.931467],[6.977497,50.931404]]]},"properties":{"id":"DENW37AL100074fc","h":3.2,"min_z":46.4,"max_z":49.6}},{"type":"Feature","id":"DENW37AL100064CE","geometry":{"type":"Polygon","coordinates":[[[6.97546,50.93392],[6.975459,50.933884],[6.975422,50.933873],[6.975424,50.933921],[6.97546,50.93392]]]},"properties":{"id":"DENW37AL100064CE","h":2.2,"min_z":45.7,"max_z":47.9}},{"type":"Feature","id":"DENW37AL1000667O","geometry":{"type":"Polygon","coordinates":[[[6.974585,50.935462],[6.974585,50.935492],[6.974675,50.935494],[6.974679,50.935462],[6.974585,50.935462]]]},"properties":{"id":"DENW37AL1000667O","h":5.0,"min_z":46.3,"max_z":51.3}},{"type":"Feature","id":"DENW37AL100066GV","geometry":{"type":"Polygon","coordinates":[[[6.97408,50.935096],[6.974071,50.935066],[6.973835,50.935057],[6.973849,50.935087],[6.97408,50.935096]]]},"properties":{"id":"DENW37AL100066GV","h":15.9,"min_z":46.1,"max_z":62.0}},{"type":"Feature","id":"DENW37AL100065B1","geometry":{"type":"Polygon","coordinates":[[[6.977708,50.933706],[6.977984,50.933622],[6.977916,50.933528],[6.977639,50.933612],[6.977708,50.933706]]]},"properties":{"id":"DENW37AL100065B1","h":19.0,"min_z":46.0,"max_z":65.0}},{"type":"Feature","id":"DENW37AL1000654w","geometry":{"type":"Polygon","coordinates":[[[6.973608,50.935307],[6.973685,50.935321],[6.973699,50.935322],[6.973692,50.935287],[6.973688,50.935272],[6.973664,50.935275],[6.973666,50.935279],[6.973602,50.935287],[6.973608,50.935307]]]},"properties":{"id":"DENW37AL1000654w","h":2.9,"min_z":46.4,"max_z":49.3}},{"type":"Feature","id":"DENW37AL100063Th","geometry":{"type":"Polygon","coordinates":[[[6.974714,50.933927],[6.974717,50.934015],[6.974805,50.934014],[6.974802,50.933926],[6.974749,50.933927],[6.974714,50.933927]]]},"properties":{"id":"DENW37AL100063Th","h":15.2,"min_z":46.6,"max_z":61.8}},{"type":"Feature","id":"DENW37AL100065Ej","geometry":{"type":"Polygon","coordinates":[[[6.971643,50.934017],[6.971732,50.93402],[6.971737,50.933942],[6.971648,50.93394],[6.971643,50.934017]]]},"properties":{"id":"DENW37AL100065Ej","h":14.7,"min_z":46.3,"max_z":61.1}},{"type":"Feature","id":"DENW37AL1000651X","geometry":{"type":"Polygon","coordinates":[[[6.978226,50.933129],[6.978076,50.933175],[6.978115,50.933225],[6.978152,50.933273],[6.978328,50.933219],[6.978289,50.933171],[6.978253,50.933125],[6.978229,50.933133],[6.978226,50.933129]]]},"properties":{"id":"DENW37AL1000651X","h":16.4,"min_z":46.0,"max_z":62.4}},{"type":"Feature","id":"DENW37AL100065te","geometry":{"type":"Polygon","coordinates":[[[6.972974,50.937063],[6.973132,50.937053],[6.973134,50.937015],[6.973096,50.937019],[6.973091,50.936994],[6.97291,50.937009],[6.972914,50.937012],[6.972916,50.937014],[6.972923,50.937062],[6.972923,50.937066],[6.972974,50.937063]]]},"properties":{"id":"DENW37AL100065te","h":5.6,"min_z":43.9,"max_z":49.5}},{"type":"Feature","id":"DENW37AL100065I5","geometry":{"type":"Polygon","coordinates":[[[6.971941,50.933904],[6.97199,50.933905],[6.971993,50.933847],[6.971944,50.933848],[6.971941,50.933904]]]},"properties":{"id":"DENW37AL100065I5","h":6.1,"min_z":46.5,"max_z":52.6}},{"type":"Feature","id":"DENW37AL1000644a","geometry":{"type":"Polygon","coordinates":[[[6.977689,50.931738],[6.978101,50.93207],[6.978237,50.932003],[6.977825,50.93167],[6.977689,50.931738]]]},"properties":{"id":"DENW37AL1000644a","h":14.5,"min_z":45.3,"max_z":59.8}},{"type":"Feature","id":"DENW37AL1000656M","geometry":{"type":"Polygon","coordinates":[[[6.974503,50.937095],[6.974634,50.937103],[6.974644,50.937103],[6.974647,50.93709],[6.974646,50.93709],[6.97466,50.937],[6.974517,50.936991],[6.974503,50.937095]]]},"properties":{"id":"DENW37AL1000656M","h":19.6,"min_z":44.8,"max_z":64.4}},{"type":"Feature","id":"DENW37AL1000671E","geometry":{"type":"Polygon","coordinates":[[[6.971795,50.93547],[6.971801,50.935504],[6.971832,50.935501],[6.971912,50.935494],[6.971907,50.935461],[6.971795,50.93547]]]},"properties":{"id":"DENW37AL1000671E","h":3.1,"min_z":45.7,"max_z":48.8}},{"type":"Feature","id":"DENW37AL100065gw","geometry":{"type":"Polygon","coordinates":[[[6.972497,50.934194],[6.972497,50.934232],[6.97255,50.934233],[6.972552,50.934182],[6.972517,50.934181],[6.972517,50.93419],[6.972509,50.93419],[6.972497,50.934194]]]},"properties":{"id":"DENW37AL100065gw","h":15.0,"min_z":46.5,"max_z":61.4}},{"type":"Feature","id":"DENW37AL100063MK","geometry":{"type":"Polygon","coordinates":[[[6.975563,50.935441],[6.975507,50.935436],[6.975492,50.935484],[6.975491,50.935483],[6.975486,50.935504],[6.975543,50.935509],[6.975601,50.935515],[6.97562,50.935446],[6.975563,50.935441]]]},"properties":{"id":"DENW37AL100063MK","h":13.9,"min_z":45.5,"max_z":59.4}},{"type":"Feature","id":"DENW37AL100064YF","geometry":{"type":"Polygon","coordinates":[[[6.974666,50.935339],[6.974675,50.935339],[6.974769,50.935343],[6.974777,50.93527],[6.974673,50.935267],[6.974667,50.935323],[6.974666,50.935339]]]},"properties":{"id":"DENW37AL100064YF","h":14.5,"min_z":46.4,"max_z":60.9}},{"type":"Feature","id":"DENW37AL100064AB","geometry":{"type":"Polygon","coordinates":[[[6.972575,50.935426],[6.97268,50.935416],[6.97266,50.935308],[6.972555,50.935316],[6.972575,50.935426]]]},"properties":{"id":"DENW37AL100064AB","h":14.9,"min_z":45.9,"max_z":60.8}},{"type":"Feature","id":"DENW37AL100065q1","geometry":{"type":"Polygon","coordinates":[[[6.9749,50.936858],[6.974898,50.936878],[6.975037,50.936887],[6.975041,50.936866],[6.9749,50.936858]]]},"properties":{"id":"DENW37AL100065q1","h":21.2,"min_z":44.7,"max_z":65.9}},{"type":"Feature","id":"DENW37AL1000649G","geometry":{"type":"Polygon","coordinates":[[[6.971955,50.935182],[6.971912,50.935185],[6.971916,50.935201],[6.971923,50.935232],[6.971932,50.935276],[6.971974,50.935272],[6.971955,50.935182]]]},"properties":{"id":"DENW37AL1000649G","h":13.8,"min_z":45.5,"max_z":59.3}},{"type":"Feature","id":"DENW37AL1000652A","geometry":{"type":"Polygon","coordinates":[[[6.974793,50.934424],[6.974703,50.934424],[6.974703,50.934481],[6.974793,50.93448],[6.974793,50.934424]]]},"properties":{"id":"DENW37AL1000652A","h":4.5,"min_z":46.9,"max_z":51.4}},{"type":"Feature","id":"DENW37AL100074ck","geometry":{"type":"Polygon","coordinates":[[[6.974853,50.935403],[6.974897,50.935404],[6.974903,50.935347],[6.974859,50.935347],[6.974853,50.935403]]]},"properties":{"id":"DENW37AL100074ck","h":3.3,"min_z":46.3,"max_z":49.6}},{"type":"Feature","id":"DENW37AL100066Yk","geometry":{"type":"Polygon","coordinates":[[[6.978394,50.937908],[6.97839,50.937875],[6.978301,50.937877],[6.978221,50.937879],[6.978222,50.937885],[6.978222,50.937894],[6.978253,50.938098],[6.978329,50.938091],[6.978408,50.938083],[6.978387,50.937909],[6.978394,50.937908]]]},"properties":{"id":"DENW37AL100066Yk","h":24.1,"min_z":45.0,"max_z":69.1}},{"type":"Feature","id":"DENW37AL100064bG","geometry":{"type":"Polygon","coordinates":[[[6.973435,50.938633],[6.973409,50.938605],[6.973435,50.938539],[6.973427,50.938538],[6.973396,50.938626],[6.973396,50.938627],[6.973435,50.938633]]]},"properties":{"id":"DENW37AL100064bG","h":15.3,"min_z":44.6,"max_z":59.8}},{"type":"Feature","id":"DENW37AL100065ed","geometry":{"type":"Polygon","coordinates":[[[6.975711,50.936784],[6.975752,50.936787],[6.975763,50.936737],[6.975769,50.93671],[6.975724,50.936707],[6.975711,50.936784]]]},"properties":{"id":"DENW37AL100065ed","h":24.0,"min_z":44.6,"max_z":68.6}},{"type":"Feature","id":"DENW37AL100063nN","geometry":{"type":"Polygon","coordinates":[[[6.977892,50.931447],[6.977923,50.931487],[6.97796,50.931474],[6.977929,50.931434],[6.977892,50.931447]]]},"properties":{"id":"DENW37AL100063nN","h":32.6,"min_z":46.5,"max_z":79.1}},{"type":"Feature","id":"DENW37AL100064pQ","geometry":{"type":"Polygon","coordinates":[[[6.974953,50.938745],[6.974951,50.93875],[6.974927,50.938747],[6.974897,50.93883],[6.975017,50.938846],[6.975032,50.938753],[6.974973,50.938747],[6.974953,50.938745]]]},"properties":{"id":"DENW37AL100064pQ","h":19.5,"min_z":44.4,"max_z":63.9}},{"type":"Feature","id":"DENW37AL10006yID","geometry":{"type":"Polygon","coordinates":[[[6.97574,50.934356],[6.97574,50.934458],[6.97574,50.934501],[6.975776,50.934501],[6.975778,50.934479],[6.9758,50.93448],[6.975812,50.934355],[6.97574,50.934356]]]},"properties":{"id":"DENW37AL10006yID","h":3.1,"min_z":45.9,"max_z":49.0}},{"type":"Feature","id":"DENW37AL10006yFb","geometry":{"type":"Polygon","coordinates":[[[6.97564,50.936451],[6.975651,50.936428],[6.975586,50.936421],[6.97558,50.936446],[6.97564,50.936451]]]},"properties":{"id":"DENW37AL10006yFb","h":4.5,"min_z":45.3,"max_z":49.8}},{"type":"Feature","id":"DENW37ALZu0000G1","geometry":{"type":"Polygon","coordinates":[[[6.974959,50.936288],[6.974991,50.936201],[6.974902,50.936195],[6.974876,50.936362],[6.974891,50.936363],[6.974895,50.936348],[6.974935,50.936352],[6.974959,50.936288]]]},"properties":{"id":"DENW37ALZu0000G1","h":4.3,"min_z":44.8,"max_z":49.1}},{"type":"Feature","id":"DENW37AL100074w8","geometry":{"type":"Polygon","coordinates":[[[6.97261,50.937026],[6.972611,50.93703],[6.972616,50.937055],[6.972642,50.937053],[6.972642,50.937052],[6.972658,50.937051],[6.972652,50.937024],[6.97261,50.937026]]]},"properties":{"id":"DENW37AL100074w8","h":4.0,"min_z":43.5,"max_z":47.6}},{"type":"Feature","id":"DENW37AL100066pI","geometry":{"type":"Polygon","coordinates":[[[6.974877,50.935103],[6.974931,50.935105],[6.974938,50.935032],[6.974884,50.93503],[6.974877,50.935103]]]},"properties":{"id":"DENW37AL100066pI","h":3.5,"min_z":46.4,"max_z":49.9}},{"type":"Feature","id":"DENW37AL100063lc","geometry":{"type":"Polygon","coordinates":[[[6.971853,50.935076],[6.971826,50.93509],[6.971832,50.935143],[6.971882,50.935142],[6.971879,50.935125],[6.971942,50.935122],[6.971929,50.935061],[6.971853,50.935076]]]},"properties":{"id":"DENW37AL100063lc","h":2.4,"min_z":45.8,"max_z":48.2}},{"type":"Feature","id":"DENW37AL100066qq","geometry":{"type":"Polygon","coordinates":[[[6.973503,50.937464],[6.973461,50.937468],[6.973468,50.937522],[6.973511,50.937519],[6.973503,50.937464]]]},"properties":{"id":"DENW37AL100066qq","h":7.9,"min_z":43.3,"max_z":51.2}},{"type":"Feature","id":"DENW37AL100065kZ","geometry":{"type":"Polygon","coordinates":[[[6.975411,50.934361],[6.975386,50.934361],[6.975373,50.934362],[6.97541,50.934398],[6.975421,50.934408],[6.975449,50.934397],[6.975411,50.934361]]]},"properties":{"id":"DENW37AL100065kZ","h":3.0,"min_z":46.0,"max_z":49.0}},{"type":"Feature","id":"DENW37AL100067Xy","geometry":{"type":"Polygon","coordinates":[[[6.971929,50.935061],[6.971932,50.935061],[6.972006,50.935046],[6.971984,50.935017],[6.971921,50.934933],[6.971795,50.934968],[6.971832,50.935038],[6.971853,50.935076],[6.971929,50.935061]]]},"properties":{"id":"DENW37AL100067Xy","h":5.3,"min_z":46.1,"max_z":51.4}},{"type":"Feature","id":"DENW37AL100063W4","geometry":{"type":"Polygon","coordinates":[[[6.973616,50.936867],[6.973423,50.936867],[6.973419,50.937074],[6.973601,50.937072],[6.973618,50.937072],[6.973617,50.936982],[6.973616,50.936867]]]},"properties":{"id":"DENW37AL100063W4","h":23.9,"min_z":45.4,"max_z":69.4}},{"type":"Feature","id":"DENW37AL100065Ug","geometry":{"type":"Polygon","coordinates":[[[6.977371,50.932414],[6.977362,50.932406],[6.977374,50.932401],[6.977357,50.932385],[6.977353,50.932387],[6.97734,50.932376],[6.977332,50.932379],[6.977292,50.932344],[6.977224,50.932374],[6.977171,50.932398],[6.977248,50.932467],[6.977274,50.932456],[6.977282,50.932463],[6.977284,50.932462],[6.977309,50.932451],[6.977334,50.93244],[6.977327,50.932433],[6.977371,50.932414]]]},"properties":{"id":"DENW37AL100065Ug","h":13.0,"min_z":46.6,"max_z":59.6}},{"type":"Feature","id":"DENW37AL100065uQ","geometry":{"type":"Polygon","coordinates":[[[6.975712,50.931877],[6.975789,50.931942],[6.97582,50.931916],[6.97582,50.931916],[6.975843,50.931896],[6.975744,50.93185],[6.975712,50.931877]]]},"properties":{"id":"DENW37AL100065uQ","h":21.5,"min_z":46.5,"max_z":68.0}},{"type":"Feature","id":"DENW37AL1000640n","geometry":{"type":"Polygon","coordinates":[[[6.972566,50.937221],[6.97258,50.93731],[6.972697,50.937303],[6.972683,50.937213],[6.972566,50.937221]]]},"properties":{"id":"DENW37AL1000640n","h":7.9,"min_z":43.4,"max_z":51.3}},{"type":"Feature","id":"DENW37AL100064rf","geometry":{"type":"Polygon","coordinates":[[[6.97647,50.932628],[6.976596,50.932737],[6.976735,50.932673],[6.976609,50.932564],[6.97647,50.932628]]]},"properties":{"id":"DENW37AL100064rf","h":21.9,"min_z":46.2,"max_z":68.1}},{"type":"Feature","id":"DENW37AL100066iP","geometry":{"type":"Polygon","coordinates":[[[6.971563,50.933893],[6.971512,50.933892],[6.97151,50.933922],[6.971514,50.933924],[6.971526,50.933925],[6.971525,50.933935],[6.97156,50.933936],[6.971563,50.933893]]]},"properties":{"id":"DENW37AL100066iP","h":9.2,"min_z":46.7,"max_z":55.9}},{"type":"Feature","id":"DENW37AL100066Ko","geometry":{"type":"Polygon","coordinates":[[[6.975489,50.938516],[6.975521,50.938539],[6.975547,50.938557],[6.975561,50.938549],[6.975572,50.938543],[6.975574,50.938542],[6.975579,50.93854],[6.975583,50.938537],[6.975524,50.938496],[6.975513,50.938503],[6.975502,50.938509],[6.975489,50.938516]]]},"properties":{"id":"DENW37AL100066Ko","h":15.2,"min_z":44.3,"max_z":59.5}},{"type":"Feature","id":"DENW37AL100065K7","geometry":{"type":"Polygon","coordinates":[[[6.973526,50.936338],[6.973602,50.936341],[6.973605,50.936311],[6.973609,50.936265],[6.9736,50.936265],[6.973531,50.936262],[6.973454,50.93626],[6.97345,50.936336],[6.973526,50.936338]]]},"properties":{"id":"DENW37AL100065K7","h":18.2,"min_z":45.0,"max_z":63.2}},{"type":"Feature","id":"DENW37AL100065H9","geometry":{"type":"Polygon","coordinates":[[[6.973984,50.933563],[6.974068,50.933584],[6.974102,50.933508],[6.974018,50.933485],[6.973984,50.933563]]]},"properties":{"id":"DENW37AL100065H9","h":16.8,"min_z":45.5,"max_z":62.3}},{"type":"Feature","id":"DENW37AL100065ID","geometry":{"type":"Polygon","coordinates":[[[6.971795,50.934968],[6.971754,50.934972],[6.971776,50.935043],[6.971832,50.935038],[6.971795,50.934968]]]},"properties":{"id":"DENW37AL100065ID","h":13.7,"min_z":46.1,"max_z":59.8}},{"type":"Feature","id":"DENW37AL100065sD","geometry":{"type":"Polygon","coordinates":[[[6.978019,50.93564],[6.978023,50.935667],[6.978026,50.935692],[6.97811,50.935687],[6.978153,50.935685],[6.97815,50.93566],[6.978146,50.935633],[6.978098,50.935636],[6.978019,50.93564]]]},"properties":{"id":"DENW37AL100065sD","h":24.1,"min_z":45.6,"max_z":69.7}},{"type":"Feature","id":"DENW37AL100064Y9","geometry":{"type":"Polygon","coordinates":[[[6.97318,50.935657],[6.973107,50.935665],[6.973113,50.935697],[6.97315,50.935693],[6.973174,50.935691],[6.973189,50.935689],[6.973182,50.935666],[6.97318,50.935657]]]},"properties":{"id":"DENW37AL100064Y9","h":6.7,"min_z":45.8,"max_z":52.5}},{"type":"Feature","id":"DENW37AL100065AU","geometry":{"type":"Polygon","coordinates":[[[6.97449,50.933478],[6.974631,50.933517],[6.974673,50.933445],[6.974693,50.933412],[6.974541,50.933371],[6.97449,50.933478]]]},"properties":{"id":"DENW37AL100065AU","h":21.0,"min_z":46.0,"max_z":67.0}},{"type":"Feature","id":"DENW37AL100063Z3","geometry":{"type":"Polygon","coordinates":[[[6.975721,50.936368],[6.975714,50.936386],[6.975671,50.93638],[6.975651,50.936428],[6.97564,50.936451],[6.975629,50.936476],[6.975614,50.936512],[6.975681,50.936525],[6.975633,50.936618],[6.975617,50.936649],[6.97561,50.936688],[6.975682,50.936691],[6.975685,50.936662],[6.975697,50.93664],[6.975743,50.936554],[6.975758,50.936526],[6.975809,50.936537],[6.975815,50.936524],[6.975825,50.936506],[6.975828,50.936506],[6.97585,50.936462],[6.975772,50.936405],[6.975721,50.936368]]]},"properties":{"id":"DENW37AL100063Z3","h":3.8,"min_z":44.9,"max_z":48.7}},{"type":"Feature","id":"DENW37AL100065rG","geometry":{"type":"Polygon","coordinates":[[[6.97893,50.933818],[6.978973,50.933906],[6.979112,50.933879],[6.979078,50.933809],[6.979069,50.933791],[6.97893,50.933818]]]},"properties":{"id":"DENW37AL100065rG","h":15.5,"min_z":45.3,"max_z":60.9}},{"type":"Feature","id":"DENW37AL100064Ca","geometry":{"type":"Polygon","coordinates":[[[6.977614,50.937244],[6.97762,50.937245],[6.977628,50.937186],[6.977538,50.93718],[6.977532,50.937239],[6.977614,50.937244]]]},"properties":{"id":"DENW37AL100064Ca","h":25.0,"min_z":45.6,"max_z":70.6}},{"type":"Feature","id":"DENW37AL100066Wy","geometry":{"type":"Polygon","coordinates":[[[6.973093,50.938561],[6.973197,50.938577],[6.973271,50.938502],[6.973177,50.938464],[6.973129,50.938457],[6.973093,50.938561]]]},"properties":{"id":"DENW37AL100066Wy","h":16.0,"min_z":44.6,"max_z":60.6}},{"type":"Feature","id":"DENW37AL100064Yt","geometry":{"type":"Polygon","coordinates":[[[6.972135,50.934858],[6.972189,50.934923],[6.972244,50.934904],[6.972283,50.934891],[6.972227,50.934825],[6.972135,50.934858]]]},"properties":{"id":"DENW37AL100064Yt","h":16.7,"min_z":46.3,"max_z":63.0}},{"type":"Feature","id":"DENW37AL100066AU","geometry":{"type":"Polygon","coordinates":[[[6.975455,50.937105],[6.975513,50.937108],[6.975517,50.937082],[6.975555,50.937086],[6.975562,50.937049],[6.975466,50.937041],[6.975455,50.937105]]]},"properties":{"id":"DENW37AL100066AU","h":18.2,"min_z":44.8,"max_z":63.0}},{"type":"Feature","id":"DENW37AL100064z0","geometry":{"type":"Polygon","coordinates":[[[6.977068,50.931733],[6.977068,50.931733],[6.977065,50.931731],[6.977014,50.931758],[6.977022,50.931764],[6.977019,50.931766],[6.976949,50.931803],[6.976978,50.931824],[6.976983,50.931821],[6.977028,50.931854],[6.977092,50.93182],[6.977143,50.931793],[6.977146,50.931791],[6.977068,50.931733]]]},"properties":{"id":"DENW37AL100064z0","h":14.3,"min_z":45.7,"max_z":60.0}},{"type":"Feature","id":"DENW37AL100064vy","geometry":{"type":"Polygon","coordinates":[[[6.974484,50.936436],[6.974512,50.936438],[6.974511,50.936364],[6.974483,50.936365],[6.974484,50.936436]]]},"properties":{"id":"DENW37AL100064vy","h":18.9,"min_z":45.1,"max_z":63.9}},{"type":"Feature","id":"DENW37AL100064JN","geometry":{"type":"Polygon","coordinates":[[[6.978019,50.935692],[6.978024,50.935729],[6.978115,50.935723],[6.97811,50.935687],[6.978026,50.935692],[6.978019,50.935692]]]},"properties":{"id":"DENW37AL100064JN","h":21.3,"min_z":45.4,"max_z":66.7}},{"type":"Feature","id":"DENW37AL1000678r","geometry":{"type":"Polygon","coordinates":[[[6.974369,50.936066],[6.974231,50.93607],[6.974232,50.93608],[6.974232,50.936092],[6.974234,50.936124],[6.97437,50.93612],[6.974369,50.936066]]]},"properties":{"id":"DENW37AL1000678r","h":18.3,"min_z":45.3,"max_z":63.6}},{"type":"Feature","id":"DENW37AL100066bm","geometry":{"type":"Polygon","coordinates":[[[6.975663,50.934742],[6.975805,50.934756],[6.975823,50.934689],[6.975682,50.934674],[6.97568,50.934681],[6.975668,50.934724],[6.975663,50.934742]]]},"properties":{"id":"DENW37AL100066bm","h":16.5,"min_z":45.7,"max_z":62.2}},{"type":"Feature","id":"DENW37AL10006yEx","geometry":{"type":"Polygon","coordinates":[[[6.972837,50.935099],[6.972842,50.935119],[6.972865,50.935117],[6.972968,50.935108],[6.973016,50.935104],[6.973008,50.935079],[6.972837,50.935099]]]},"properties":{"id":"DENW37AL10006yEx","h":2.9,"min_z":46.5,"max_z":49.3}},{"type":"Feature","id":"DENW37AL100063S7","geometry":{"type":"Polygon","coordinates":[[[6.973396,50.935033],[6.973424,50.935132],[6.973729,50.935143],[6.973714,50.935082],[6.973708,50.935068],[6.973571,50.935063],[6.973558,50.935015],[6.973396,50.935033]]]},"properties":{"id":"DENW37AL100063S7","h":15.4,"min_z":46.2,"max_z":61.6}},{"type":"Feature","id":"DENW37AL1000653T","geometry":{"type":"Polygon","coordinates":[[[6.973547,50.936613],[6.973548,50.936604],[6.973552,50.936545],[6.973523,50.936544],[6.973523,50.936543],[6.973509,50.936543],[6.973504,50.936612],[6.973547,50.936613]]]},"properties":{"id":"DENW37AL1000653T","h":6.0,"min_z":45.2,"max_z":51.2}},{"type":"Feature","id":"DENW37AL2FO000Cl","geometry":{"type":"Polygon","coordinates":[[[6.972541,50.937055],[6.972484,50.937061],[6.972495,50.93711],[6.972552,50.937105],[6.972541,50.937055]]]},"properties":{"id":"DENW37AL2FO000Cl","h":3.2,"min_z":43.3,"max_z":46.5}},{"type":"Feature","id":"DENW37AL100064Ti","geometry":{"type":"Polygon","coordinates":[[[6.974888,50.934788],[6.974982,50.934787],[6.974979,50.934681],[6.974886,50.934682],[6.974888,50.934788]]]},"properties":{"id":"DENW37AL100064Ti","h":15.0,"min_z":46.4,"max_z":61.4}},{"type":"Feature","id":"DENW37AL100064vC","geometry":{"type":"Polygon","coordinates":[[[6.977011,50.935557],[6.977011,50.935557],[6.977011,50.935568],[6.977026,50.935568],[6.977026,50.935558],[6.977026,50.935558],[6.977011,50.935557]]]},"properties":{"id":"DENW37AL100064vC","h":23.6,"min_z":45.4,"max_z":69.0}},{"type":"Feature","id":"DENW37AL1000666H","geometry":{"type":"Polygon","coordinates":[[[6.973233,50.934976],[6.973374,50.934958],[6.97335,50.934876],[6.97334,50.934846],[6.973197,50.934865],[6.973233,50.934976]]]},"properties":{"id":"DENW37AL1000666H","h":15.0,"min_z":46.6,"max_z":61.6}},{"type":"Feature","id":"DENW37AL100064Uc","geometry":{"type":"Polygon","coordinates":[[[6.973602,50.936341],[6.97345,50.936336],[6.973446,50.936406],[6.973588,50.936413],[6.973595,50.936413],[6.973602,50.936341]]]},"properties":{"id":"DENW37AL100064Uc","h":15.2,"min_z":45.0,"max_z":60.2}},{"type":"Feature","id":"DENW37AL100063bs","geometry":{"type":"Polygon","coordinates":[[[6.97297,50.932958],[6.972949,50.932954],[6.972825,50.933205],[6.972846,50.933209],[6.97297,50.932958]]]},"properties":{"id":"DENW37AL100063bs","h":17.0,"min_z":45.9,"max_z":62.9}},{"type":"Feature","id":"DENW37AL100063W0","geometry":{"type":"Polygon","coordinates":[[[6.974433,50.938088],[6.974429,50.938117],[6.974476,50.938119],[6.974479,50.938101],[6.974483,50.938065],[6.974436,50.938062],[6.974433,50.938088]]]},"properties":{"id":"DENW37AL100063W0","h":8.2,"min_z":44.8,"max_z":53.1}},{"type":"Feature","id":"DENW37AL100063u5","geometry":{"type":"Polygon","coordinates":[[[6.97591,50.936796],[6.976009,50.936802],[6.976023,50.936714],[6.975925,50.936708],[6.97591,50.936796]]]},"properties":{"id":"DENW37AL100063u5","h":21.9,"min_z":44.5,"max_z":66.4}},{"type":"Feature","id":"DENW37AL100063pY","geometry":{"type":"Polygon","coordinates":[[[6.973055,50.934248],[6.973113,50.934266],[6.973135,50.934232],[6.973149,50.934211],[6.97317,50.934217],[6.973163,50.934191],[6.973104,50.934174],[6.973055,50.934248]]]},"properties":{"id":"DENW37AL100063pY","h":15.4,"min_z":46.6,"max_z":62.0}},{"type":"Feature","id":"DENW37AL100064A1","geometry":{"type":"Polygon","coordinates":[[[6.978715,50.937434],[6.978727,50.937435],[6.978731,50.937403],[6.978738,50.937331],[6.978727,50.937331],[6.978715,50.937434]]]},"properties":{"id":"DENW37AL100064A1","h":23.3,"min_z":45.5,"max_z":68.7}},{"type":"Feature","id":"DENW37AL100065gy","geometry":{"type":"Polygon","coordinates":[[[6.976752,50.934166],[6.97671,50.934171],[6.976744,50.934286],[6.976786,50.934281],[6.976752,50.934166]]]},"properties":{"id":"DENW37AL100065gy","h":21.2,"min_z":45.9,"max_z":67.1}},{"type":"Feature","id":"DENW37AL100063QJ","geometry":{"type":"Polygon","coordinates":[[[6.972479,50.934288],[6.972479,50.934358],[6.972434,50.93436],[6.972439,50.934412],[6.972595,50.934406],[6.972594,50.93436],[6.972594,50.934289],[6.972548,50.934289],[6.972496,50.934288],[6.972479,50.934288]]]},"properties":{"id":"DENW37AL100063QJ","h":3.5,"min_z":46.3,"max_z":49.8}},{"type":"Feature","id":"DENW37AL100065NN","geometry":{"type":"Polygon","coordinates":[[[6.978058,50.934927],[6.978058,50.934927],[6.978099,50.934923],[6.978078,50.934834],[6.978037,50.934837],[6.978058,50.934927]]]},"properties":{"id":"DENW37AL100065NN","h":17.7,"min_z":46.1,"max_z":63.7}},{"type":"Feature","id":"DENW37AL100066pk","geometry":{"type":"Polygon","coordinates":[[[6.974891,50.933918],[6.974891,50.933925],[6.974894,50.934013],[6.974982,50.934012],[6.974981,50.933917],[6.974891,50.933918]]]},"properties":{"id":"DENW37AL100066pk","h":14.7,"min_z":46.1,"max_z":60.7}},{"type":"Feature","id":"DENW37AL100066Ld","geometry":{"type":"Polygon","coordinates":[[[6.97557,50.937049],[6.975584,50.936982],[6.975477,50.936973],[6.975466,50.937041],[6.97557,50.937049]]]},"properties":{"id":"DENW37AL100066Ld","h":15.4,"min_z":44.7,"max_z":60.2}},{"type":"Feature","id":"DENW37AL100065tq","geometry":{"type":"Polygon","coordinates":[[[6.978641,50.934561],[6.978691,50.934721],[6.978866,50.934691],[6.978816,50.93453],[6.978641,50.934561]]]},"properties":{"id":"DENW37AL100065tq","h":15.0,"min_z":44.7,"max_z":59.7}},{"type":"Feature","id":"DENW37AL100065Oj","geometry":{"type":"Polygon","coordinates":[[[6.971643,50.934017],[6.971648,50.93394],[6.971648,50.933938],[6.971599,50.933937],[6.97156,50.933936],[6.971555,50.934015],[6.971643,50.934017]]]},"properties":{"id":"DENW37AL100065Oj","h":15.3,"min_z":46.3,"max_z":61.6}},{"type":"Feature","id":"DENW37AL100064Zn","geometry":{"type":"Polygon","coordinates":[[[6.974596,50.936482],[6.974608,50.936482],[6.974675,50.936482],[6.97468,50.936448],[6.974596,50.936443],[6.974596,50.936482]]]},"properties":{"id":"DENW37AL100064Zn","h":14.6,"min_z":45.1,"max_z":59.7}},{"type":"Feature","id":"DENW37AL100065AZ","geometry":{"type":"Polygon","coordinates":[[[6.972887,50.934984],[6.972966,50.934973],[6.972953,50.934933],[6.972941,50.934934],[6.972874,50.934943],[6.972887,50.934984]]]},"properties":{"id":"DENW37AL100065AZ","h":2.5,"min_z":46.6,"max_z":49.1}},{"type":"Feature","id":"DENW37AL100065XD","geometry":{"type":"Polygon","coordinates":[[[6.976371,50.932204],[6.976534,50.932328],[6.976595,50.932296],[6.97653,50.932245],[6.976475,50.932203],[6.976433,50.932171],[6.976416,50.93218],[6.976371,50.932204]]]},"properties":{"id":"DENW37AL100065XD","h":2.9,"min_z":46.4,"max_z":49.3}},{"type":"Feature","id":"DENW37AL10006yG6","geometry":{"type":"Polygon","coordinates":[[[6.973001,50.937502],[6.973013,50.937551],[6.973085,50.937546],[6.973076,50.937497],[6.973001,50.937502]]]},"properties":{"id":"DENW37AL10006yG6","h":6.5,"min_z":44.7,"max_z":51.1}},{"type":"Feature","id":"DENW37AL100065RH","geometry":{"type":"Polygon","coordinates":[[[6.973331,50.935612],[6.973309,50.935544],[6.973173,50.935561],[6.973182,50.935595],[6.973192,50.935629],[6.973331,50.935612]]]},"properties":{"id":"DENW37AL100065RH","h":16.0,"min_z":46.0,"max_z":62.0}},{"type":"Feature","id":"DENW37AL100066jM","geometry":{"type":"Polygon","coordinates":[[[6.977382,50.932134],[6.977382,50.932134],[6.977352,50.932108],[6.977343,50.932112],[6.977374,50.932138],[6.977382,50.932134]]]},"properties":{"id":"DENW37AL100066jM","h":13.5,"min_z":45.9,"max_z":59.4}},{"type":"Feature","id":"DENW37ALZz0000O2","geometry":{"type":"Polygon","coordinates":[[[6.973132,50.934297],[6.973149,50.934352],[6.973206,50.934345],[6.973191,50.93429],[6.973166,50.934293],[6.973132,50.934297]]]},"properties":{"id":"DENW37ALZz0000O2","h":6.0,"min_z":46.6,"max_z":52.5}},{"type":"Feature","id":"DENW37AL100065g3","geometry":{"type":"Polygon","coordinates":[[[6.978424,50.936655],[6.978492,50.936657],[6.9785,50.936552],[6.978483,50.936552],[6.978483,50.936559],[6.978432,50.936558],[6.978432,50.93656],[6.978424,50.936655]]]},"properties":{"id":"DENW37AL100065g3","h":6.4,"min_z":45.6,"max_z":51.9}},{"type":"Feature","id":"DENW37AL100063xb","geometry":{"type":"Polygon","coordinates":[[[6.978843,50.93249],[6.979031,50.932414],[6.978953,50.932336],[6.978762,50.93241],[6.978843,50.93249]]]},"properties":{"id":"DENW37AL100063xb","h":18.0,"min_z":45.4,"max_z":63.4}},{"type":"Feature","id":"DENW37AL100063pz","geometry":{"type":"Polygon","coordinates":[[[6.974793,50.934538],[6.974793,50.934599],[6.974885,50.934598],[6.974885,50.934516],[6.974832,50.934516],[6.974793,50.934516],[6.974793,50.934538]]]},"properties":{"id":"DENW37AL100063pz","h":15.6,"min_z":46.5,"max_z":62.1}},{"type":"Feature","id":"DENW37AL100065f3","geometry":{"type":"Polygon","coordinates":[[[6.975347,50.93329],[6.975317,50.933328],[6.975307,50.93334],[6.975353,50.933354],[6.975347,50.933362],[6.975451,50.933394],[6.975458,50.933386],[6.975514,50.933403],[6.975551,50.933354],[6.975587,50.933306],[6.975384,50.933242],[6.975347,50.93329]]]},"properties":{"id":"DENW37AL100065f3","h":22.7,"min_z":45.8,"max_z":68.5}},{"type":"Feature","id":"DENW37AL100065Wb","geometry":{"type":"Polygon","coordinates":[[[6.971959,50.938319],[6.971987,50.938339],[6.972087,50.938283],[6.972059,50.938263],[6.971959,50.938319]]]},"properties":{"id":"DENW37AL100065Wb","h":16.8,"min_z":45.4,"max_z":62.2}},{"type":"Feature","id":"DENW37AL100064dE","geometry":{"type":"Polygon","coordinates":[[[6.975032,50.937892],[6.97518,50.937901],[6.97519,50.937838],[6.975041,50.93783],[6.975037,50.937858],[6.975032,50.937892]]]},"properties":{"id":"DENW37AL100064dE","h":14.5,"min_z":44.8,"max_z":59.3}},{"type":"Feature","id":"DENW37AL100065m5","geometry":{"type":"Polygon","coordinates":[[[6.973932,50.934467],[6.973937,50.93474],[6.974075,50.934739],[6.974069,50.934466],[6.973932,50.934467]]]},"properties":{"id":"DENW37AL100065m5","h":16.1,"min_z":47.0,"max_z":63.1}},{"type":"Feature","id":"DENW37AL100064Oc","geometry":{"type":"Polygon","coordinates":[[[6.974541,50.933371],[6.974603,50.933388],[6.974631,50.933395],[6.974693,50.933412],[6.974697,50.933405],[6.974741,50.933329],[6.974722,50.933324],[6.974682,50.933314],[6.974653,50.933307],[6.974581,50.933289],[6.974576,50.933298],[6.974541,50.933371]]]},"properties":{"id":"DENW37AL100064Oc","h":21.0,"min_z":46.1,"max_z":67.1}},{"type":"Feature","id":"DENW37AL1000643q","geometry":{"type":"Polygon","coordinates":[[[6.974314,50.938617],[6.974357,50.938494],[6.974326,50.938492],[6.97429,50.93849],[6.974225,50.938486],[6.974222,50.938505],[6.974207,50.938504],[6.974174,50.938598],[6.974314,50.938617]]]},"properties":{"id":"DENW37AL1000643q","h":4.5,"min_z":44.7,"max_z":49.2}},{"type":"Feature","id":"DENW37AL100064HB","geometry":{"type":"Polygon","coordinates":[[[6.976761,50.936622],[6.976823,50.936627],[6.976896,50.936631],[6.976953,50.936635],[6.976964,50.936566],[6.9769,50.936562],[6.976825,50.936558],[6.976828,50.936539],[6.976814,50.936538],[6.976775,50.936536],[6.976761,50.936622]]]},"properties":{"id":"DENW37AL100064HB","h":3.1,"min_z":45.5,"max_z":48.6}},{"type":"Feature","id":"DENW37AL100065kr","geometry":{"type":"Polygon","coordinates":[[[6.974518,50.938779],[6.974602,50.93879],[6.97463,50.938704],[6.974558,50.938695],[6.974545,50.938693],[6.974518,50.938779]]]},"properties":{"id":"DENW37AL100065kr","h":16.1,"min_z":44.5,"max_z":60.7}},{"type":"Feature","id":"DENW37AL100064MQ","geometry":{"type":"Polygon","coordinates":[[[6.971926,50.934465],[6.971857,50.934483],[6.971779,50.934502],[6.971838,50.934595],[6.971918,50.934577],[6.971989,50.934562],[6.971965,50.934525],[6.971946,50.934495],[6.971926,50.934465]]]},"properties":{"id":"DENW37AL100064MQ","h":14.3,"min_z":46.6,"max_z":60.9}},{"type":"Feature","id":"DENW37AL100065Tn","geometry":{"type":"Polygon","coordinates":[[[6.972046,50.935105],[6.972062,50.935171],[6.972173,50.935162],[6.972174,50.935162],[6.972292,50.935152],[6.97228,50.935141],[6.972242,50.935074],[6.97215,50.935088],[6.972051,50.935104],[6.972046,50.935105]]]},"properties":{"id":"DENW37AL100065Tn","h":3.7,"min_z":46.1,"max_z":49.9}},{"type":"Feature","id":"DENW37AL100063og","geometry":{"type":"Polygon","coordinates":[[[6.974135,50.935316],[6.974136,50.935371],[6.974157,50.935371],[6.974213,50.93537],[6.974212,50.935314],[6.974135,50.935316]]]},"properties":{"id":"DENW37AL100063og","h":10.1,"min_z":46.3,"max_z":56.4}},{"type":"Feature","id":"DENW37AL100065Ya","geometry":{"type":"Polygon","coordinates":[[[6.970482,50.938351],[6.970478,50.938461],[6.97057,50.938462],[6.970575,50.938352],[6.970482,50.938351]]]},"properties":{"id":"DENW37AL100065Ya","h":2.9,"min_z":45.5,"max_z":48.4}},{"type":"Feature","id":"DENW37AL10006yE8","geometry":{"type":"Polygon","coordinates":[[[6.974742,50.937284],[6.974834,50.937289],[6.974847,50.937212],[6.974848,50.937205],[6.974754,50.9372],[6.974742,50.937284]]]},"properties":{"id":"DENW37AL10006yE8","h":2.4,"min_z":45.1,"max_z":47.5}},{"type":"Feature","id":"DENW37AL10006531","geometry":{"type":"Polygon","coordinates":[[[6.97482,50.93561],[6.974826,50.935527],[6.974828,50.935514],[6.974739,50.935511],[6.974735,50.935549],[6.97473,50.935606],[6.97482,50.93561]]]},"properties":{"id":"DENW37AL10006531","h":18.4,"min_z":45.7,"max_z":64.1}},{"type":"Feature","id":"DENW37AL100066aC","geometry":{"type":"Polygon","coordinates":[[[6.974876,50.937056],[6.974873,50.937078],[6.974865,50.937077],[6.974863,50.937087],[6.974859,50.937116],[6.974855,50.937148],[6.974995,50.937157],[6.975005,50.937095],[6.97501,50.937065],[6.974943,50.93706],[6.974876,50.937056]]]},"properties":{"id":"DENW37AL100066aC","h":19.5,"min_z":44.9,"max_z":64.5}},{"type":"Feature","id":"DENW37AL100063U0","geometry":{"type":"Polygon","coordinates":[[[6.97574,50.934458],[6.975693,50.934458],[6.975694,50.934506],[6.97574,50.934506],[6.97574,50.934501],[6.97574,50.934458]]]},"properties":{"id":"DENW37AL100063U0","h":9.2,"min_z":46.1,"max_z":55.3}},{"type":"Feature","id":"DENW37AL100067Vq","geometry":{"type":"Polygon","coordinates":[[[6.973839,50.93491],[6.973781,50.934918],[6.973821,50.935005],[6.973881,50.935004],[6.973853,50.934942],[6.973839,50.93491]]]},"properties":{"id":"DENW37AL100067Vq","h":6.8,"min_z":46.0,"max_z":52.8}},{"type":"Feature","id":"DENW37AL100065aZ","geometry":{"type":"Polygon","coordinates":[[[6.97519,50.937004],[6.975168,50.937003],[6.975165,50.937019],[6.975141,50.93716],[6.975166,50.937161],[6.97519,50.937004]]]},"properties":{"id":"DENW37AL100065aZ","h":18.2,"min_z":44.8,"max_z":63.0}},{"type":"Feature","id":"DENW37AL100066fK","geometry":{"type":"Polygon","coordinates":[[[6.978286,50.935509],[6.978281,50.935473],[6.978246,50.935475],[6.978251,50.935511],[6.978286,50.935509]]]},"properties":{"id":"DENW37AL100066fK","h":21.1,"min_z":45.0,"max_z":66.0}},{"type":"Feature","id":"DENW37AL10006yFJ","geometry":{"type":"Polygon","coordinates":[[[6.971327,50.932997],[6.97141,50.933032],[6.97143,50.933013],[6.971437,50.933007],[6.971354,50.932971],[6.971327,50.932997]]]},"properties":{"id":"DENW37AL10006yFJ","h":2.7,"min_z":45.6,"max_z":48.3}},{"type":"Feature","id":"DENW37AL3tJ000IP","geometry":{"type":"Polygon","coordinates":[[[6.974708,50.936022],[6.974727,50.936022],[6.974721,50.936069],[6.974735,50.936069],[6.974735,50.936101],[6.974768,50.936101],[6.974784,50.936041],[6.974788,50.936027],[6.974797,50.935994],[6.974762,50.935992],[6.974712,50.93599],[6.974708,50.936022]]]},"properties":{"id":"DENW37AL3tJ000IP","h":3.9,"min_z":45.8,"max_z":49.7}},{"type":"Feature","id":"DENW37AL100066OE","geometry":{"type":"Polygon","coordinates":[[[6.974512,50.936288],[6.974628,50.936287],[6.974703,50.936286],[6.974712,50.936223],[6.974718,50.936182],[6.97472,50.936166],[6.974695,50.936165],[6.974508,50.936163],[6.974512,50.936288]]]},"properties":{"id":"DENW37AL100066OE","h":18.6,"min_z":45.3,"max_z":64.0}},{"type":"Feature","id":"DENW37AL100064qh","geometry":{"type":"Polygon","coordinates":[[[6.977046,50.931646],[6.976984,50.931598],[6.976858,50.931664],[6.976858,50.931664],[6.976789,50.9317],[6.976851,50.931747],[6.977046,50.931646]]]},"properties":{"id":"DENW37AL100064qh","h":5.3,"min_z":46.5,"max_z":51.8}},{"type":"Feature","id":"DENW37AL100064hz","geometry":{"type":"Polygon","coordinates":[[[6.976773,50.934803],[6.976775,50.934814],[6.976713,50.93482],[6.97671,50.934809],[6.976656,50.934815],[6.976642,50.934816],[6.976645,50.934834],[6.976651,50.934867],[6.97666,50.934914],[6.976722,50.934909],[6.976723,50.934912],[6.976765,50.934908],[6.976765,50.934905],[6.97687,50.934896],[6.976859,50.934848],[6.976856,50.934837],[6.976846,50.934795],[6.976773,50.934803]]]},"properties":{"id":"DENW37AL100064hz","h":15.9,"min_z":46.0,"max_z":61.9}},{"type":"Feature","id":"DENW37AL100065JA","geometry":{"type":"Polygon","coordinates":[[[6.978316,50.933933],[6.97834,50.933978],[6.978342,50.933983],[6.978324,50.933987],[6.978346,50.93403],[6.978563,50.933986],[6.97854,50.933939],[6.978518,50.933895],[6.978517,50.933893],[6.978316,50.933933]]]},"properties":{"id":"DENW37AL100065JA","h":18.4,"min_z":45.8,"max_z":64.2}},{"type":"Feature","id":"DENW37AL100064zD","geometry":{"type":"Polygon","coordinates":[[[6.97368,50.935235],[6.973688,50.935272],[6.973692,50.935287],[6.973837,50.935294],[6.973863,50.935295],[6.973888,50.935296],[6.973891,50.935296],[6.973894,50.935296],[6.973934,50.935298],[6.973939,50.935241],[6.973815,50.935236],[6.973815,50.93524],[6.97368,50.935235]]]},"properties":{"id":"DENW37AL100064zD","h":9.4,"min_z":46.4,"max_z":55.7}},{"type":"Feature","id":"DENW37AL100063XS","geometry":{"type":"Polygon","coordinates":[[[6.972018,50.938361],[6.972064,50.938394],[6.972196,50.938421],[6.972257,50.938345],[6.972257,50.938344],[6.972018,50.938361]]]},"properties":{"id":"DENW37AL100063XS","h":15.3,"min_z":45.3,"max_z":60.6}},{"type":"Feature","id":"DENW37AL10006yEN","geometry":{"type":"Polygon","coordinates":[[[6.974848,50.938448],[6.974843,50.938476],[6.974938,50.938482],[6.974943,50.938454],[6.974853,50.938448],[6.974848,50.938448]]]},"properties":{"id":"DENW37AL10006yEN","h":11.3,"min_z":44.9,"max_z":56.2}},{"type":"Feature","id":"DENW37AL100064eF","geometry":{"type":"Polygon","coordinates":[[[6.971716,50.933038],[6.97181,50.933079],[6.971887,50.933008],[6.971792,50.932968],[6.971716,50.933038]]]},"properties":{"id":"DENW37AL100064eF","h":16.0,"min_z":45.8,"max_z":61.8}},{"type":"Feature","id":"DENW37AL100064xd","geometry":{"type":"Polygon","coordinates":[[[6.97216,50.933122],[6.972124,50.933108],[6.972083,50.933147],[6.972043,50.933184],[6.972117,50.933215],[6.972156,50.933177],[6.972192,50.933143],[6.972198,50.933138],[6.97216,50.933122]]]},"properties":{"id":"DENW37AL100064xd","h":16.5,"min_z":45.8,"max_z":62.4}},{"type":"Feature","id":"DENW37AL10006yFp","geometry":{"type":"Polygon","coordinates":[[[6.972864,50.937069],[6.972807,50.937072],[6.972815,50.937124],[6.972878,50.93712],[6.972872,50.937068],[6.97287,50.937069],[6.972864,50.937069]]]},"properties":{"id":"DENW37AL10006yFp","h":3.4,"min_z":44.2,"max_z":47.6}},{"type":"Feature","id":"DENW37AL100064w5","geometry":{"type":"Polygon","coordinates":[[[6.972966,50.934973],[6.972976,50.935003],[6.973126,50.934983],[6.973117,50.934955],[6.972966,50.934973]]]},"properties":{"id":"DENW37AL100064w5","h":17.3,"min_z":46.5,"max_z":63.8}},{"type":"Feature","id":"DENW37AL100064lS","geometry":{"type":"Polygon","coordinates":[[[6.973803,50.93779],[6.9738,50.937791],[6.973799,50.937778],[6.973732,50.937782],[6.973738,50.937862],[6.973814,50.937871],[6.973889,50.93788],[6.973873,50.937786],[6.973803,50.93779]]]},"properties":{"id":"DENW37AL100064lS","h":17.6,"min_z":45.2,"max_z":62.8}},{"type":"Feature","id":"DENW37AL100063td","geometry":{"type":"Polygon","coordinates":[[[6.975708,50.933538],[6.975794,50.933413],[6.975663,50.93334],[6.975628,50.933389],[6.9756,50.933429],[6.975554,50.933495],[6.975708,50.933538]]]},"properties":{"id":"DENW37AL100063td","h":24.3,"min_z":45.9,"max_z":70.2}},{"type":"Feature","id":"DENW37AL100063fd","geometry":{"type":"Polygon","coordinates":[[[6.973547,50.938427],[6.973639,50.93844],[6.973684,50.938445],[6.973773,50.938352],[6.973659,50.938314],[6.973547,50.938427]]]},"properties":{"id":"DENW37AL100063fd","h":13.1,"min_z":44.9,"max_z":58.0}},{"type":"Feature","id":"DENW37AL100066Wd","geometry":{"type":"Polygon","coordinates":[[[6.971433,50.933929],[6.971399,50.933928],[6.971396,50.933974],[6.971392,50.934012],[6.971471,50.934012],[6.971474,50.933974],[6.971477,50.933934],[6.971477,50.933929],[6.971433,50.933929]]]},"properties":{"id":"DENW37AL100066Wd","h":14.4,"min_z":46.2,"max_z":60.6}},{"type":"Feature","id":"DENW37AL100064TI","geometry":{"type":"Polygon","coordinates":[[[6.974469,50.934819],[6.974471,50.934891],[6.974606,50.934891],[6.974614,50.934891],[6.974613,50.934856],[6.974612,50.934817],[6.974469,50.934819]]]},"properties":{"id":"DENW37AL100064TI","h":15.4,"min_z":46.5,"max_z":62.0}},{"type":"Feature","id":"DENW37AL1000676V","geometry":{"type":"Polygon","coordinates":[[[6.973063,50.933545],[6.973035,50.93354],[6.973006,50.933596],[6.973053,50.933605],[6.973069,50.933572],[6.973102,50.933579],[6.973113,50.933555],[6.973063,50.933545]]]},"properties":{"id":"DENW37AL1000676V","h":6.6,"min_z":46.5,"max_z":53.1}},{"type":"Feature","id":"DENW37AL100074oe","geometry":{"type":"Polygon","coordinates":[[[6.977472,50.933051],[6.977459,50.933038],[6.97742,50.933053],[6.977434,50.933066],[6.977472,50.933051]]]},"properties":{"id":"DENW37AL100074oe","h":11.9,"min_z":46.6,"max_z":58.5}},{"type":"Feature","id":"DENW37AL100063pj","geometry":{"type":"Polygon","coordinates":[[[6.974884,50.93503],[6.974791,50.935026],[6.974788,50.935059],[6.97484,50.935061],[6.974836,50.935102],[6.974877,50.935103],[6.974884,50.93503]]]},"properties":{"id":"DENW37AL100063pj","h":2.9,"min_z":46.4,"max_z":49.3}},{"type":"Feature","id":"DENW37AL100063bw","geometry":{"type":"Polygon","coordinates":[[[6.976753,50.931977],[6.976694,50.932006],[6.976715,50.932022],[6.976701,50.932029],[6.976746,50.932065],[6.97676,50.932058],[6.976818,50.932028],[6.976878,50.931998],[6.976812,50.931946],[6.976753,50.931977]]]},"properties":{"id":"DENW37AL100063bw","h":12.5,"min_z":45.9,"max_z":58.5}},{"type":"Feature","id":"DENW37AL100065WS","geometry":{"type":"Polygon","coordinates":[[[6.971529,50.934581],[6.971574,50.934655],[6.971703,50.934624],[6.971661,50.934555],[6.971529,50.934581]]]},"properties":{"id":"DENW37AL100065WS","h":14.8,"min_z":46.5,"max_z":61.3}},{"type":"Feature","id":"DENW37AL100064ES","geometry":{"type":"Polygon","coordinates":[[[6.977577,50.93212],[6.977535,50.932084],[6.977517,50.932092],[6.977456,50.93212],[6.977397,50.932147],[6.977466,50.932207],[6.977525,50.932179],[6.977583,50.932152],[6.977557,50.93213],[6.977577,50.93212]]]},"properties":{"id":"DENW37AL100064ES","h":13.3,"min_z":45.9,"max_z":59.3}},{"type":"Feature","id":"DENW37AL100065ku","geometry":{"type":"Polygon","coordinates":[[[6.975545,50.937209],[6.97555,50.937167],[6.975446,50.937161],[6.975438,50.937204],[6.975545,50.937209]]]},"properties":{"id":"DENW37AL100065ku","h":15.5,"min_z":44.8,"max_z":60.3}},{"type":"Feature","id":"DENW37AL25d0004z","geometry":{"type":"Polygon","coordinates":[[[6.972469,50.938042],[6.972458,50.938057],[6.972415,50.938118],[6.972379,50.93817],[6.972423,50.938182],[6.972517,50.938208],[6.972525,50.938193],[6.972588,50.938103],[6.972606,50.93808],[6.972469,50.938042]]]},"properties":{"id":"DENW37AL25d0004z","h":6.2,"min_z":45.0,"max_z":51.2}},{"type":"Feature","id":"DENW37AL1000649v","geometry":{"type":"Polygon","coordinates":[[[6.975977,50.936698],[6.975981,50.936701],[6.975979,50.936711],[6.976019,50.936713],[6.976042,50.936661],[6.975996,50.936653],[6.975977,50.936698]]]},"properties":{"id":"DENW37AL1000649v","h":14.8,"min_z":44.8,"max_z":59.6}},{"type":"Feature","id":"DENW37AL100064tB","geometry":{"type":"Polygon","coordinates":[[[6.976096,50.931004],[6.976096,50.931004],[6.97625,50.931039],[6.97629,50.931048],[6.97639,50.93107],[6.976451,50.930963],[6.976452,50.93096],[6.976419,50.930952],[6.976014,50.930859],[6.975949,50.930971],[6.976057,50.930995],[6.976057,50.930995],[6.976096,50.931004]]]},"properties":{"id":"DENW37AL100064tB","h":22.1,"min_z":46.8,"max_z":68.9}},{"type":"Feature","id":"DENW37AL100066CY","geometry":{"type":"Polygon","coordinates":[[[6.971364,50.935857],[6.971172,50.935876],[6.971196,50.935943],[6.971227,50.935941],[6.971245,50.935939],[6.971364,50.93593],[6.971365,50.935935],[6.971384,50.935934],[6.971374,50.935896],[6.971364,50.935857]]]},"properties":{"id":"DENW37AL100066CY","h":17.2,"min_z":44.9,"max_z":62.1}},{"type":"Feature","id":"DENW37AL100064tQ","geometry":{"type":"Polygon","coordinates":[[[6.976947,50.936853],[6.976962,50.936748],[6.976963,50.936744],[6.976843,50.936737],[6.976807,50.936735],[6.976792,50.936843],[6.976947,50.936853]]]},"properties":{"id":"DENW37AL100064tQ","h":20.6,"min_z":44.8,"max_z":65.5}},{"type":"Feature","id":"DENW37AL100064S3","geometry":{"type":"Polygon","coordinates":[[[6.975366,50.936371],[6.975386,50.936301],[6.975251,50.936285],[6.975231,50.936356],[6.975366,50.936371]]]},"properties":{"id":"DENW37AL100064S3","h":16.5,"min_z":45.0,"max_z":61.6}},{"type":"Feature","id":"DENW37AL1000653D","geometry":{"type":"Polygon","coordinates":[[[6.9736,50.936265],[6.973601,50.936216],[6.973602,50.936191],[6.973458,50.936191],[6.973454,50.93626],[6.9736,50.936265]]]},"properties":{"id":"DENW37AL1000653D","h":18.1,"min_z":45.1,"max_z":63.3}},{"type":"Feature","id":"DENW37AL10006yEL","geometry":{"type":"Polygon","coordinates":[[[6.972332,50.937534],[6.972339,50.937584],[6.972407,50.93758],[6.972476,50.937576],[6.972468,50.937526],[6.972332,50.937534]]]},"properties":{"id":"DENW37AL10006yEL","h":2.8,"min_z":45.3,"max_z":48.2}},{"type":"Feature","id":"DENW37AL100074IB","geometry":{"type":"Polygon","coordinates":[[[6.973643,50.938569],[6.973665,50.938572],[6.973668,50.938562],[6.973646,50.938559],[6.973643,50.938569]]]},"properties":{"id":"DENW37AL100074IB","h":8.5,"min_z":44.9,"max_z":53.4}},{"type":"Feature","id":"DENW37AL100065HG","geometry":{"type":"Polygon","coordinates":[[[6.978244,50.935738],[6.978244,50.935738],[6.978241,50.935716],[6.978224,50.935717],[6.978143,50.935722],[6.978115,50.935723],[6.978024,50.935729],[6.978039,50.935836],[6.978158,50.935829],[6.978256,50.935824],[6.978251,50.935786],[6.978244,50.935738]]]},"properties":{"id":"DENW37AL100065HG","h":25.0,"min_z":44.8,"max_z":69.8}},{"type":"Feature","id":"DENW37AL100063Yd","geometry":{"type":"Polygon","coordinates":[[[6.973691,50.935602],[6.973674,50.935603],[6.973673,50.93562],[6.973667,50.935719],[6.973703,50.935721],[6.973695,50.935657],[6.9737,50.935657],[6.973691,50.935603],[6.973691,50.935602]]]},"properties":{"id":"DENW37AL100063Yd","h":12.9,"min_z":45.9,"max_z":58.8}},{"type":"Feature","id":"DENW37AL100065kS","geometry":{"type":"Polygon","coordinates":[[[6.973266,50.933878],[6.973206,50.934001],[6.973333,50.934026],[6.973363,50.933964],[6.973399,50.933891],[6.973391,50.93389],[6.973266,50.933878]]]},"properties":{"id":"DENW37AL100065kS","h":15.2,"min_z":46.6,"max_z":61.8}},{"type":"Feature","id":"DENW37AL100062fB","geometry":{"type":"Polygon","coordinates":[[[6.974027,50.938833],[6.974033,50.938893],[6.974114,50.938892],[6.974109,50.938831],[6.974027,50.938833]]]},"properties":{"id":"DENW37AL100062fB","h":3.5,"min_z":44.7,"max_z":48.3}},{"type":"Feature","id":"DENW37AL100063UA","geometry":{"type":"Polygon","coordinates":[[[6.974841,50.932785],[6.974914,50.932809],[6.974972,50.932738],[6.974967,50.932736],[6.974988,50.932711],[6.974918,50.932689],[6.974842,50.932665],[6.974765,50.93276],[6.974841,50.932785]]]},"properties":{"id":"DENW37AL100063UA","h":23.2,"min_z":45.6,"max_z":68.9}},{"type":"Feature","id":"DENW37AL100065JC","geometry":{"type":"Polygon","coordinates":[[[6.975773,50.936608],[6.975844,50.936623],[6.975826,50.936658],[6.975835,50.93666],[6.975836,50.93666],[6.975836,50.936659],[6.975862,50.936607],[6.975896,50.93654],[6.975895,50.93654],[6.975815,50.936524],[6.975809,50.936537],[6.975795,50.936566],[6.975773,50.936608]]]},"properties":{"id":"DENW37AL100065JC","h":15.4,"min_z":45.3,"max_z":60.7}},{"type":"Feature","id":"DENW37AL100063Um","geometry":{"type":"Polygon","coordinates":[[[6.971839,50.932797],[6.971925,50.932813],[6.971963,50.932731],[6.971875,50.932714],[6.971839,50.932797]]]},"properties":{"id":"DENW37AL100063Um","h":14.3,"min_z":45.8,"max_z":60.1}},{"type":"Feature","id":"DENW37AL100064J6","geometry":{"type":"Polygon","coordinates":[[[6.97543,50.937246],[6.975424,50.937282],[6.975569,50.937289],[6.975572,50.937255],[6.975572,50.937253],[6.97543,50.937246]]]},"properties":{"id":"DENW37AL100064J6","h":18.8,"min_z":44.9,"max_z":63.7}},{"type":"Feature","id":"DENW37AL100065rq","geometry":{"type":"Polygon","coordinates":[[[6.974449,50.938657],[6.974448,50.938657],[6.974388,50.938648],[6.974392,50.93864],[6.9744,50.938637],[6.97441,50.938608],[6.974405,50.938601],[6.97438,50.938599],[6.974371,50.938604],[6.97436,50.938631],[6.974363,50.938635],[6.974359,50.938645],[6.974449,50.938657]]]},"properties":{"id":"DENW37AL100065rq","h":16.2,"min_z":44.6,"max_z":60.7}},{"type":"Feature","id":"DENW37AL100066Y4","geometry":{"type":"Polygon","coordinates":[[[6.971907,50.935461],[6.971912,50.935494],[6.972027,50.935484],[6.972021,50.935452],[6.971907,50.935461]]]},"properties":{"id":"DENW37AL100066Y4","h":6.8,"min_z":45.8,"max_z":52.6}},{"type":"Feature","id":"DENW37AL100065xz","geometry":{"type":"Polygon","coordinates":[[[6.973928,50.930893],[6.973993,50.930923],[6.974073,50.93096],[6.974155,50.930889],[6.974208,50.930844],[6.974194,50.930837],[6.974131,50.930805],[6.974069,50.930773],[6.974034,50.930803],[6.973973,50.930855],[6.973928,50.930893]]]},"properties":{"id":"DENW37AL100065xz","h":19.5,"min_z":46.2,"max_z":65.7}},{"type":"Feature","id":"DENW37AL1000661V","geometry":{"type":"Polygon","coordinates":[[[6.971505,50.935567],[6.971521,50.935658],[6.971575,50.935652],[6.971618,50.935649],[6.971604,50.935558],[6.971596,50.935559],[6.971505,50.935567]]]},"properties":{"id":"DENW37AL1000661V","h":2.6,"min_z":45.2,"max_z":47.8}},{"type":"Feature","id":"DENW37AL100064Vu","geometry":{"type":"Polygon","coordinates":[[[6.974784,50.9351],[6.974836,50.935102],[6.97484,50.935061],[6.974788,50.935059],[6.974786,50.935083],[6.974784,50.9351]]]},"properties":{"id":"DENW37AL100064Vu","h":3.2,"min_z":46.4,"max_z":49.6}},{"type":"Feature","id":"DENW37AL1000666c","geometry":{"type":"Polygon","coordinates":[[[6.971574,50.934655],[6.971657,50.934789],[6.971784,50.934758],[6.971703,50.934624],[6.971574,50.934655]]]},"properties":{"id":"DENW37AL1000666c","h":15.0,"min_z":46.3,"max_z":61.3}},{"type":"Feature","id":"DENW37AL100063fJ","geometry":{"type":"Polygon","coordinates":[[[6.975055,50.93764],[6.975108,50.937666],[6.975142,50.937669],[6.975219,50.937674],[6.975223,50.937651],[6.975147,50.937646],[6.975055,50.93764]]]},"properties":{"id":"DENW37AL100063fJ","h":18.3,"min_z":44.9,"max_z":63.1}},{"type":"Feature","id":"DENW37AL100066AW","geometry":{"type":"Polygon","coordinates":[[[6.972496,50.934288],[6.972548,50.934289],[6.97255,50.934233],[6.972497,50.934232],[6.972496,50.934288]]]},"properties":{"id":"DENW37AL100066AW","h":3.5,"min_z":46.5,"max_z":50.0}},{"type":"Feature","id":"DENW37AL100063lI","geometry":{"type":"Polygon","coordinates":[[[6.974887,50.935443],[6.974893,50.935443],[6.974897,50.935404],[6.974853,50.935403],[6.974849,50.935441],[6.974887,50.935443]]]},"properties":{"id":"DENW37AL100063lI","h":4.6,"min_z":46.1,"max_z":50.7}},{"type":"Feature","id":"DENW37AL100063Yt","geometry":{"type":"Polygon","coordinates":[[[6.97685,50.936269],[6.976895,50.936272],[6.976894,50.936276],[6.977045,50.936286],[6.977045,50.936282],[6.977087,50.936284],[6.977106,50.936177],[6.976869,50.936161],[6.976859,50.936217],[6.97685,50.936269]]]},"properties":{"id":"DENW37AL100063Yt","h":23.4,"min_z":45.6,"max_z":69.0}},{"type":"Feature","id":"DENW37AL100066gw","geometry":{"type":"Polygon","coordinates":[[[6.973892,50.938555],[6.973889,50.938566],[6.973877,50.938601],[6.973919,50.938607],[6.97392,50.938596],[6.973933,50.938588],[6.973941,50.938561],[6.973892,50.938555]]]},"properties":{"id":"DENW37AL100066gw","h":6.3,"min_z":44.7,"max_z":51.0}},{"type":"Feature","id":"DENW37AL100063R6","geometry":{"type":"Polygon","coordinates":[[[6.977767,50.932478],[6.977841,50.932554],[6.978059,50.93247],[6.977984,50.932394],[6.977772,50.932476],[6.977767,50.932478]]]},"properties":{"id":"DENW37AL100063R6","h":17.0,"min_z":46.2,"max_z":63.1}},{"type":"Feature","id":"DENW37AL100064GE","geometry":{"type":"Polygon","coordinates":[[[6.976641,50.934742],[6.976626,50.934655],[6.976607,50.934656],[6.976602,50.934713],[6.9766,50.934744],[6.976641,50.934742]]]},"properties":{"id":"DENW37AL100064GE","h":16.1,"min_z":46.0,"max_z":62.1}},{"type":"Feature","id":"DENW37AL1000642k","geometry":{"type":"Polygon","coordinates":[[[6.974516,50.93374],[6.974588,50.933739],[6.974596,50.933739],[6.974595,50.933719],[6.974618,50.933718],[6.974616,50.933668],[6.974593,50.933668],[6.974592,50.933638],[6.974438,50.93364],[6.97444,50.933741],[6.974444,50.933741],[6.974516,50.93374]]]},"properties":{"id":"DENW37AL1000642k","h":17.1,"min_z":45.9,"max_z":63.0}},{"type":"Feature","id":"DENW37AL100063qt","geometry":{"type":"Polygon","coordinates":[[[6.974735,50.935549],[6.974678,50.935548],[6.974675,50.935574],[6.974684,50.935575],[6.974681,50.935604],[6.97473,50.935606],[6.974735,50.935549]]]},"properties":{"id":"DENW37AL100063qt","h":13.8,"min_z":45.8,"max_z":59.6}},{"type":"Feature","id":"DENW37AL100066rQ","geometry":{"type":"Polygon","coordinates":[[[6.973857,50.938169],[6.974005,50.938177],[6.974021,50.938092],[6.974022,50.938084],[6.973896,50.93808],[6.973893,50.938113],[6.973862,50.93811],[6.973857,50.938169]]]},"properties":{"id":"DENW37AL100066rQ","h":14.8,"min_z":45.0,"max_z":59.8}},{"type":"Feature","id":"DENW37AL100066Z5","geometry":{"type":"Polygon","coordinates":[[[6.977631,50.933352],[6.977491,50.933392],[6.977525,50.933436],[6.977563,50.933486],[6.97774,50.933433],[6.977702,50.933385],[6.977662,50.933333],[6.977625,50.933344],[6.977631,50.933352]]]},"properties":{"id":"DENW37AL100066Z5","h":19.1,"min_z":45.8,"max_z":64.9}},{"type":"Feature","id":"DENW37AL100064NB","geometry":{"type":"Polygon","coordinates":[[[6.976102,50.936442],[6.976102,50.936442],[6.976119,50.936431],[6.97603,50.936374],[6.976013,50.936385],[6.976074,50.936424],[6.976102,50.936442]]]},"properties":{"id":"DENW37AL100064NB","h":23.9,"min_z":45.4,"max_z":69.3}},{"type":"Feature","id":"DENW37AL100066IR","geometry":{"type":"Polygon","coordinates":[[[6.976155,50.935196],[6.976181,50.935103],[6.976067,50.935091],[6.97606,50.935117],[6.976043,50.935185],[6.976155,50.935196]]]},"properties":{"id":"DENW37AL100066IR","h":17.6,"min_z":45.7,"max_z":63.2}},{"type":"Feature","id":"DENW37AL100074fe","geometry":{"type":"Polygon","coordinates":[[[6.977758,50.932461],[6.977772,50.932476],[6.977984,50.932394],[6.977982,50.932392],[6.97797,50.932379],[6.977758,50.932461]]]},"properties":{"id":"DENW37AL100074fe","h":11.1,"min_z":46.2,"max_z":57.2}},{"type":"Feature","id":"DENW37AL100065Mr","geometry":{"type":"Polygon","coordinates":[[[6.972129,50.937562],[6.972149,50.937561],[6.972117,50.937339],[6.972106,50.937263],[6.972086,50.937265],[6.972129,50.937562]]]},"properties":{"id":"DENW37AL100065Mr","h":33.4,"min_z":45.5,"max_z":78.9}},{"type":"Feature","id":"DENW37AL100066tE","geometry":{"type":"Polygon","coordinates":[[[6.977544,50.936071],[6.977555,50.935995],[6.977382,50.935983],[6.977242,50.935973],[6.977228,50.936049],[6.977544,50.936071]]]},"properties":{"id":"DENW37AL100066tE","h":22.3,"min_z":45.7,"max_z":68.0}},{"type":"Feature","id":"DENW37AL1000647l","geometry":{"type":"Polygon","coordinates":[[[6.974214,50.935676],[6.974216,50.935715],[6.974217,50.935736],[6.97436,50.935729],[6.974357,50.93567],[6.974214,50.935676]]]},"properties":{"id":"DENW37AL1000647l","h":15.4,"min_z":45.9,"max_z":61.3}},{"type":"Feature","id":"DENW37AL100065xN","geometry":{"type":"Polygon","coordinates":[[[6.97445,50.937934],[6.974443,50.937986],[6.974446,50.937986],[6.974492,50.937989],[6.974534,50.937992],[6.97454,50.937944],[6.974524,50.937942],[6.97445,50.937934]]]},"properties":{"id":"DENW37AL100065xN","h":2.7,"min_z":45.0,"max_z":47.7}},{"type":"Feature","id":"DENW37AL3qf0005V","geometry":{"type":"Polygon","coordinates":[[[6.974063,50.938591],[6.974144,50.938603],[6.974159,50.938554],[6.974079,50.938543],[6.974063,50.938591]]]},"properties":{"id":"DENW37AL3qf0005V","h":2.2,"min_z":44.6,"max_z":46.9}},{"type":"Feature","id":"DENW37AL10006yFF","geometry":{"type":"Polygon","coordinates":[[[6.975586,50.936421],[6.975651,50.936428],[6.975671,50.93638],[6.975598,50.936372],[6.975586,50.936421]]]},"properties":{"id":"DENW37AL10006yFF","h":3.1,"min_z":45.1,"max_z":48.1}},{"type":"Feature","id":"DENW37AL1000661d","geometry":{"type":"Polygon","coordinates":[[[6.972887,50.933259],[6.973016,50.933284],[6.973045,50.933226],[6.972916,50.933201],[6.972906,50.933221],[6.972887,50.933259]]]},"properties":{"id":"DENW37AL1000661d","h":2.9,"min_z":46.0,"max_z":48.9}},{"type":"Feature","id":"DENW37AL100062ia","geometry":{"type":"Polygon","coordinates":[[[6.97538,50.937542],[6.975482,50.937549],[6.975493,50.937498],[6.975388,50.937492],[6.975381,50.937537],[6.97538,50.937542]]]},"properties":{"id":"DENW37AL100062ia","h":3.8,"min_z":45.0,"max_z":48.7}},{"type":"Feature","id":"DENW37AL1000675n","geometry":{"type":"Polygon","coordinates":[[[6.971504,50.932388],[6.971448,50.932502],[6.97145,50.932503],[6.971454,50.932504],[6.971526,50.932518],[6.971527,50.932516],[6.971582,50.932404],[6.971504,50.932388]]]},"properties":{"id":"DENW37AL1000675n","h":4.0,"min_z":45.8,"max_z":49.7}},{"type":"Feature","id":"DENW37AL1000652K","geometry":{"type":"Polygon","coordinates":[[[6.975239,50.936046],[6.975317,50.936052],[6.975326,50.93602],[6.975251,50.936014],[6.975241,50.936039],[6.975239,50.936046]]]},"properties":{"id":"DENW37AL1000652K","h":12.0,"min_z":45.3,"max_z":57.3}},{"type":"Feature","id":"DENW37AL100065Tt","geometry":{"type":"Polygon","coordinates":[[[6.972082,50.932642],[6.972268,50.932679],[6.972328,50.932559],[6.972141,50.932522],[6.972082,50.932642]]]},"properties":{"id":"DENW37AL100065Tt","h":12.6,"min_z":45.9,"max_z":58.5}},{"type":"Feature","id":"DENW37AL100065uD","geometry":{"type":"Polygon","coordinates":[[[6.973934,50.935291],[6.973934,50.935298],[6.973894,50.935296],[6.973891,50.935296],[6.973897,50.93532],[6.973938,50.935321],[6.973937,50.935332],[6.973948,50.935334],[6.973948,50.935341],[6.974034,50.935343],[6.974037,50.935294],[6.97404,50.935244],[6.973939,50.935241],[6.973934,50.935291]]]},"properties":{"id":"DENW37AL100065uD","h":16.1,"min_z":46.4,"max_z":62.6}},{"type":"Feature","id":"DENW37AL100063Ug","geometry":{"type":"Polygon","coordinates":[[[6.977322,50.932985],[6.977399,50.933061],[6.97742,50.933053],[6.977459,50.933038],[6.977529,50.933009],[6.977566,50.932994],[6.977594,50.932983],[6.977518,50.932907],[6.977478,50.932923],[6.977473,50.932918],[6.977427,50.932936],[6.977432,50.932941],[6.977407,50.932951],[6.977402,50.932945],[6.977358,50.932962],[6.977364,50.932968],[6.977322,50.932985]]]},"properties":{"id":"DENW37AL100063Ug","h":17.6,"min_z":46.0,"max_z":63.7}},{"type":"Feature","id":"DENW37AL100064tD","geometry":{"type":"Polygon","coordinates":[[[6.974135,50.934461],[6.974166,50.934461],[6.974165,50.934496],[6.974285,50.934496],[6.974288,50.93442],[6.974228,50.93442],[6.974168,50.934421],[6.974136,50.934421],[6.974135,50.934461]]]},"properties":{"id":"DENW37AL100064tD","h":12.4,"min_z":46.9,"max_z":59.3}},{"type":"Feature","id":"DENW37AL100068xY","geometry":{"type":"Polygon","coordinates":[[[6.972914,50.938535],[6.973006,50.938548],[6.973041,50.938454],[6.972948,50.93844],[6.972914,50.938535]]]},"properties":{"id":"DENW37AL100068xY","h":15.6,"min_z":44.8,"max_z":60.4}},{"type":"Feature","id":"DENW37AL100066GN","geometry":{"type":"Polygon","coordinates":[[[6.975252,50.933915],[6.975254,50.934009],[6.975376,50.934008],[6.975373,50.933921],[6.975372,50.933897],[6.97532,50.933898],[6.975321,50.933914],[6.975252,50.933915]]]},"properties":{"id":"DENW37AL100066GN","h":15.0,"min_z":45.7,"max_z":60.7}},{"type":"Feature","id":"DENW37AL100066Am","geometry":{"type":"Polygon","coordinates":[[[6.974368,50.935954],[6.974368,50.935899],[6.974229,50.935905],[6.974226,50.93596],[6.974368,50.935954]]]},"properties":{"id":"DENW37AL100066Am","h":15.5,"min_z":45.7,"max_z":61.2}},{"type":"Feature","id":"DENW37AL20000UWQ","geometry":{"type":"Polygon","coordinates":[[[6.968802,50.937167],[6.968848,50.93717],[6.968874,50.936983],[6.968829,50.936981],[6.968802,50.937167]]]},"properties":{"id":"DENW37AL20000UWQ","h":47.8,"min_z":45.6,"max_z":93.3}},{"type":"Feature","id":"DENW37AL100066Sp","geometry":{"type":"Polygon","coordinates":[[[6.970965,50.934818],[6.971156,50.934795],[6.971117,50.934753],[6.971111,50.934754],[6.971079,50.934761],[6.970959,50.934766],[6.970965,50.934818]]]},"properties":{"id":"DENW37AL100066Sp","h":15.3,"min_z":46.2,"max_z":61.5}},{"type":"Feature","id":"DENW37AL10006512","geometry":{"type":"Polygon","coordinates":[[[6.973552,50.936544],[6.973552,50.936545],[6.973548,50.936604],[6.973629,50.936605],[6.973628,50.936595],[6.973626,50.936547],[6.973556,50.936544],[6.973552,50.936544]]]},"properties":{"id":"DENW37AL10006512","h":4.1,"min_z":45.1,"max_z":49.2}},{"type":"Feature","id":"DENW37AL100063wL","geometry":{"type":"Polygon","coordinates":[[[6.974509,50.938208],[6.97451,50.938205],[6.974518,50.93812],[6.97449,50.93812],[6.974476,50.938119],[6.974429,50.938117],[6.97442,50.9382],[6.974419,50.938203],[6.974509,50.938208]]]},"properties":{"id":"DENW37AL100063wL","h":13.2,"min_z":44.9,"max_z":58.1}},{"type":"Feature","id":"DENW37AL100065V6","geometry":{"type":"Polygon","coordinates":[[[6.970935,50.934328],[6.970935,50.934402],[6.971082,50.934401],[6.971085,50.934328],[6.970935,50.934328]]]},"properties":{"id":"DENW37AL100065V6","h":15.3,"min_z":46.4,"max_z":61.7}},{"type":"Feature","id":"DENW37AL100065pf","geometry":{"type":"Polygon","coordinates":[[[6.973241,50.934229],[6.973191,50.934234],[6.973176,50.934236],[6.973178,50.934243],[6.973191,50.93429],[6.973265,50.934282],[6.973298,50.934279],[6.973282,50.934224],[6.973241,50.934229]]]},"properties":{"id":"DENW37AL100065pf","h":13.3,"min_z":46.7,"max_z":60.0}},{"type":"Feature","id":"DENW37AL100065vI","geometry":{"type":"Polygon","coordinates":[[[6.974927,50.934424],[6.974972,50.934424],[6.974972,50.934424],[6.974927,50.934424],[6.974927,50.934424]]]},"properties":{"id":"DENW37AL100065vI","h":1.5,"min_z":46.5,"max_z":48.0}},{"type":"Feature","id":"DENW37AL100064VP","geometry":{"type":"Polygon","coordinates":[[[6.971629,50.934197],[6.971627,50.934221],[6.971625,50.934246],[6.971779,50.934245],[6.971826,50.934245],[6.971829,50.934245],[6.971833,50.934199],[6.971629,50.934197]]]},"properties":{"id":"DENW37AL100064VP","h":6.3,"min_z":46.5,"max_z":52.7}},{"type":"Feature","id":"DENW37AL100064Uz","geometry":{"type":"Polygon","coordinates":[[[6.974461,50.934482],[6.974463,50.934539],[6.974599,50.934538],[6.974598,50.934481],[6.974461,50.934482]]]},"properties":{"id":"DENW37AL100064Uz","h":14.3,"min_z":46.8,"max_z":61.1}},{"type":"Feature","id":"DENW37AL100069NP","geometry":{"type":"Polygon","coordinates":[[[6.975651,50.934357],[6.975651,50.934395],[6.975673,50.934395],[6.975674,50.934458],[6.975693,50.934458],[6.97574,50.934458],[6.97574,50.934356],[6.975705,50.934357],[6.975651,50.934357]]]},"properties":{"id":"DENW37AL100069NP","h":10.7,"min_z":46.0,"max_z":56.7}},{"type":"Feature","id":"DENW37AL100064Rq","geometry":{"type":"Polygon","coordinates":[[[6.975095,50.932634],[6.975167,50.932666],[6.975224,50.932617],[6.975151,50.932584],[6.975095,50.932634]]]},"properties":{"id":"DENW37AL100064Rq","h":19.5,"min_z":45.2,"max_z":64.6}},{"type":"Feature","id":"DENW37AL1000649S","geometry":{"type":"Polygon","coordinates":[[[6.976116,50.936575],[6.976115,50.936587],[6.976194,50.936632],[6.976203,50.936625],[6.976219,50.936634],[6.97623,50.936604],[6.976294,50.936556],[6.976173,50.936487],[6.976094,50.936542],[6.976086,50.936559],[6.976086,50.936559],[6.976116,50.936575]]]},"properties":{"id":"DENW37AL1000649S","h":23.2,"min_z":44.8,"max_z":67.9}},{"type":"Feature","id":"DENW37AL100063PP","geometry":{"type":"Polygon","coordinates":[[[6.972588,50.938103],[6.972785,50.938146],[6.972837,50.938078],[6.972869,50.938035],[6.972665,50.937992],[6.972588,50.938103]]]},"properties":{"id":"DENW37AL100063PP","h":4.8,"min_z":45.0,"max_z":49.8}},{"type":"Feature","id":"DENW37AL100063aB","geometry":{"type":"Polygon","coordinates":[[[6.974908,50.936542],[6.974924,50.936476],[6.974942,50.936398],[6.974945,50.936387],[6.974872,50.936382],[6.974807,50.936378],[6.974832,50.93619],[6.974746,50.936184],[6.974718,50.936182],[6.974712,50.936223],[6.974703,50.936286],[6.974698,50.936321],[6.974692,50.936363],[6.97468,50.936448],[6.974675,50.936482],[6.974669,50.936519],[6.974668,50.936533],[6.974783,50.936537],[6.974908,50.936542]]]},"properties":{"id":"DENW37AL100063aB","h":4.0,"min_z":44.9,"max_z":48.9}},{"type":"Feature","id":"DENW37AL100062t7","geometry":{"type":"Polygon","coordinates":[[[6.976883,50.938787],[6.976913,50.938873],[6.976983,50.938864],[6.976954,50.938776],[6.976883,50.938787]]]},"properties":{"id":"DENW37AL100062t7","h":3.8,"min_z":45.6,"max_z":49.4}},{"type":"Feature","id":"DENW37AL100066Ft","geometry":{"type":"Polygon","coordinates":[[[6.976937,50.93564],[6.977024,50.935642],[6.977026,50.935568],[6.977011,50.935568],[6.977011,50.935557],[6.97694,50.935557],[6.976937,50.93564]]]},"properties":{"id":"DENW37AL100066Ft","h":17.3,"min_z":45.3,"max_z":62.6}},{"type":"Feature","id":"DENW37AL100062s1","geometry":{"type":"Polygon","coordinates":[[[6.970439,50.933553],[6.970578,50.933561],[6.970583,50.933533],[6.970444,50.933525],[6.970439,50.933553]]]},"properties":{"id":"DENW37AL100062s1","h":3.4,"min_z":45.9,"max_z":49.3}},{"type":"Feature","id":"DENW37AL100066v5","geometry":{"type":"Polygon","coordinates":[[[6.973797,50.933565],[6.973842,50.933577],[6.973856,50.933548],[6.973844,50.933545],[6.973849,50.933533],[6.973816,50.933526],[6.973809,50.933541],[6.973797,50.933565]]]},"properties":{"id":"DENW37AL100066v5","h":12.8,"min_z":45.3,"max_z":58.0}},{"type":"Feature","id":"DENW37AL100063er","geometry":{"type":"Polygon","coordinates":[[[6.972958,50.933396],[6.972922,50.933459],[6.97297,50.933468],[6.973062,50.933486],[6.973089,50.933433],[6.973093,50.933423],[6.972958,50.933396]]]},"properties":{"id":"DENW37AL100063er","h":4.5,"min_z":46.5,"max_z":51.0}},{"type":"Feature","id":"DENW37AL100068tk","geometry":{"type":"Polygon","coordinates":[[[6.973885,50.936601],[6.97391,50.936602],[6.973952,50.936603],[6.973955,50.936567],[6.973912,50.936566],[6.973888,50.936565],[6.973885,50.936601]]]},"properties":{"id":"DENW37AL100068tk","h":7.4,"min_z":44.7,"max_z":52.1}},{"type":"Feature","id":"DENW37AL100064aI","geometry":{"type":"Polygon","coordinates":[[[6.974082,50.937886],[6.974118,50.937901],[6.97415,50.937913],[6.974157,50.937916],[6.974197,50.937932],[6.974222,50.937942],[6.974294,50.937873],[6.974308,50.937879],[6.974341,50.937847],[6.974183,50.937783],[6.974082,50.937886]]]},"properties":{"id":"DENW37AL100064aI","h":20.4,"min_z":45.1,"max_z":65.4}},{"type":"Feature","id":"DENW37AL100064HR","geometry":{"type":"Polygon","coordinates":[[[6.977087,50.936284],[6.977326,50.9363],[6.977333,50.936257],[6.977344,50.936194],[6.977106,50.936177],[6.977087,50.936284]]]},"properties":{"id":"DENW37AL100064HR","h":21.5,"min_z":45.6,"max_z":67.1}},{"type":"Feature","id":"DENW37AL1000650W","geometry":{"type":"Polygon","coordinates":[[[6.975271,50.934279],[6.975271,50.934252],[6.975271,50.934203],[6.975271,50.934173],[6.975189,50.934173],[6.975189,50.934203],[6.97519,50.934277],[6.97519,50.934279],[6.975271,50.934279]]]},"properties":{"id":"DENW37AL1000650W","h":18.2,"min_z":46.3,"max_z":64.6}},{"type":"Feature","id":"DENW37AL100065ib","geometry":{"type":"Polygon","coordinates":[[[6.976001,50.938659],[6.975903,50.938588],[6.975771,50.938661],[6.975825,50.938699],[6.975853,50.93872],[6.975869,50.938732],[6.976001,50.938659]]]},"properties":{"id":"DENW37AL100065ib","h":21.5,"min_z":45.3,"max_z":66.8}},{"type":"Feature","id":"DENW37AL100063sD","geometry":{"type":"Polygon","coordinates":[[[6.973479,50.935839],[6.973626,50.935844],[6.973629,50.935806],[6.973631,50.935781],[6.973483,50.935776],[6.973479,50.935839]]]},"properties":{"id":"DENW37AL100063sD","h":16.9,"min_z":45.6,"max_z":62.5}},{"type":"Feature","id":"DENW37AL100063VX","geometry":{"type":"Polygon","coordinates":[[[6.975376,50.934008],[6.975463,50.934007],[6.97546,50.93392],[6.975373,50.933921],[6.975376,50.934008]]]},"properties":{"id":"DENW37AL100063VX","h":17.3,"min_z":45.7,"max_z":63.0}},{"type":"Feature","id":"DENW37AL10006yF2","geometry":{"type":"Polygon","coordinates":[[[6.974682,50.935436],[6.974679,50.935462],[6.974675,50.935494],[6.974741,50.935495],[6.974747,50.935437],[6.974719,50.935436],[6.974682,50.935436]]]},"properties":{"id":"DENW37AL10006yF2","h":2.8,"min_z":46.2,"max_z":49.0}},{"type":"Feature","id":"DENW37AL100066Ab","geometry":{"type":"Polygon","coordinates":[[[6.972745,50.934235],[6.972751,50.934253],[6.972764,50.93429],[6.972824,50.934291],[6.972898,50.934283],[6.972878,50.934224],[6.972745,50.934235]]]},"properties":{"id":"DENW37AL100066Ab","h":16.3,"min_z":46.5,"max_z":62.8}},{"type":"Feature","id":"DENW37AL100064E1","geometry":{"type":"Polygon","coordinates":[[[6.976562,50.9374],[6.976571,50.937454],[6.976714,50.937445],[6.976705,50.937391],[6.976562,50.9374]]]},"properties":{"id":"DENW37AL100064E1","h":17.9,"min_z":44.3,"max_z":62.2}},{"type":"Feature","id":"DENW37AL1000652G","geometry":{"type":"Polygon","coordinates":[[[6.971208,50.935082],[6.971224,50.935187],[6.971321,50.935177],[6.971397,50.93517],[6.971402,50.935169],[6.971539,50.935156],[6.971557,50.935154],[6.971533,50.935052],[6.971402,50.935064],[6.971263,50.935077],[6.971208,50.935082]]]},"properties":{"id":"DENW37AL1000652G","h":5.1,"min_z":44.9,"max_z":50.0}},{"type":"Feature","id":"DENW37AL100064wh","geometry":{"type":"Polygon","coordinates":[[[6.975566,50.936604],[6.975633,50.936618],[6.975681,50.936525],[6.975614,50.936512],[6.975566,50.936604]]]},"properties":{"id":"DENW37AL100064wh","h":3.8,"min_z":45.0,"max_z":48.8}},{"type":"Feature","id":"DENW37AL10006yGc","geometry":{"type":"Polygon","coordinates":[[[6.974341,50.937923],[6.974338,50.937947],[6.974334,50.937979],[6.974443,50.937986],[6.97445,50.937934],[6.974425,50.937932],[6.974341,50.937923]]]},"properties":{"id":"DENW37AL10006yGc","h":3.0,"min_z":45.0,"max_z":48.0}},{"type":"Feature","id":"DENW37AL100065Xf","geometry":{"type":"Polygon","coordinates":[[[6.9734,50.934703],[6.973388,50.934666],[6.973377,50.934668],[6.973302,50.934678],[6.973205,50.934691],[6.973223,50.934746],[6.97332,50.934733],[6.973394,50.934724],[6.973388,50.934705],[6.9734,50.934703]]]},"properties":{"id":"DENW37AL100065Xf","h":16.1,"min_z":46.7,"max_z":62.8}},{"type":"Feature","id":"DENW37AL100065kH","geometry":{"type":"Polygon","coordinates":[[[6.979072,50.93208],[6.979287,50.931995],[6.979203,50.931913],[6.978988,50.931996],[6.979072,50.93208]]]},"properties":{"id":"DENW37AL100065kH","h":16.4,"min_z":46.2,"max_z":62.6}},{"type":"Feature","id":"DENW37AL100063i4","geometry":{"type":"Polygon","coordinates":[[[6.974725,50.934101],[6.974452,50.934104],[6.974455,50.934224],[6.974588,50.934223],[6.974587,50.934176],[6.974587,50.934166],[6.974608,50.934166],[6.974727,50.934165],[6.974727,50.934161],[6.974725,50.934104],[6.974725,50.934101]]]},"properties":{"id":"DENW37AL100063i4","h":14.6,"min_z":46.5,"max_z":61.2}},{"type":"Feature","id":"DENW37AL100065Lq","geometry":{"type":"Polygon","coordinates":[[[6.971637,50.932755],[6.971748,50.932778],[6.971783,50.932695],[6.971674,50.932674],[6.97164,50.932748],[6.971637,50.932755]]]},"properties":{"id":"DENW37AL100065Lq","h":14.5,"min_z":45.7,"max_z":60.2}},{"type":"Feature","id":"DENW37AL100065D8","geometry":{"type":"Polygon","coordinates":[[[6.975531,50.935778],[6.975406,50.935766],[6.975399,50.935791],[6.975391,50.93582],[6.975517,50.935829],[6.975531,50.935778]]]},"properties":{"id":"DENW37AL100065D8","h":14.8,"min_z":45.4,"max_z":60.2}},{"type":"Feature","id":"DENW37AL100064da","geometry":{"type":"Polygon","coordinates":[[[6.977626,50.932173],[6.977614,50.932179],[6.977583,50.932152],[6.977526,50.932179],[6.977466,50.932207],[6.977496,50.932233],[6.977489,50.932236],[6.977527,50.93227],[6.977595,50.932239],[6.977673,50.932204],[6.977638,50.932173],[6.977626,50.932173]]]},"properties":{"id":"DENW37AL100064da","h":13.9,"min_z":45.4,"max_z":59.3}},{"type":"Feature","id":"DENW37AL100065jk","geometry":{"type":"Polygon","coordinates":[[[6.979074,50.934092],[6.979035,50.9341],[6.979054,50.934139],[6.979071,50.934173],[6.979106,50.934166],[6.979116,50.934185],[6.979169,50.934175],[6.979159,50.934155],[6.979142,50.934121],[6.979125,50.934087],[6.979076,50.934097],[6.979074,50.934092]]]},"properties":{"id":"DENW37AL100065jk","h":11.4,"min_z":44.9,"max_z":56.3}},{"type":"Feature","id":"DENW37AL100066vK","geometry":{"type":"Polygon","coordinates":[[[6.973578,50.936482],[6.973578,50.936486],[6.973562,50.936485],[6.973556,50.936544],[6.973626,50.936547],[6.973632,50.936484],[6.97358,50.936482],[6.973578,50.936482]]]},"properties":{"id":"DENW37AL100066vK","h":4.2,"min_z":45.1,"max_z":49.3}},{"type":"Feature","id":"DENW37AL100065V2","geometry":{"type":"Polygon","coordinates":[[[6.973581,50.936481],[6.973588,50.936413],[6.973446,50.936406],[6.973442,50.936476],[6.973581,50.936481]]]},"properties":{"id":"DENW37AL100065V2","h":15.2,"min_z":45.1,"max_z":60.3}},{"type":"Feature","id":"DENW37AL100063vG","geometry":{"type":"Polygon","coordinates":[[[6.972511,50.934909],[6.972516,50.934939],[6.972597,50.934922],[6.972589,50.934892],[6.972511,50.934909]]]},"properties":{"id":"DENW37AL100063vG","h":3.1,"min_z":46.5,"max_z":49.7}},{"type":"Feature","id":"DENW37AL100065ej","geometry":{"type":"Polygon","coordinates":[[[6.978027,50.934501],[6.97804,50.934548],[6.978129,50.934538],[6.978117,50.934492],[6.978027,50.934501]]]},"properties":{"id":"DENW37AL100065ej","h":2.4,"min_z":46.0,"max_z":48.3}},{"type":"Feature","id":"DENW37AL100064Ut","geometry":{"type":"Polygon","coordinates":[[[6.971164,50.934206],[6.971164,50.934255],[6.971254,50.934255],[6.971253,50.934242],[6.97127,50.93423],[6.971306,50.93423],[6.971307,50.934206],[6.971264,50.934206],[6.971164,50.934206]]]},"properties":{"id":"DENW37AL100064Ut","h":3.9,"min_z":46.4,"max_z":50.3}},{"type":"Feature","id":"DENW37AL10006618","geometry":{"type":"Polygon","coordinates":[[[6.97472,50.937944],[6.974803,50.937949],[6.9749,50.937955],[6.97491,50.937885],[6.974866,50.937882],[6.974735,50.937874],[6.97472,50.937944]]]},"properties":{"id":"DENW37AL10006618","h":5.2,"min_z":44.6,"max_z":49.8}},{"type":"Feature","id":"DENW37AL100063yk","geometry":{"type":"Polygon","coordinates":[[[6.975557,50.932719],[6.975636,50.93275],[6.975655,50.932758],[6.975712,50.932708],[6.975706,50.932706],[6.975721,50.932693],[6.975633,50.932653],[6.97558,50.932702],[6.975557,50.932719]]]},"properties":{"id":"DENW37AL100063yk","h":2.6,"min_z":45.7,"max_z":48.3}},{"type":"Feature","id":"DENW37AL100063f9","geometry":{"type":"Polygon","coordinates":[[[6.97592,50.931712],[6.975863,50.931751],[6.975927,50.931784],[6.975971,50.93175],[6.975937,50.931725],[6.97592,50.931712]]]},"properties":{"id":"DENW37AL100063f9","h":2.5,"min_z":46.4,"max_z":48.9}},{"type":"Feature","id":"DENW37AL100065SJ","geometry":{"type":"Polygon","coordinates":[[[6.9726,50.935576],[6.97261,50.935634],[6.972719,50.935621],[6.972718,50.935619],[6.972705,50.935546],[6.9727,50.935546],[6.972703,50.935562],[6.9726,50.935576]]]},"properties":{"id":"DENW37AL100065SJ","h":3.2,"min_z":45.8,"max_z":49.0}},{"type":"Feature","id":"DENW37AL100066UB","geometry":{"type":"Polygon","coordinates":[[[6.976816,50.931427],[6.97687,50.931468],[6.976949,50.931427],[6.976887,50.931378],[6.976807,50.93142],[6.976816,50.931427]]]},"properties":{"id":"DENW37AL100066UB","h":5.3,"min_z":46.4,"max_z":51.7}},{"type":"Feature","id":"DENW37AL100063wn","geometry":{"type":"Polygon","coordinates":[[[6.975181,50.93871],[6.975274,50.938716],[6.975279,50.938686],[6.975324,50.938688],[6.975344,50.938582],[6.975204,50.938573],[6.975181,50.93871]]]},"properties":{"id":"DENW37AL100063wn","h":13.4,"min_z":44.3,"max_z":57.6}},{"type":"Feature","id":"DENW37AL100064FA","geometry":{"type":"Polygon","coordinates":[[[6.971134,50.935747],[6.971152,50.935801],[6.971314,50.935784],[6.9713,50.93573],[6.971134,50.935747]]]},"properties":{"id":"DENW37AL100064FA","h":16.1,"min_z":45.1,"max_z":61.2}},{"type":"Feature","id":"DENW37AL100065F1","geometry":{"type":"Polygon","coordinates":[[[6.976099,50.935455],[6.976087,50.935505],[6.976085,50.935511],[6.976135,50.935515],[6.976134,50.93552],[6.976281,50.935533],[6.976277,50.935555],[6.976334,50.935559],[6.976344,50.935509],[6.976351,50.935479],[6.976362,50.935427],[6.976111,50.935402],[6.976099,50.935455]]]},"properties":{"id":"DENW37AL100065F1","h":23.0,"min_z":45.2,"max_z":68.2}},{"type":"Feature","id":"DENW37AL100063li","geometry":{"type":"Polygon","coordinates":[[[6.971376,50.934064],[6.971353,50.934064],[6.971272,50.934064],[6.97127,50.934096],[6.971373,50.934097],[6.971454,50.934099],[6.971547,50.934101],[6.97155,50.934067],[6.971518,50.934066],[6.971376,50.934064]]]},"properties":{"id":"DENW37AL100063li","h":13.8,"min_z":46.2,"max_z":60.0}},{"type":"Feature","id":"DENW37AL100064Zj","geometry":{"type":"Polygon","coordinates":[[[6.973908,50.937131],[6.973908,50.937104],[6.973677,50.937105],[6.973678,50.937235],[6.973678,50.937277],[6.973678,50.937285],[6.973872,50.937285],[6.973908,50.937285],[6.973908,50.937131]]]},"properties":{"id":"DENW37AL100064Zj","h":21.3,"min_z":45.2,"max_z":66.5}},{"type":"Feature","id":"DENW37AL100065Wp","geometry":{"type":"Polygon","coordinates":[[[6.977898,50.934067],[6.977919,50.93411],[6.977922,50.934115],[6.978141,50.934071],[6.978119,50.934028],[6.978101,50.934032],[6.978099,50.934027],[6.978077,50.933979],[6.977874,50.934019],[6.977898,50.934067]]]},"properties":{"id":"DENW37AL100065Wp","h":18.2,"min_z":46.0,"max_z":64.2}},{"type":"Feature","id":"DENW37AL100065CM","geometry":{"type":"Polygon","coordinates":[[[6.972598,50.934561],[6.972625,50.934645],[6.972799,50.934623],[6.972776,50.934549],[6.972773,50.934539],[6.972598,50.934561]]]},"properties":{"id":"DENW37AL100065CM","h":14.4,"min_z":46.6,"max_z":61.1}},{"type":"Feature","id":"DENW37AL100065Ep","geometry":{"type":"Polygon","coordinates":[[[6.97156,50.935368],[6.971577,50.935457],[6.971613,50.935454],[6.971662,50.93545],[6.971656,50.935361],[6.97156,50.935368]]]},"properties":{"id":"DENW37AL100065Ep","h":13.8,"min_z":45.5,"max_z":59.2}},{"type":"Feature","id":"DENW37AL100065Fu","geometry":{"type":"Polygon","coordinates":[[[6.974705,50.936068],[6.974613,50.936068],[6.974615,50.9361],[6.974691,50.9361],[6.974735,50.936101],[6.974735,50.936085],[6.974735,50.936069],[6.974721,50.936069],[6.974705,50.936068]]]},"properties":{"id":"DENW37AL100065Fu","h":6.8,"min_z":45.6,"max_z":52.4}},{"type":"Feature","id":"DENW37AL10006yFY","geometry":{"type":"Polygon","coordinates":[[[6.97557,50.937049],[6.9756,50.937052],[6.9756,50.93705],[6.975606,50.93705],[6.975609,50.937029],[6.975614,50.937001],[6.975616,50.936985],[6.975584,50.936982],[6.97557,50.937049]]]},"properties":{"id":"DENW37AL10006yFY","h":6.0,"min_z":44.7,"max_z":50.7}},{"type":"Feature","id":"DENW37AL100065Ia","geometry":{"type":"Polygon","coordinates":[[[6.973665,50.935882],[6.973663,50.93591],[6.973771,50.935914],[6.973775,50.935876],[6.973666,50.935872],[6.973665,50.935882]]]},"properties":{"id":"DENW37AL100065Ia","h":13.5,"min_z":45.7,"max_z":59.2}},{"type":"Feature","id":"DENW37AL100063P5","geometry":{"type":"Polygon","coordinates":[[[6.971663,50.935515],[6.971665,50.935526],[6.971669,50.935552],[6.971671,50.935562],[6.971762,50.935554],[6.971841,50.935547],[6.971832,50.935501],[6.971801,50.935504],[6.971666,50.935515],[6.971663,50.935515]]]},"properties":{"id":"DENW37AL100063P5","h":3.8,"min_z":45.5,"max_z":49.3}},{"type":"Feature","id":"DENW37AL10006yEs","geometry":{"type":"Polygon","coordinates":[[[6.977183,50.937204],[6.977278,50.937211],[6.977285,50.937156],[6.977191,50.93715],[6.977183,50.937204]]]},"properties":{"id":"DENW37AL10006yEs","h":3.3,"min_z":45.5,"max_z":48.8}},{"type":"Feature","id":"DENW37AL100063zl","geometry":{"type":"Polygon","coordinates":[[[6.97171,50.932569],[6.971894,50.932605],[6.971954,50.932485],[6.971769,50.932449],[6.97171,50.932569]]]},"properties":{"id":"DENW37AL100063zl","h":12.7,"min_z":45.8,"max_z":58.5}},{"type":"Feature","id":"DENW37AL100066US","geometry":{"type":"Polygon","coordinates":[[[6.975135,50.935527],[6.975134,50.935539],[6.975176,50.93554],[6.975177,50.935529],[6.975135,50.935527]]]},"properties":{"id":"DENW37AL100066US","h":17.3,"min_z":45.5,"max_z":62.8}},{"type":"Feature","id":"DENW37AL100064zm","geometry":{"type":"Polygon","coordinates":[[[6.975729,50.936696],[6.975731,50.936693],[6.975682,50.936691],[6.97561,50.936688],[6.975603,50.936732],[6.975594,50.936777],[6.975711,50.936784],[6.975719,50.936738],[6.975724,50.936707],[6.975726,50.936696],[6.975729,50.936696]]]},"properties":{"id":"DENW37AL100064zm","h":20.9,"min_z":44.7,"max_z":65.6}},{"type":"Feature","id":"DENW37AL100064hp","geometry":{"type":"Polygon","coordinates":[[[6.975406,50.935766],[6.975531,50.935778],[6.975545,50.935723],[6.975539,50.935718],[6.975423,50.935714],[6.975413,50.935744],[6.975406,50.935766]]]},"properties":{"id":"DENW37AL100064hp","h":14.6,"min_z":45.4,"max_z":60.0}},{"type":"Feature","id":"DENW37AL100065uG","geometry":{"type":"Polygon","coordinates":[[[6.973015,50.93801],[6.972975,50.938063],[6.973015,50.938075],[6.973055,50.938022],[6.973015,50.93801]]]},"properties":{"id":"DENW37AL100065uG","h":3.8,"min_z":44.9,"max_z":48.7}},{"type":"Feature","id":"DENW37AL100065CX","geometry":{"type":"Polygon","coordinates":[[[6.978017,50.933264],[6.977982,50.933274],[6.978018,50.933323],[6.978023,50.933324],[6.978029,50.933324],[6.978035,50.933323],[6.97804,50.933321],[6.978044,50.933319],[6.978047,50.933315],[6.978049,50.933312],[6.978049,50.933308],[6.978048,50.933304],[6.978017,50.933264]]]},"properties":{"id":"DENW37AL100065CX","h":18.6,"min_z":45.9,"max_z":64.5}},{"type":"Feature","id":"DENW37ALX30000EO","geometry":{"type":"Polygon","coordinates":[[[6.970651,50.938467],[6.970734,50.938469],[6.970735,50.938443],[6.970653,50.938441],[6.970651,50.938467]]]},"properties":{"id":"DENW37ALX30000EO","h":2.5,"min_z":45.6,"max_z":48.1}},{"type":"Feature","id":"DENW37AL100074gm","geometry":{"type":"Polygon","coordinates":[[[6.973168,50.933735],[6.973218,50.933745],[6.973232,50.933717],[6.973171,50.933724],[6.973169,50.933729],[6.973168,50.933735]]]},"properties":{"id":"DENW37AL100074gm","h":2.6,"min_z":46.4,"max_z":49.0}},{"type":"Feature","id":"DENW37AL2FE0006k","geometry":{"type":"Polygon","coordinates":[[[6.973827,50.935851],[6.973825,50.935903],[6.973896,50.935904],[6.973898,50.935854],[6.973827,50.935851]]]},"properties":{"id":"DENW37AL2FE0006k","h":2.8,"min_z":45.7,"max_z":48.5}},{"type":"Feature","id":"DENW37AL100065tM","geometry":{"type":"Polygon","coordinates":[[[6.976399,50.935125],[6.976181,50.935103],[6.976168,50.935149],[6.976155,50.935196],[6.976385,50.935219],[6.976395,50.935172],[6.97641,50.935104],[6.976404,50.935103],[6.976399,50.935125]]]},"properties":{"id":"DENW37AL100065tM","h":19.3,"min_z":45.3,"max_z":64.6}},{"type":"Feature","id":"DENW37AL100063y3","geometry":{"type":"Polygon","coordinates":[[[6.976654,50.930629],[6.976619,50.93069],[6.976765,50.930724],[6.976801,50.930663],[6.976654,50.930629]]]},"properties":{"id":"DENW37AL100063y3","h":18.5,"min_z":47.0,"max_z":65.6}},{"type":"Feature","id":"DENW37AL100063eh","geometry":{"type":"Polygon","coordinates":[[[6.975355,50.934252],[6.975448,50.934252],[6.975449,50.934173],[6.975356,50.934173],[6.975355,50.934252]]]},"properties":{"id":"DENW37AL100063eh","h":18.2,"min_z":45.8,"max_z":64.0}},{"type":"Feature","id":"DENW37AL100063s1","geometry":{"type":"Polygon","coordinates":[[[6.978389,50.935132],[6.978391,50.935148],[6.978625,50.935137],[6.978625,50.935135],[6.978623,50.935122],[6.978389,50.935132]]]},"properties":{"id":"DENW37AL100063s1","h":16.9,"min_z":45.6,"max_z":62.5}},{"type":"Feature","id":"DENW37AL100063zc","geometry":{"type":"Polygon","coordinates":[[[6.978437,50.932533],[6.978386,50.932553],[6.978391,50.932558],[6.978353,50.932573],[6.978347,50.932568],[6.978296,50.932588],[6.978302,50.932594],[6.978253,50.932613],[6.978296,50.932655],[6.97833,50.93269],[6.97835,50.932709],[6.978588,50.932615],[6.978586,50.932613],[6.978534,50.932561],[6.978492,50.932518],[6.978442,50.932538],[6.978437,50.932533]]]},"properties":{"id":"DENW37AL100063zc","h":17.5,"min_z":46.0,"max_z":63.5}},{"type":"Feature","id":"DENW37AL1000656Q","geometry":{"type":"Polygon","coordinates":[[[6.975192,50.936034],[6.975063,50.936021],[6.975051,50.93605],[6.975042,50.936075],[6.9751,50.936078],[6.975182,50.936083],[6.975192,50.936034]]]},"properties":{"id":"DENW37AL1000656Q","h":6.4,"min_z":45.0,"max_z":51.5}},{"type":"Feature","id":"DENW37AL100063Q5","geometry":{"type":"Polygon","coordinates":[[[6.972566,50.937221],[6.972522,50.937224],[6.972537,50.937313],[6.97258,50.93731],[6.972566,50.937221]]]},"properties":{"id":"DENW37AL100063Q5","h":7.9,"min_z":43.5,"max_z":51.4}},{"type":"Feature","id":"DENW37AL100064I0","geometry":{"type":"Polygon","coordinates":[[[6.974611,50.935985],[6.974538,50.935986],[6.974472,50.935986],[6.974474,50.936042],[6.97454,50.936042],[6.974612,50.936042],[6.974612,50.936019],[6.974611,50.935985]]]},"properties":{"id":"DENW37AL100064I0","h":15.1,"min_z":45.6,"max_z":60.7}},{"type":"Feature","id":"DENW37AL100064TM","geometry":{"type":"Polygon","coordinates":[[[6.973014,50.934309],[6.973033,50.934367],[6.973149,50.934352],[6.973132,50.934297],[6.97309,50.934301],[6.973014,50.934309]]]},"properties":{"id":"DENW37AL100064TM","h":14.6,"min_z":46.6,"max_z":61.1}},{"type":"Feature","id":"DENW37AL100063kn","geometry":{"type":"Polygon","coordinates":[[[6.978598,50.932609],[6.978616,50.932613],[6.978737,50.932565],[6.97873,50.932557],[6.978598,50.932609]]]},"properties":{"id":"DENW37AL100063kn","h":17.5,"min_z":46.2,"max_z":63.7}},{"type":"Feature","id":"DENW37AL100065Y3","geometry":{"type":"Polygon","coordinates":[[[6.975425,50.933633],[6.975431,50.933624],[6.975403,50.933615],[6.975396,50.933625],[6.975338,50.933713],[6.975412,50.933733],[6.975439,50.933694],[6.975472,50.933646],[6.975425,50.933633]]]},"properties":{"id":"DENW37AL100065Y3","h":23.8,"min_z":45.7,"max_z":69.5}},{"type":"Feature","id":"DENW37AL100064Wv","geometry":{"type":"Polygon","coordinates":[[[6.97242,50.933169],[6.972477,50.933081],[6.972354,50.933047],[6.972296,50.933137],[6.97242,50.933169]]]},"properties":{"id":"DENW37AL100064Wv","h":5.1,"min_z":46.0,"max_z":51.1}},{"type":"Feature","id":"DENW37AL100065uM","geometry":{"type":"Polygon","coordinates":[[[6.975369,50.9356],[6.975366,50.935632],[6.975434,50.935635],[6.975443,50.935603],[6.975369,50.9356]]]},"properties":{"id":"DENW37AL100065uM","h":7.3,"min_z":45.5,"max_z":52.8}},{"type":"Feature","id":"DENW37AL11t000Oc","geometry":{"type":"Polygon","coordinates":[[[6.972914,50.937094],[6.972917,50.937118],[6.972921,50.937152],[6.972984,50.937149],[6.972977,50.937094],[6.972927,50.937094],[6.972914,50.937094]]]},"properties":{"id":"DENW37AL11t000Oc","h":3.3,"min_z":44.0,"max_z":47.3}},{"type":"Feature","id":"DENW37AL100065uX","geometry":{"type":"Polygon","coordinates":[[[6.975405,50.936233],[6.975426,50.936163],[6.97529,50.936147],[6.97527,50.936216],[6.975405,50.936233]]]},"properties":{"id":"DENW37AL100065uX","h":16.4,"min_z":45.1,"max_z":61.5}},{"type":"Feature","id":"DENW37AL100065RN","geometry":{"type":"Polygon","coordinates":[[[6.974063,50.936709],[6.974127,50.936708],[6.974132,50.936622],[6.97407,50.93662],[6.974063,50.936709]]]},"properties":{"id":"DENW37AL100065RN","h":18.5,"min_z":44.8,"max_z":63.3}},{"type":"Feature","id":"DENW37AL100065HM","geometry":{"type":"Polygon","coordinates":[[[6.974908,50.938026],[6.974903,50.93806],[6.974903,50.938064],[6.974982,50.938068],[6.974984,50.938055],[6.974987,50.938031],[6.974982,50.938031],[6.974908,50.938026]]]},"properties":{"id":"DENW37AL100065HM","h":9.3,"min_z":44.6,"max_z":53.9}},{"type":"Feature","id":"DENW37AL100064RY","geometry":{"type":"Polygon","coordinates":[[[6.977105,50.935733],[6.977106,50.935747],[6.977106,50.935818],[6.977189,50.935821],[6.977192,50.935733],[6.977105,50.935733]]]},"properties":{"id":"DENW37AL100064RY","h":3.3,"min_z":45.4,"max_z":48.7}},{"type":"Feature","id":"DENW37AL100064qR","geometry":{"type":"Polygon","coordinates":[[[6.972393,50.934883],[6.972497,50.934862],[6.972415,50.934759],[6.972316,50.934794],[6.972393,50.934883]]]},"properties":{"id":"DENW37AL100064qR","h":16.7,"min_z":46.3,"max_z":63.1}},{"type":"Feature","id":"DENW37AL1000672O","geometry":{"type":"Polygon","coordinates":[[[6.972546,50.937947],[6.97268,50.93794],[6.972668,50.937847],[6.972533,50.937855],[6.972546,50.937947]]]},"properties":{"id":"DENW37AL1000672O","h":14.0,"min_z":45.1,"max_z":59.1}},{"type":"Feature","id":"DENW37AL100065I2","geometry":{"type":"Polygon","coordinates":[[[6.97803,50.93467],[6.977998,50.934673],[6.97802,50.934765],[6.978053,50.934761],[6.97803,50.93467]]]},"properties":{"id":"DENW37AL100065I2","h":17.6,"min_z":46.1,"max_z":63.7}},{"type":"Feature","id":"DENW37AL100064xN","geometry":{"type":"Polygon","coordinates":[[[6.974447,50.933875],[6.97445,50.934018],[6.974717,50.934015],[6.974714,50.933927],[6.97459,50.933929],[6.974588,50.933873],[6.974447,50.933875]]]},"properties":{"id":"DENW37AL100064xN","h":16.3,"min_z":46.7,"max_z":62.9}},{"type":"Feature","id":"DENW37AL100065R4","geometry":{"type":"Polygon","coordinates":[[[6.978768,50.934864],[6.97884,50.934854],[6.978839,50.934851],[6.978847,50.93485],[6.978918,50.93484],[6.978866,50.934691],[6.978798,50.934703],[6.978721,50.934716],[6.978752,50.934816],[6.978768,50.934864]]]},"properties":{"id":"DENW37AL100065R4","h":16.6,"min_z":44.6,"max_z":61.1}},{"type":"Feature","id":"DENW37AL100063Wr","geometry":{"type":"Polygon","coordinates":[[[6.975071,50.933639],[6.97511,50.93365],[6.975178,50.933557],[6.975139,50.933545],[6.975071,50.933639]]]},"properties":{"id":"DENW37AL100063Wr","h":18.4,"min_z":45.8,"max_z":64.2}},{"type":"Feature","id":"DENW37AL100066SH","geometry":{"type":"Polygon","coordinates":[[[6.977269,50.934935],[6.977277,50.934968],[6.977302,50.935073],[6.977318,50.935072],[6.977452,50.935059],[6.977422,50.93492],[6.977269,50.934935]]]},"properties":{"id":"DENW37AL100066SH","h":19.4,"min_z":46.0,"max_z":65.4}},{"type":"Feature","id":"DENW37AL1000652X","geometry":{"type":"Polygon","coordinates":[[[6.973517,50.938256],[6.973661,50.938113],[6.973665,50.938109],[6.973661,50.938107],[6.973538,50.93806],[6.97339,50.938205],[6.973517,50.938256]]]},"properties":{"id":"DENW37AL1000652X","h":15.6,"min_z":44.9,"max_z":60.4}},{"type":"Feature","id":"DENW37AL100063tQ","geometry":{"type":"Polygon","coordinates":[[[6.974458,50.935542],[6.974459,50.935584],[6.974475,50.935596],[6.974588,50.9356],[6.974587,50.935545],[6.974458,50.935542]]]},"properties":{"id":"DENW37AL100063tQ","h":14.2,"min_z":46.0,"max_z":60.2}},{"type":"Feature","id":"DENW37AL100068WI","geometry":{"type":"Polygon","coordinates":[[[6.976413,50.932391],[6.976328,50.932435],[6.976276,50.932462],[6.976415,50.932582],[6.976557,50.932515],[6.976502,50.932468],[6.976413,50.932391]]]},"properties":{"id":"DENW37AL100068WI","h":22.0,"min_z":46.4,"max_z":68.4}},{"type":"Feature","id":"DENW37AL100066tZ","geometry":{"type":"Polygon","coordinates":[[[6.975103,50.935802],[6.975142,50.935804],[6.975148,50.935787],[6.975177,50.935705],[6.975078,50.935701],[6.97505,50.935784],[6.975045,50.935799],[6.975103,50.935802]]]},"properties":{"id":"DENW37AL100066tZ","h":16.2,"min_z":45.4,"max_z":61.7}},{"type":"Feature","id":"DENW37AL100062ls","geometry":{"type":"Polygon","coordinates":[[[6.978007,50.93128],[6.97805,50.931327],[6.978159,50.931288],[6.978171,50.931283],[6.978128,50.931236],[6.978007,50.93128]]]},"properties":{"id":"DENW37AL100062ls","h":13.9,"min_z":44.1,"max_z":58.0}},{"type":"Feature","id":"DENW37AL20000a5d","geometry":{"type":"Polygon","coordinates":[[[6.978914,50.935671],[6.978915,50.935687],[6.978988,50.935684],[6.978987,50.935668],[6.978914,50.935671]]]},"properties":{"id":"DENW37AL20000a5d","h":3.4,"min_z":46.5,"max_z":50.0}},{"type":"Feature","id":"DENW37AL100064Fh","geometry":{"type":"Polygon","coordinates":[[[6.972196,50.936955],[6.972138,50.936959],[6.972153,50.937067],[6.972281,50.93706],[6.97228,50.937053],[6.972256,50.936951],[6.972196,50.936955]]]},"properties":{"id":"DENW37AL100064Fh","h":16.7,"min_z":46.1,"max_z":62.8}},{"type":"Feature","id":"DENW37AL100065oy","geometry":{"type":"Polygon","coordinates":[[[6.974699,50.935097],[6.974683,50.935096],[6.974682,50.93512],[6.974611,50.93512],[6.974612,50.935135],[6.974697,50.935135],[6.974699,50.935097]]]},"properties":{"id":"DENW37AL100065oy","h":13.4,"min_z":46.5,"max_z":59.9}},{"type":"Feature","id":"DENW37AL100063f7","geometry":{"type":"Polygon","coordinates":[[[6.977094,50.932319],[6.977052,50.932284],[6.977015,50.932253],[6.977005,50.932258],[6.977041,50.932289],[6.977031,50.932294],[6.977073,50.932329],[6.977081,50.932326],[6.977094,50.932319]]]},"properties":{"id":"DENW37AL100063f7","h":16.6,"min_z":45.9,"max_z":62.5}},{"type":"Feature","id":"DENW37AL100064mF","geometry":{"type":"Polygon","coordinates":[[[6.977319,50.935452],[6.977324,50.935506],[6.977335,50.935635],[6.977373,50.935633],[6.977551,50.935623],[6.977528,50.935444],[6.977319,50.935452]]]},"properties":{"id":"DENW37AL100064mF","h":21.2,"min_z":45.8,"max_z":67.0}},{"type":"Feature","id":"DENW37AL2FH0008x","geometry":{"type":"Polygon","coordinates":[[[6.975557,50.932719],[6.975466,50.932809],[6.975531,50.932838],[6.975604,50.93277],[6.975612,50.932774],[6.975636,50.93275],[6.975557,50.932719]]]},"properties":{"id":"DENW37AL2FH0008x","h":2.2,"min_z":45.7,"max_z":47.9}},{"type":"Feature","id":"DENW37AL100065ut","geometry":{"type":"Polygon","coordinates":[[[6.972696,50.934707],[6.972722,50.93479],[6.972764,50.934785],[6.972813,50.934778],[6.972806,50.934757],[6.972785,50.934695],[6.972696,50.934707]]]},"properties":{"id":"DENW37AL100065ut","h":15.3,"min_z":46.5,"max_z":61.8}},{"type":"Feature","id":"DENW37AL100064SA","geometry":{"type":"Polygon","coordinates":[[[6.975027,50.932692],[6.975027,50.93269],[6.975022,50.932681],[6.975036,50.932667],[6.975036,50.932667],[6.975076,50.932626],[6.975009,50.932597],[6.975004,50.932595],[6.974999,50.932598],[6.974936,50.932571],[6.974869,50.932632],[6.974842,50.932665],[6.974917,50.932689],[6.974988,50.932711],[6.975002,50.932717],[6.975027,50.932692]]]},"properties":{"id":"DENW37AL100064SA","h":23.6,"min_z":45.2,"max_z":68.8}},{"type":"Feature","id":"DENW37AL100066St","geometry":{"type":"Polygon","coordinates":[[[6.973332,50.934028],[6.973467,50.934027],[6.973468,50.933964],[6.973363,50.933964],[6.973332,50.934028]]]},"properties":{"id":"DENW37AL100066St","h":12.5,"min_z":46.8,"max_z":59.3}},{"type":"Feature","id":"DENW37AL100065lU","geometry":{"type":"Polygon","coordinates":[[[6.97479,50.930724],[6.97491,50.930621],[6.974789,50.930564],[6.974668,50.930668],[6.97479,50.930724]]]},"properties":{"id":"DENW37AL100065lU","h":18.1,"min_z":46.8,"max_z":64.9}},{"type":"Feature","id":"DENW37AL100066wJ","geometry":{"type":"Polygon","coordinates":[[[6.970922,50.934293],[6.970915,50.934298],[6.970914,50.934315],[6.970921,50.934319],[6.970935,50.934319],[6.970935,50.934293],[6.970922,50.934293]]]},"properties":{"id":"DENW37AL100066wJ","h":20.8,"min_z":46.4,"max_z":67.2}},{"type":"Feature","id":"DENW37AL100066cL","geometry":{"type":"Polygon","coordinates":[[[6.974609,50.937951],[6.97463,50.937953],[6.974717,50.937961],[6.97472,50.937944],[6.974735,50.937874],[6.974697,50.937872],[6.974696,50.937878],[6.974622,50.937873],[6.974609,50.937951]]]},"properties":{"id":"DENW37AL100066cL","h":6.5,"min_z":44.9,"max_z":51.4}},{"type":"Feature","id":"DENW37AL100063Pv","geometry":{"type":"Polygon","coordinates":[[[6.973509,50.936543],[6.973523,50.936543],[6.973552,50.936544],[6.973556,50.936544],[6.973562,50.936485],[6.973562,50.93648],[6.973442,50.936476],[6.973438,50.936541],[6.973509,50.936543]]]},"properties":{"id":"DENW37AL100063Pv","h":16.4,"min_z":45.2,"max_z":61.6}},{"type":"Feature","id":"DENW37AL100064NX","geometry":{"type":"Polygon","coordinates":[[[6.975514,50.937712],[6.975868,50.937737],[6.975879,50.937669],[6.975521,50.937644],[6.975514,50.937712]]]},"properties":{"id":"DENW37AL100064NX","h":3.8,"min_z":45.4,"max_z":49.2}},{"type":"Feature","id":"DENW37AL100063tn","geometry":{"type":"Polygon","coordinates":[[[6.97555,50.933919],[6.975519,50.93392],[6.975553,50.93396],[6.97555,50.933919]]]},"properties":{"id":"DENW37AL100063tn","h":18.2,"min_z":45.6,"max_z":63.8}},{"type":"Feature","id":"DENW37AL1000651N","geometry":{"type":"Polygon","coordinates":[[[6.977378,50.93337],[6.977311,50.933293],[6.977171,50.933337],[6.977235,50.933416],[6.977378,50.93337]]]},"properties":{"id":"DENW37AL1000651N","h":20.9,"min_z":45.9,"max_z":66.8}},{"type":"Feature","id":"DENW37AL10006yIV","geometry":{"type":"Polygon","coordinates":[[[6.974972,50.934366],[6.975063,50.934366],[6.975103,50.934365],[6.975104,50.934279],[6.974948,50.93428],[6.974948,50.934366],[6.974972,50.934366]]]},"properties":{"id":"DENW37AL10006yIV","h":4.3,"min_z":46.5,"max_z":50.7}},{"type":"Feature","id":"DENW37AL100064xk","geometry":{"type":"Polygon","coordinates":[[[6.972881,50.933893],[6.972901,50.933956],[6.973015,50.933941],[6.973,50.933878],[6.972881,50.933893]]]},"properties":{"id":"DENW37AL100064xk","h":14.4,"min_z":46.4,"max_z":60.7}},{"type":"Feature","id":"DENW37AL1000660L","geometry":{"type":"Polygon","coordinates":[[[6.971945,50.934169],[6.971949,50.934169],[6.972026,50.934171],[6.972072,50.934172],[6.972073,50.934083],[6.971963,50.934079],[6.971952,50.934087],[6.971945,50.934169]]]},"properties":{"id":"DENW37AL1000660L","h":15.1,"min_z":46.4,"max_z":61.5}},{"type":"Feature","id":"DENW37AL100065yw","geometry":{"type":"Polygon","coordinates":[[[6.973597,50.936036],[6.973597,50.936041],[6.973594,50.936076],[6.973663,50.936076],[6.973665,50.936037],[6.97364,50.936037],[6.973597,50.936036]]]},"properties":{"id":"DENW37AL100065yw","h":14.5,"min_z":45.7,"max_z":60.1}},{"type":"Feature","id":"DENW37AL100064BU","geometry":{"type":"Polygon","coordinates":[[[6.975752,50.938836],[6.975802,50.938872],[6.975839,50.938898],[6.97592,50.938854],[6.975952,50.938835],[6.97584,50.938754],[6.975726,50.938817],[6.975752,50.938836]]]},"properties":{"id":"DENW37AL100064BU","h":21.5,"min_z":45.2,"max_z":66.8}},{"type":"Feature","id":"DENW37AL100063kG","geometry":{"type":"Polygon","coordinates":[[[6.976255,50.93728],[6.976164,50.937275],[6.976123,50.937273],[6.976122,50.937273],[6.976021,50.937267],[6.976001,50.937419],[6.976099,50.937426],[6.976409,50.937445],[6.976415,50.937409],[6.976434,50.937285],[6.976429,50.937285],[6.976255,50.93728]]]},"properties":{"id":"DENW37AL100063kG","h":3.1,"min_z":44.6,"max_z":47.7}},{"type":"Feature","id":"DENW37AL100065nw","geometry":{"type":"Polygon","coordinates":[[[6.974116,50.935286],[6.974111,50.935333],[6.974116,50.935333],[6.974118,50.935316],[6.974135,50.935316],[6.974212,50.935314],[6.974211,50.935287],[6.974147,50.935286],[6.974146,50.935288],[6.974116,50.935286]]]},"properties":{"id":"DENW37AL100065nw","h":3.0,"min_z":46.4,"max_z":49.4}},{"type":"Feature","id":"DENW37AL100063fD","geometry":{"type":"Polygon","coordinates":[[[6.972443,50.935326],[6.972463,50.935434],[6.972464,50.935434],[6.972575,50.935426],[6.972555,50.935316],[6.972444,50.935324],[6.972443,50.935325],[6.972443,50.935326]]]},"properties":{"id":"DENW37AL100063fD","h":15.0,"min_z":45.9,"max_z":60.9}},{"type":"Feature","id":"DENW37AL100065MR","geometry":{"type":"Polygon","coordinates":[[[6.974775,50.937632],[6.974776,50.937629],[6.974569,50.937617],[6.974558,50.937658],[6.974529,50.937723],[6.974647,50.937731],[6.974758,50.937737],[6.974758,50.937734],[6.974766,50.937691],[6.974775,50.937632]]]},"properties":{"id":"DENW37AL100065MR","h":4.1,"min_z":45.1,"max_z":49.2}},{"type":"Feature","id":"DENW37AL100063ho","geometry":{"type":"Polygon","coordinates":[[[6.97142,50.935244],[6.971402,50.935169],[6.971397,50.93517],[6.971321,50.935177],[6.971332,50.935255],[6.971415,50.935249],[6.971414,50.935244],[6.97142,50.935244]]]},"properties":{"id":"DENW37AL100063ho","h":2.2,"min_z":45.1,"max_z":47.3}},{"type":"Feature","id":"DENW37AL100064tc","geometry":{"type":"Polygon","coordinates":[[[6.975148,50.935787],[6.975206,50.93579],[6.975249,50.935792],[6.975281,50.935709],[6.975177,50.935705],[6.975148,50.935787]]]},"properties":{"id":"DENW37AL100064tc","h":14.2,"min_z":45.5,"max_z":59.7}},{"type":"Feature","id":"DENW37AL1000670d","geometry":{"type":"Polygon","coordinates":[[[6.974993,50.93796],[6.975167,50.937971],[6.97518,50.937901],[6.975032,50.937892],[6.975003,50.93789],[6.974993,50.93796]]]},"properties":{"id":"DENW37AL1000670d","h":17.9,"min_z":44.7,"max_z":62.6}},{"type":"Feature","id":"DENW37AL100068Yp","geometry":{"type":"Polygon","coordinates":[[[6.975329,50.935816],[6.975391,50.93582],[6.975399,50.935791],[6.97534,50.935786],[6.975331,50.935811],[6.975329,50.935816]]]},"properties":{"id":"DENW37AL100068Yp","h":11.8,"min_z":45.4,"max_z":57.1}},{"type":"Feature","id":"DENW37AL100065dJ","geometry":{"type":"Polygon","coordinates":[[[6.97662,50.93554],[6.97661,50.935628],[6.9767,50.935633],[6.976701,50.93563],[6.976717,50.935631],[6.976722,50.935592],[6.976705,50.935591],[6.976708,50.935556],[6.976691,50.935556],[6.976692,50.935543],[6.97662,50.93554]]]},"properties":{"id":"DENW37AL100065dJ","h":21.1,"min_z":45.2,"max_z":66.4}},{"type":"Feature","id":"DENW37AL100064xA","geometry":{"type":"Polygon","coordinates":[[[6.972202,50.934938],[6.972189,50.934923],[6.972135,50.934858],[6.971921,50.934933],[6.971984,50.935017],[6.972202,50.934938]]]},"properties":{"id":"DENW37AL100064xA","h":15.7,"min_z":46.1,"max_z":61.8}},{"type":"Feature","id":"DENW37AL100064Xp","geometry":{"type":"Polygon","coordinates":[[[6.971632,50.935749],[6.971663,50.935927],[6.971762,50.935925],[6.971733,50.935739],[6.9717,50.935742],[6.971632,50.935749]]]},"properties":{"id":"DENW37AL100064Xp","h":3.6,"min_z":45.0,"max_z":48.6}},{"type":"Feature","id":"DENW37AL1000648Q","geometry":{"type":"Polygon","coordinates":[[[6.97498,50.933751],[6.974884,50.933724],[6.974885,50.933745],[6.974887,50.9338],[6.974888,50.933847],[6.974981,50.933847],[6.97498,50.933844],[6.97498,50.933751]]]},"properties":{"id":"DENW37AL1000648Q","h":3.2,"min_z":45.8,"max_z":49.0}},{"type":"Feature","id":"DENW37AL100065Wh","geometry":{"type":"Polygon","coordinates":[[[6.971788,50.93543],[6.971899,50.935421],[6.971886,50.935343],[6.971775,50.935352],[6.971788,50.93543]]]},"properties":{"id":"DENW37AL100065Wh","h":14.9,"min_z":45.5,"max_z":60.3}},{"type":"Feature","id":"DENW37AL100065t8","geometry":{"type":"Polygon","coordinates":[[[6.975735,50.9389],[6.975656,50.938943],[6.975663,50.938949],[6.975626,50.938969],[6.975684,50.939012],[6.975746,50.939056],[6.975786,50.939034],[6.97578,50.93903],[6.975853,50.938989],[6.975859,50.938994],[6.975895,50.938974],[6.975833,50.938929],[6.975775,50.938887],[6.975742,50.938905],[6.975735,50.9389]]]},"properties":{"id":"DENW37AL100065t8","h":21.6,"min_z":45.2,"max_z":66.8}},{"type":"Feature","id":"DENW37AL100065WY","geometry":{"type":"Polygon","coordinates":[[[6.975324,50.936513],[6.975344,50.936443],[6.975201,50.936427],[6.975177,50.936499],[6.975324,50.936513]]]},"properties":{"id":"DENW37AL100065WY","h":16.0,"min_z":44.9,"max_z":60.9}},{"type":"Feature","id":"DENW37AL100064sY","geometry":{"type":"Polygon","coordinates":[[[6.971874,50.933899],[6.971879,50.933848],[6.971743,50.93385],[6.97174,50.933898],[6.971874,50.933899]]]},"properties":{"id":"DENW37AL100064sY","h":6.1,"min_z":46.5,"max_z":52.6}},{"type":"Feature","id":"DENW37AL100063iG","geometry":{"type":"Polygon","coordinates":[[[6.976669,50.931912],[6.976612,50.931941],[6.97664,50.931962],[6.976628,50.931968],[6.976684,50.932011],[6.976694,50.932006],[6.976753,50.931976],[6.976812,50.931946],[6.976729,50.931881],[6.976669,50.931912]]]},"properties":{"id":"DENW37AL100063iG","h":12.4,"min_z":45.9,"max_z":58.4}},{"type":"Feature","id":"DENW37AL100063OO","geometry":{"type":"Polygon","coordinates":[[[6.972874,50.937659],[6.97289,50.937749],[6.973019,50.937741],[6.973016,50.937721],[6.973004,50.937652],[6.972874,50.937659]]]},"properties":{"id":"DENW37AL100063OO","h":16.3,"min_z":45.0,"max_z":61.3}},{"type":"Feature","id":"DENW37AL100066bH","geometry":{"type":"Polygon","coordinates":[[[6.970939,50.933857],[6.971085,50.933856],[6.97109,50.933856],[6.971113,50.933702],[6.970963,50.933694],[6.970939,50.933857]]]},"properties":{"id":"DENW37AL100066bH","h":15.9,"min_z":45.9,"max_z":61.8}},{"type":"Feature","id":"DENW37AL100065c9","geometry":{"type":"Polygon","coordinates":[[[6.97762,50.937617],[6.977619,50.937571],[6.977519,50.937571],[6.97752,50.937617],[6.97762,50.937617]]]},"properties":{"id":"DENW37AL100065c9","h":21.0,"min_z":45.7,"max_z":66.7}},{"type":"Feature","id":"DENW37AL100064oa","geometry":{"type":"Polygon","coordinates":[[[6.974455,50.934224],[6.974459,50.93437],[6.974591,50.934369],[6.974588,50.934223],[6.974455,50.934224]]]},"properties":{"id":"DENW37AL100064oa","h":14.1,"min_z":46.9,"max_z":60.9}},{"type":"Feature","id":"DENW37AL100063lU","geometry":{"type":"Polygon","coordinates":[[[6.974157,50.930302],[6.974375,50.930403],[6.97447,50.930323],[6.974251,50.930222],[6.974157,50.930302]]]},"properties":{"id":"DENW37AL100063lU","h":18.3,"min_z":46.8,"max_z":65.1}},{"type":"Feature","id":"DENW37AL100063bq","geometry":{"type":"Polygon","coordinates":[[[6.975391,50.93582],[6.975329,50.935816],[6.975319,50.935841],[6.975384,50.935845],[6.975391,50.93582]]]},"properties":{"id":"DENW37AL100063bq","h":11.7,"min_z":45.3,"max_z":57.0}},{"type":"Feature","id":"DENW37AL100063PD","geometry":{"type":"Polygon","coordinates":[[[6.978767,50.933306],[6.978838,50.9334],[6.978844,50.933408],[6.978953,50.933375],[6.978946,50.933366],[6.978877,50.933273],[6.978767,50.933306]]]},"properties":{"id":"DENW37AL100063PD","h":18.3,"min_z":45.9,"max_z":64.1}},{"type":"Feature","id":"DENW37AL100065Ns","geometry":{"type":"Polygon","coordinates":[[[6.977158,50.937536],[6.977149,50.937483],[6.977137,50.937483],[6.977127,50.937426],[6.97714,50.937425],[6.977131,50.937371],[6.977117,50.937371],[6.97711,50.937332],[6.977022,50.937337],[6.976937,50.937343],[6.976982,50.937586],[6.977065,50.93758],[6.977153,50.937573],[6.977146,50.937537],[6.977158,50.937536]]]},"properties":{"id":"DENW37AL100065Ns","h":22.4,"min_z":44.5,"max_z":67.0}},{"type":"Feature","id":"DENW37AL100066t8","geometry":{"type":"Polygon","coordinates":[[[6.972659,50.934253],[6.97262,50.934252],[6.972619,50.934289],[6.972679,50.93429],[6.972742,50.93429],[6.972764,50.93429],[6.972751,50.934253],[6.972659,50.934253]]]},"properties":{"id":"DENW37AL100066t8","h":10.3,"min_z":46.6,"max_z":56.8}},{"type":"Feature","id":"DENW37AL100063Zr","geometry":{"type":"Polygon","coordinates":[[[6.975398,50.938427],[6.975587,50.938438],[6.975601,50.938349],[6.975411,50.938339],[6.975398,50.938427]]]},"properties":{"id":"DENW37AL100063Zr","h":15.9,"min_z":44.4,"max_z":60.3}},{"type":"Feature","id":"DENW37AL100063SU","geometry":{"type":"Polygon","coordinates":[[[6.975151,50.934551],[6.975356,50.934549],[6.975356,50.934451],[6.975151,50.934453],[6.975151,50.934551]]]},"properties":{"id":"DENW37AL100063SU","h":15.7,"min_z":46.0,"max_z":61.8}},{"type":"Feature","id":"DENW37AL100063ag","geometry":{"type":"Polygon","coordinates":[[[6.973188,50.934221],[6.973191,50.934234],[6.973241,50.934229],[6.973238,50.934219],[6.973241,50.934219],[6.973236,50.934201],[6.97324,50.9342],[6.973235,50.934188],[6.97318,50.93419],[6.973186,50.934193],[6.973194,50.93422],[6.973188,50.934221]]]},"properties":{"id":"DENW37AL100063ag","h":3.4,"min_z":46.7,"max_z":50.0}},{"type":"Feature","id":"DENW37AL100065X6","geometry":{"type":"Polygon","coordinates":[[[6.975678,50.934333],[6.975696,50.934332],[6.975704,50.934342],[6.975705,50.934357],[6.97574,50.934356],[6.975793,50.934355],[6.975812,50.934355],[6.975882,50.934354],[6.975787,50.93424],[6.975713,50.934264],[6.97564,50.934288],[6.97565,50.934298],[6.975678,50.934333]]]},"properties":{"id":"DENW37AL100065X6","h":20.9,"min_z":45.7,"max_z":66.6}},{"type":"Feature","id":"DENW37AL20000UW2","geometry":{"type":"Polygon","coordinates":[[[6.968838,50.937237],[6.969385,50.937269],[6.969395,50.937201],[6.968848,50.93717],[6.968838,50.937237]]]},"properties":{"id":"DENW37AL20000UW2","h":24.6,"min_z":50.1,"max_z":74.7}},{"type":"Feature","id":"DENW37AL100063Tx","geometry":{"type":"Polygon","coordinates":[[[6.975428,50.935119],[6.975485,50.935125],[6.975505,50.935049],[6.975434,50.935042],[6.97543,50.935093],[6.975428,50.935119]]]},"properties":{"id":"DENW37AL100063Tx","h":5.0,"min_z":44.9,"max_z":50.0}},{"type":"Feature","id":"DENW37AL100065lt","geometry":{"type":"Polygon","coordinates":[[[6.973743,50.93671],[6.973942,50.936711],[6.973951,50.936616],[6.973952,50.936603],[6.97391,50.936602],[6.973885,50.936601],[6.973799,50.936599],[6.97375,50.936598],[6.973746,50.936673],[6.973744,50.936704],[6.973743,50.93671]]]},"properties":{"id":"DENW37AL100065lt","h":18.7,"min_z":44.8,"max_z":63.5}},{"type":"Feature","id":"DENW37AL1000659k","geometry":{"type":"Polygon","coordinates":[[[6.975334,50.938423],[6.975231,50.938418],[6.975223,50.938465],[6.975326,50.938471],[6.975334,50.938423]]]},"properties":{"id":"DENW37AL1000659k","h":15.9,"min_z":44.4,"max_z":60.3}},{"type":"Feature","id":"DENW37AL100069u9","geometry":{"type":"Polygon","coordinates":[[[6.975135,50.936164],[6.975116,50.936169],[6.975075,50.9363],[6.975081,50.936301],[6.975149,50.93631],[6.97516,50.936275],[6.975182,50.936205],[6.975193,50.936171],[6.975135,50.936164]]]},"properties":{"id":"DENW37AL100069u9","h":3.2,"min_z":45.1,"max_z":48.3}},{"type":"Feature","id":"DENW37AL10006yE2","geometry":{"type":"Polygon","coordinates":[[[6.971901,50.937981],[6.971907,50.938022],[6.971994,50.938016],[6.971987,50.937976],[6.971901,50.937981]]]},"properties":{"id":"DENW37AL10006yE2","h":26.4,"min_z":45.5,"max_z":72.0}},{"type":"Feature","id":"DENW37AL10006yEY","geometry":{"type":"Polygon","coordinates":[[[6.971591,50.935533],[6.971596,50.935559],[6.971604,50.935558],[6.971669,50.935552],[6.971665,50.935526],[6.971644,50.935527],[6.971645,50.935529],[6.971591,50.935533]]]},"properties":{"id":"DENW37AL10006yEY","h":2.8,"min_z":45.5,"max_z":48.3}},{"type":"Feature","id":"DENW37AL100065fi","geometry":{"type":"Polygon","coordinates":[[[6.975218,50.935412],[6.975213,50.935456],[6.975245,50.935457],[6.975246,50.935441],[6.975276,50.935442],[6.975278,50.935414],[6.975218,50.935412]]]},"properties":{"id":"DENW37AL100065fi","h":4.0,"min_z":45.9,"max_z":49.9}},{"type":"Feature","id":"DENW37AL20000UWN","geometry":{"type":"Polygon","coordinates":[[[6.970648,50.937295],[6.970637,50.937369],[6.970552,50.937364],[6.970526,50.937546],[6.970138,50.937524],[6.970163,50.937349],[6.970087,50.937344],[6.970051,50.937597],[6.970254,50.937609],[6.970467,50.937621],[6.970463,50.937656],[6.970577,50.937663],[6.970756,50.937673],[6.970773,50.937558],[6.97082,50.93756],[6.970856,50.937307],[6.970648,50.937295]]]},"properties":{"id":"DENW37AL20000UWN","h":91.8,"min_z":45.8,"max_z":137.6}},{"type":"Feature","id":"DENW37AL100063eI","geometry":{"type":"Polygon","coordinates":[[[6.97482,50.93561],[6.974912,50.935614],[6.974918,50.935531],[6.974826,50.935527],[6.97482,50.93561]]]},"properties":{"id":"DENW37AL100063eI","h":14.5,"min_z":45.6,"max_z":60.0}},{"type":"Feature","id":"DENW37AL100063MA","geometry":{"type":"Polygon","coordinates":[[[6.975116,50.936418],[6.975191,50.936426],[6.975198,50.936399],[6.975125,50.936391],[6.975123,50.936396],[6.975118,50.936413],[6.975116,50.936418]]]},"properties":{"id":"DENW37AL100063MA","h":16.4,"min_z":45.0,"max_z":61.4}},{"type":"Feature","id":"DENW37AL1000644S","geometry":{"type":"Polygon","coordinates":[[[6.972421,50.932662],[6.972474,50.932673],[6.972498,50.932624],[6.972445,50.932614],[6.972421,50.932662]]]},"properties":{"id":"DENW37AL1000644S","h":22.1,"min_z":46.0,"max_z":68.1}},{"type":"Feature","id":"DENW37AL100065dR","geometry":{"type":"Polygon","coordinates":[[[6.974887,50.936036],[6.974908,50.935962],[6.97491,50.935952],[6.97481,50.935944],[6.974809,50.93595],[6.974797,50.935994],[6.974788,50.936027],[6.974887,50.936036]]]},"properties":{"id":"DENW37AL100065dR","h":12.0,"min_z":45.9,"max_z":57.9}},{"type":"Feature","id":"DENW37AL100066DR","geometry":{"type":"Polygon","coordinates":[[[6.972192,50.933143],[6.97223,50.933158],[6.972293,50.933098],[6.972258,50.933081],[6.97223,50.933108],[6.972198,50.933138],[6.972192,50.933143]]]},"properties":{"id":"DENW37AL100066DR","h":8.9,"min_z":46.1,"max_z":55.0}},{"type":"Feature","id":"DENW37AL100065V0","geometry":{"type":"Polygon","coordinates":[[[6.975487,50.930151],[6.975526,50.930118],[6.975504,50.930108],[6.975504,50.930108],[6.975466,50.930141],[6.975487,50.930151]]]},"properties":{"id":"DENW37AL100065V0","h":18.4,"min_z":46.8,"max_z":65.2}},{"type":"Feature","id":"DENW37AL100065ct","geometry":{"type":"Polygon","coordinates":[[[6.976344,50.935509],[6.976427,50.935516],[6.976416,50.93557],[6.976531,50.935579],[6.976542,50.935524],[6.976621,50.935531],[6.976632,50.935444],[6.976503,50.935438],[6.976362,50.935427],[6.976344,50.935509]]]},"properties":{"id":"DENW37AL100065ct","h":17.9,"min_z":45.0,"max_z":63.0}},{"type":"Feature","id":"DENW37AL1000643w","geometry":{"type":"Polygon","coordinates":[[[6.973209,50.935687],[6.973315,50.935675],[6.97335,50.935671],[6.973331,50.935612],[6.973192,50.935629],[6.973198,50.935649],[6.973202,50.935664],[6.973202,50.935664],[6.973209,50.935687]]]},"properties":{"id":"DENW37AL1000643w","h":16.7,"min_z":45.8,"max_z":62.5}},{"type":"Feature","id":"DENW37ALg90000Jd","geometry":{"type":"Polygon","coordinates":[[[6.97244,50.935326],[6.972398,50.935329],[6.972418,50.935438],[6.97246,50.935435],[6.97244,50.935326]]]},"properties":{"id":"DENW37ALg90000Jd","h":15.4,"min_z":45.8,"max_z":61.2}},{"type":"Feature","id":"DENW37AL1000668d","geometry":{"type":"Polygon","coordinates":[[[6.978483,50.936552],[6.9785,50.936552],[6.978536,50.936553],[6.978535,50.936504],[6.978535,50.936503],[6.978534,50.93645],[6.978441,50.936447],[6.978437,50.936501],[6.978432,50.936558],[6.978483,50.936559],[6.978483,50.936552]]]},"properties":{"id":"DENW37AL1000668d","h":18.3,"min_z":45.6,"max_z":63.9}},{"type":"Feature","id":"DENW37AL100074G5","geometry":{"type":"Polygon","coordinates":[[[6.97565,50.934674],[6.97565,50.934678],[6.97568,50.934681],[6.975682,50.934674],[6.97565,50.934674]]]},"properties":{"id":"DENW37AL100074G5","h":6.0,"min_z":45.8,"max_z":51.8}},{"type":"Feature","id":"DENW37AL1000640U","geometry":{"type":"Polygon","coordinates":[[[6.971404,50.933873],[6.971403,50.933888],[6.971399,50.933928],[6.971433,50.933929],[6.971433,50.933918],[6.971451,50.933918],[6.971454,50.933875],[6.971404,50.933873]]]},"properties":{"id":"DENW37AL1000640U","h":6.1,"min_z":46.4,"max_z":52.5}},{"type":"Feature","id":"DENW37AL100066th","geometry":{"type":"Polygon","coordinates":[[[6.971414,50.935244],[6.971415,50.935249],[6.971427,50.935302],[6.971431,50.935317],[6.971481,50.935313],[6.971466,50.93524],[6.97142,50.935244],[6.971414,50.935244]]]},"properties":{"id":"DENW37AL100066th","h":14.4,"min_z":44.5,"max_z":58.9}},{"type":"Feature","id":"DENW37AL100065D1","geometry":{"type":"Polygon","coordinates":[[[6.974836,50.93619],[6.974832,50.93619],[6.974807,50.936378],[6.974872,50.936382],[6.974876,50.936362],[6.974902,50.936195],[6.974836,50.93619]]]},"properties":{"id":"DENW37AL100065D1","h":3.9,"min_z":44.9,"max_z":48.8}},{"type":"Feature","id":"DENW37AL100063lg","geometry":{"type":"Polygon","coordinates":[[[6.975916,50.935102],[6.97606,50.935117],[6.976067,50.935091],[6.976099,50.934971],[6.975955,50.934955],[6.975916,50.935102]]]},"properties":{"id":"DENW37AL100063lg","h":19.0,"min_z":45.6,"max_z":64.6}},{"type":"Feature","id":"DENW37AL100064bY","geometry":{"type":"Polygon","coordinates":[[[6.973238,50.934219],[6.973241,50.934229],[6.973282,50.934224],[6.973272,50.934187],[6.973235,50.934188],[6.97324,50.9342],[6.973236,50.934201],[6.973241,50.934219],[6.973238,50.934219]]]},"properties":{"id":"DENW37AL100064bY","h":3.2,"min_z":46.7,"max_z":49.9}},{"type":"Feature","id":"DENW37AL1000650E","geometry":{"type":"Polygon","coordinates":[[[6.973143,50.933798],[6.973107,50.933791],[6.973072,50.933862],[6.973079,50.933863],[6.973108,50.933868],[6.97315,50.933877],[6.973154,50.933878],[6.973189,50.933807],[6.973184,50.933806],[6.973143,50.933798]]]},"properties":{"id":"DENW37AL1000650E","h":2.5,"min_z":46.5,"max_z":48.9}},{"type":"Feature","id":"DENW37AL100064R2","geometry":{"type":"Polygon","coordinates":[[[6.977101,50.934818],[6.977112,50.934865],[6.97725,50.934853],[6.977239,50.934806],[6.977101,50.934818]]]},"properties":{"id":"DENW37AL100064R2","h":2.6,"min_z":46.1,"max_z":48.7}},{"type":"Feature","id":"DENW37AL100063Nb","geometry":{"type":"Polygon","coordinates":[[[6.977523,50.930337],[6.977493,50.930325],[6.977432,50.930387],[6.977421,50.930398],[6.977448,50.930414],[6.977523,50.930337]]]},"properties":{"id":"DENW37AL100063Nb","h":24.9,"min_z":45.7,"max_z":70.6}},{"type":"Feature","id":"DENW37AL100064BN","geometry":{"type":"Polygon","coordinates":[[[6.975642,50.933632],[6.975708,50.933538],[6.975554,50.933495],[6.975487,50.93359],[6.975642,50.933632]]]},"properties":{"id":"DENW37AL100064BN","h":23.9,"min_z":45.8,"max_z":69.7}},{"type":"Feature","id":"DENW37AL100064a3","geometry":{"type":"Polygon","coordinates":[[[6.975739,50.935004],[6.975759,50.934927],[6.975632,50.934914],[6.975612,50.93499],[6.975739,50.935004]]]},"properties":{"id":"DENW37AL100064a3","h":14.5,"min_z":45.6,"max_z":60.1}},{"type":"Feature","id":"DENW37AL1000651p","geometry":{"type":"Polygon","coordinates":[[[6.973666,50.936158],[6.973602,50.936158],[6.973602,50.936191],[6.973772,50.936192],[6.973774,50.936169],[6.973676,50.936168],[6.973666,50.936158]]]},"properties":{"id":"DENW37AL1000651p","h":5.7,"min_z":45.3,"max_z":51.0}},{"type":"Feature","id":"DENW37AL100064AE","geometry":{"type":"Polygon","coordinates":[[[6.971954,50.935179],[6.971974,50.935272],[6.972083,50.935263],[6.972062,50.935171],[6.971973,50.935177],[6.971954,50.935179]]]},"properties":{"id":"DENW37AL100064AE","h":15.1,"min_z":45.6,"max_z":60.7}},{"type":"Feature","id":"DENW37AL10006yE6","geometry":{"type":"Polygon","coordinates":[[[6.978874,50.93602],[6.978959,50.936022],[6.978961,50.935995],[6.978957,50.935995],[6.978957,50.935993],[6.978875,50.935993],[6.978874,50.93602]]]},"properties":{"id":"DENW37AL10006yE6","h":3.6,"min_z":45.5,"max_z":49.1}},{"type":"Feature","id":"DENW37AL100063s7","geometry":{"type":"Polygon","coordinates":[[[6.976858,50.931503],[6.976835,50.931484],[6.97687,50.931468],[6.97685,50.931453],[6.976815,50.93147],[6.976691,50.931535],[6.976707,50.931548],[6.976733,50.931568],[6.976858,50.931503]]]},"properties":{"id":"DENW37AL100063s7","h":4.0,"min_z":46.5,"max_z":50.5}},{"type":"Feature","id":"DENW37AL100065o0","geometry":{"type":"Polygon","coordinates":[[[6.97698,50.932073],[6.976937,50.932039],[6.976874,50.932071],[6.976835,50.932091],[6.976818,50.932099],[6.97689,50.93216],[6.976947,50.932131],[6.977018,50.932095],[6.976987,50.93207],[6.97698,50.932073]]]},"properties":{"id":"DENW37AL100065o0","h":12.6,"min_z":46.1,"max_z":58.7}},{"type":"Feature","id":"DENW37AL100066cB","geometry":{"type":"Polygon","coordinates":[[[6.972509,50.934732],[6.972574,50.934844],[6.972645,50.934835],[6.972639,50.934817],[6.972606,50.934719],[6.972509,50.934732]]]},"properties":{"id":"DENW37AL100066cB","h":14.4,"min_z":46.4,"max_z":60.8}},{"type":"Feature","id":"DENW37AL10006yFK","geometry":{"type":"Polygon","coordinates":[[[6.97402,50.93856],[6.974003,50.938621],[6.974051,50.938627],[6.974052,50.938622],[6.974063,50.938591],[6.974071,50.938566],[6.97402,50.93856]]]},"properties":{"id":"DENW37AL10006yFK","h":12.3,"min_z":44.8,"max_z":57.1}},{"type":"Feature","id":"DENW37AL100064cN","geometry":{"type":"Polygon","coordinates":[[[6.976311,50.931753],[6.97634,50.931735],[6.976378,50.931762],[6.976429,50.931733],[6.976483,50.931702],[6.97641,50.931655],[6.976357,50.931685],[6.976287,50.931724],[6.976277,50.93173],[6.976311,50.931753]]]},"properties":{"id":"DENW37AL100064cN","h":12.5,"min_z":46.1,"max_z":58.6}},{"type":"Feature","id":"DENW37AL100065pa","geometry":{"type":"Polygon","coordinates":[[[6.97409,50.934023],[6.974108,50.934023],[6.97428,50.934021],[6.974278,50.933942],[6.974248,50.933942],[6.974154,50.933943],[6.974124,50.933943],[6.974107,50.933943],[6.974089,50.933943],[6.97409,50.934023]]]},"properties":{"id":"DENW37AL100065pa","h":13.0,"min_z":46.7,"max_z":59.7}},{"type":"Feature","id":"DENW37AL100065Lh","geometry":{"type":"Polygon","coordinates":[[[6.978946,50.933366],[6.979163,50.933301],[6.979094,50.933207],[6.978877,50.933273],[6.978946,50.933366]]]},"properties":{"id":"DENW37AL100065Lh","h":18.8,"min_z":45.4,"max_z":64.1}},{"type":"Feature","id":"DENW37AL100064yU","geometry":{"type":"Polygon","coordinates":[[[6.977478,50.936362],[6.97747,50.936426],[6.977559,50.936431],[6.977641,50.936435],[6.977655,50.93634],[6.977572,50.936336],[6.977491,50.936332],[6.977487,50.936362],[6.977478,50.936362]]]},"properties":{"id":"DENW37AL100064yU","h":22.8,"min_z":45.8,"max_z":68.6}},{"type":"Feature","id":"DENW37AL100065YF","geometry":{"type":"Polygon","coordinates":[[[6.976054,50.936634],[6.976052,50.936639],[6.976042,50.936661],[6.976019,50.936713],[6.976023,50.936714],[6.976009,50.936802],[6.976164,50.936811],[6.976178,50.936723],[6.976179,50.936716],[6.976185,50.936716],[6.976198,50.936703],[6.976208,50.93667],[6.976054,50.936634]]]},"properties":{"id":"DENW37AL100065YF","h":18.8,"min_z":44.5,"max_z":63.3}},{"type":"Feature","id":"DENW37AL1000643I","geometry":{"type":"Polygon","coordinates":[[[6.976673,50.938919],[6.976764,50.938907],[6.976734,50.938809],[6.976732,50.938804],[6.976593,50.938822],[6.976594,50.938827],[6.976578,50.938829],[6.976598,50.938893],[6.976609,50.938927],[6.976673,50.938919]]]},"properties":{"id":"DENW37AL1000643I","h":22.5,"min_z":44.9,"max_z":67.4}},{"type":"Feature","id":"DENW37AL100065tC","geometry":{"type":"Polygon","coordinates":[[[6.977463,50.935628],[6.977373,50.935633],[6.977383,50.935734],[6.977393,50.935734],[6.977475,50.93573],[6.977565,50.935727],[6.977551,50.935623],[6.977463,50.935628]]]},"properties":{"id":"DENW37AL100065tC","h":19.7,"min_z":46.0,"max_z":65.7}},{"type":"Feature","id":"DENW37AL1000655u","geometry":{"type":"Polygon","coordinates":[[[6.976484,50.93765],[6.976583,50.937643],[6.976572,50.937588],[6.976474,50.937595],[6.976484,50.93765]]]},"properties":{"id":"DENW37AL1000655u","h":4.1,"min_z":44.6,"max_z":48.7}},{"type":"Feature","id":"DENW37AL100064dR","geometry":{"type":"Polygon","coordinates":[[[6.974223,50.935987],[6.974223,50.936015],[6.974227,50.936015],[6.974369,50.93601],[6.974368,50.935954],[6.974226,50.93596],[6.974222,50.93596],[6.974223,50.935987]]]},"properties":{"id":"DENW37AL100064dR","h":15.8,"min_z":45.5,"max_z":61.3}},{"type":"Feature","id":"DENW37AL100066RT","geometry":{"type":"Polygon","coordinates":[[[6.972581,50.934142],[6.972553,50.934142],[6.972552,50.934177],[6.972579,50.934178],[6.972581,50.934142]]]},"properties":{"id":"DENW37AL100066RT","h":14.0,"min_z":46.4,"max_z":60.4}},{"type":"Feature","id":"DENW37AL100065GJ","geometry":{"type":"Polygon","coordinates":[[[6.976843,50.936737],[6.976963,50.936744],[6.976979,50.936637],[6.976953,50.936635],[6.976896,50.936631],[6.976882,50.936725],[6.976845,50.936722],[6.976843,50.936737]]]},"properties":{"id":"DENW37AL100065GJ","h":3.6,"min_z":44.9,"max_z":48.5}},{"type":"Feature","id":"DENW37AL100065Fh","geometry":{"type":"Polygon","coordinates":[[[6.977418,50.931931],[6.977434,50.931944],[6.977465,50.93197],[6.977513,50.931947],[6.977595,50.931908],[6.977547,50.931869],[6.977418,50.931931]]]},"properties":{"id":"DENW37AL100065Fh","h":2.7,"min_z":46.5,"max_z":49.3}},{"type":"Feature","id":"DENW37AL100066Fd","geometry":{"type":"Polygon","coordinates":[[[6.97682,50.935139],[6.976576,50.935133],[6.976553,50.935235],[6.976684,50.93524],[6.976807,50.935244],[6.97682,50.935139]]]},"properties":{"id":"DENW37AL100066Fd","h":23.5,"min_z":45.2,"max_z":68.7}},{"type":"Feature","id":"DENW37AL100064rv","geometry":{"type":"Polygon","coordinates":[[[6.972972,50.937998],[6.972932,50.938051],[6.972975,50.938063],[6.973015,50.93801],[6.972972,50.937998]]]},"properties":{"id":"DENW37AL100064rv","h":3.8,"min_z":45.1,"max_z":48.9}},{"type":"Feature","id":"DENW37AL100063Np","geometry":{"type":"Polygon","coordinates":[[[6.972352,50.935147],[6.972292,50.935152],[6.972311,50.935244],[6.97237,50.93524],[6.972352,50.935147]]]},"properties":{"id":"DENW37AL100063Np","h":14.4,"min_z":45.7,"max_z":60.1}},{"type":"Feature","id":"DENW37AL100065SX","geometry":{"type":"Polygon","coordinates":[[[6.971108,50.935672],[6.971116,50.9357],[6.971294,50.935681],[6.97131,50.93568],[6.971303,50.935651],[6.971108,50.935672]]]},"properties":{"id":"DENW37AL100065SX","h":15.7,"min_z":45.1,"max_z":60.7}},{"type":"Feature","id":"DENW37AL100065Nd","geometry":{"type":"Polygon","coordinates":[[[6.974451,50.93093],[6.974518,50.93096],[6.974563,50.930921],[6.974575,50.930926],[6.974642,50.930866],[6.974633,50.93086],[6.974675,50.930824],[6.974609,50.930793],[6.974553,50.930768],[6.974393,50.930905],[6.974451,50.93093]]]},"properties":{"id":"DENW37AL100065Nd","h":18.5,"min_z":46.5,"max_z":64.9}},{"type":"Feature","id":"DENW37AL100064Sn","geometry":{"type":"Polygon","coordinates":[[[6.973671,50.934158],[6.973672,50.934207],[6.973738,50.934207],[6.973738,50.934195],[6.973785,50.934195],[6.973784,50.934157],[6.973782,50.934109],[6.97367,50.93411],[6.973671,50.934158]]]},"properties":{"id":"DENW37AL100064Sn","h":14.6,"min_z":46.8,"max_z":61.4}},{"type":"Feature","id":"DENW37AL100064Df","geometry":{"type":"Polygon","coordinates":[[[6.973504,50.935411],[6.973569,50.935404],[6.973657,50.935394],[6.973666,50.935386],[6.973665,50.935381],[6.973661,50.935367],[6.973637,50.935358],[6.973624,50.935359],[6.973494,50.935375],[6.973504,50.935411]]]},"properties":{"id":"DENW37AL100064Df","h":15.4,"min_z":46.2,"max_z":61.6}},{"type":"Feature","id":"DENW37AL100068Mr","geometry":{"type":"Polygon","coordinates":[[[6.972309,50.933937],[6.972307,50.933956],[6.972542,50.933964],[6.972586,50.933965],[6.972587,50.933944],[6.972513,50.933942],[6.972335,50.933938],[6.972309,50.933937]]]},"properties":{"id":"DENW37AL100068Mr","h":13.4,"min_z":46.4,"max_z":59.8}},{"type":"Feature","id":"DENW37AL100068Tp","geometry":{"type":"Polygon","coordinates":[[[6.974773,50.935801],[6.974769,50.93583],[6.97481,50.935832],[6.97484,50.935834],[6.974846,50.93581],[6.974847,50.935806],[6.974773,50.935801]]]},"properties":{"id":"DENW37AL100068Tp","h":2.5,"min_z":45.7,"max_z":48.3}},{"type":"Feature","id":"DENW37AL100063mX","geometry":{"type":"Polygon","coordinates":[[[6.972227,50.938216],[6.972189,50.938273],[6.972126,50.938301],[6.972161,50.938326],[6.97217,50.938327],[6.972182,50.93833],[6.972257,50.938344],[6.972259,50.938341],[6.972273,50.938322],[6.972294,50.938291],[6.972303,50.938279],[6.972328,50.938243],[6.972227,50.938216]]]},"properties":{"id":"DENW37AL100063mX","h":4.4,"min_z":45.2,"max_z":49.6}},{"type":"Feature","id":"DENW37AL11t000OU","geometry":{"type":"Polygon","coordinates":[[[6.972815,50.937124],[6.972817,50.937142],[6.97288,50.937138],[6.972878,50.93712],[6.972815,50.937124]]]},"properties":{"id":"DENW37AL11t000OU","h":3.3,"min_z":44.3,"max_z":47.6}},{"type":"Feature","id":"DENW37AL100064rY","geometry":{"type":"Polygon","coordinates":[[[6.974751,50.936888],[6.974743,50.936932],[6.974734,50.936981],[6.974734,50.936983],[6.974742,50.936984],[6.974816,50.936988],[6.974886,50.936992],[6.974891,50.936959],[6.974894,50.936941],[6.974901,50.936897],[6.974895,50.936896],[6.974751,50.936888]]]},"properties":{"id":"DENW37AL100064rY","h":21.4,"min_z":44.8,"max_z":66.3}},{"type":"Feature","id":"DENW37AL100065J4","geometry":{"type":"Polygon","coordinates":[[[6.97245,50.934288],[6.972455,50.934212],[6.972365,50.93421],[6.972334,50.934209],[6.972336,50.934177],[6.972332,50.934177],[6.972326,50.934287],[6.97245,50.934288]]]},"properties":{"id":"DENW37AL100065J4","h":9.1,"min_z":46.4,"max_z":55.5}},{"type":"Feature","id":"DENW37AL100064SX","geometry":{"type":"Polygon","coordinates":[[[6.972938,50.934925],[6.972941,50.934934],[6.972953,50.934933],[6.972966,50.934973],[6.973036,50.934965],[6.973117,50.934955],[6.973094,50.934886],[6.973013,50.934895],[6.972943,50.934903],[6.972949,50.934923],[6.972938,50.934925]]]},"properties":{"id":"DENW37AL100064SX","h":17.6,"min_z":46.6,"max_z":64.2}},{"type":"Feature","id":"DENW37AL3qf00053","geometry":{"type":"Polygon","coordinates":[[[6.972282,50.938083],[6.972415,50.938118],[6.972458,50.938057],[6.972322,50.938031],[6.972282,50.938083]]]},"properties":{"id":"DENW37AL3qf00053","h":2.7,"min_z":45.2,"max_z":47.9}},{"type":"Feature","id":"DENW37AL1000652M","geometry":{"type":"Polygon","coordinates":[[[6.978575,50.938498],[6.978506,50.9385],[6.978447,50.938501],[6.978378,50.938503],[6.978387,50.938608],[6.978647,50.938601],[6.978636,50.938556],[6.978698,50.938553],[6.978694,50.938495],[6.978575,50.938498]]]},"properties":{"id":"DENW37AL1000652M","h":25.5,"min_z":45.5,"max_z":71.0}},{"type":"Feature","id":"DENW37AL100063vE","geometry":{"type":"Polygon","coordinates":[[[6.978896,50.932148],[6.978813,50.932064],[6.978787,50.932073],[6.978734,50.932094],[6.978676,50.932116],[6.978757,50.932201],[6.978896,50.932148]]]},"properties":{"id":"DENW37AL100063vE","h":16.4,"min_z":46.2,"max_z":62.5}},{"type":"Feature","id":"DENW37AL100063gQ","geometry":{"type":"Polygon","coordinates":[[[6.976666,50.932355],[6.976606,50.932304],[6.976595,50.932296],[6.976534,50.932328],[6.976699,50.932472],[6.976712,50.932464],[6.976761,50.932436],[6.976713,50.932395],[6.976666,50.932355]]]},"properties":{"id":"DENW37AL100063gQ","h":2.7,"min_z":46.4,"max_z":49.1}},{"type":"Feature","id":"DENW37AL100065cg","geometry":{"type":"Polygon","coordinates":[[[6.972106,50.937263],[6.972117,50.937339],[6.972191,50.937334],[6.97218,50.937259],[6.972106,50.937263]]]},"properties":{"id":"DENW37AL100065cg","h":5.6,"min_z":45.3,"max_z":50.8}},{"type":"Feature","id":"DENW37AL100064RD","geometry":{"type":"Polygon","coordinates":[[[6.973097,50.937613],[6.973115,50.937715],[6.973118,50.937735],[6.973149,50.937734],[6.973145,50.937714],[6.973235,50.937708],[6.973235,50.937715],[6.973247,50.93772],[6.973304,50.937716],[6.973313,50.93771],[6.973313,50.937704],[6.973404,50.937698],[6.973406,50.937718],[6.973438,50.937716],[6.973435,50.937696],[6.973536,50.937689],[6.973523,50.937602],[6.973521,50.937589],[6.973415,50.937596],[6.973415,50.937593],[6.973348,50.937597],[6.973348,50.937601],[6.973156,50.937613],[6.973155,50.937609],[6.973097,50.937613]]]},"properties":{"id":"DENW37AL100064RD","h":17.8,"min_z":44.5,"max_z":62.3}},{"type":"Feature","id":"DENW37AL100066ko","geometry":{"type":"Polygon","coordinates":[[[6.975987,50.930405],[6.97594,50.930446],[6.975954,50.930453],[6.975954,50.930453],[6.976003,50.930412],[6.975987,50.930405]]]},"properties":{"id":"DENW37AL100066ko","h":16.9,"min_z":46.5,"max_z":63.4}},{"type":"Feature","id":"DENW37AL100063vW","geometry":{"type":"Polygon","coordinates":[[[6.97828,50.933117],[6.978253,50.933125],[6.978291,50.933172],[6.978328,50.933219],[6.978501,50.933167],[6.978465,50.933118],[6.978427,50.933068],[6.978278,50.933115],[6.97828,50.933117]]]},"properties":{"id":"DENW37AL100063vW","h":16.4,"min_z":46.1,"max_z":62.5}},{"type":"Feature","id":"DENW37AL1000645V","geometry":{"type":"Polygon","coordinates":[[[6.977103,50.935457],[6.977104,50.935558],[6.977104,50.935566],[6.977277,50.935562],[6.977274,50.935507],[6.97727,50.935454],[6.977165,50.935458],[6.977103,50.935457]]]},"properties":{"id":"DENW37AL1000645V","h":20.5,"min_z":45.5,"max_z":66.0}},{"type":"Feature","id":"DENW37AL100066Rs","geometry":{"type":"Polygon","coordinates":[[[6.973578,50.933521],[6.973565,50.933549],[6.973601,50.933556],[6.973641,50.933563],[6.973646,50.933552],[6.973654,50.933535],[6.973578,50.933521]]]},"properties":{"id":"DENW37AL100066Rs","h":7.8,"min_z":45.0,"max_z":52.8}},{"type":"Feature","id":"DENW37AL100066Zp","geometry":{"type":"Polygon","coordinates":[[[6.971142,50.934064],[6.971143,50.934112],[6.97116,50.934112],[6.971215,50.934112],[6.971269,50.934113],[6.97127,50.934096],[6.971272,50.934064],[6.971142,50.934064]]]},"properties":{"id":"DENW37AL100066Zp","h":20.8,"min_z":46.1,"max_z":67.0}},{"type":"Feature","id":"DENW37AL100066xF","geometry":{"type":"Polygon","coordinates":[[[6.974807,50.937048],[6.974876,50.937053],[6.974886,50.936992],[6.974816,50.936988],[6.974807,50.937048]]]},"properties":{"id":"DENW37AL100066xF","h":18.8,"min_z":45.2,"max_z":64.1}},{"type":"Feature","id":"DENW37AL10006425","geometry":{"type":"Polygon","coordinates":[[[6.975073,50.934011],[6.975254,50.934009],[6.975252,50.933915],[6.975072,50.933916],[6.975073,50.934011]]]},"properties":{"id":"DENW37AL10006425","h":14.8,"min_z":45.9,"max_z":60.7}},{"type":"Feature","id":"DENW37AL100063jp","geometry":{"type":"Polygon","coordinates":[[[6.975791,50.935847],[6.975776,50.935903],[6.975835,50.935907],[6.975847,50.935908],[6.975909,50.935912],[6.975918,50.935872],[6.975927,50.935832],[6.975856,50.935825],[6.975784,50.935818],[6.975777,50.935846],[6.975791,50.935847]]]},"properties":{"id":"DENW37AL100063jp","h":22.3,"min_z":45.5,"max_z":67.8}},{"type":"Feature","id":"DENW37AL10006yGS","geometry":{"type":"Polygon","coordinates":[[[6.974137,50.936552],[6.974202,50.936554],[6.974202,50.936554],[6.974137,50.936552],[6.974137,50.936552]]]},"properties":{"id":"DENW37AL10006yGS","h":2.9,"min_z":44.7,"max_z":47.5}},{"type":"Feature","id":"DENW37AL100063Vf","geometry":{"type":"Polygon","coordinates":[[[6.975489,50.934252],[6.975448,50.934252],[6.975448,50.934266],[6.975489,50.934266],[6.975489,50.934252]]]},"properties":{"id":"DENW37AL100063Vf","h":18.6,"min_z":45.5,"max_z":64.1}},{"type":"Feature","id":"DENW37AL100064Yi","geometry":{"type":"Polygon","coordinates":[[[6.977656,50.933783],[6.977658,50.933783],[6.977626,50.933732],[6.977623,50.933733],[6.977587,50.933683],[6.977555,50.933637],[6.97742,50.933678],[6.977507,50.933813],[6.977576,50.933799],[6.977656,50.933783]]]},"properties":{"id":"DENW37AL100064Yi","h":21.1,"min_z":46.1,"max_z":67.2}},{"type":"Feature","id":"DENW37AL100065Yo","geometry":{"type":"Polygon","coordinates":[[[6.974608,50.934685],[6.974609,50.934729],[6.974797,50.934728],[6.974797,50.934683],[6.974608,50.934685]]]},"properties":{"id":"DENW37AL100065Yo","h":15.6,"min_z":46.6,"max_z":62.2}},{"type":"Feature","id":"DENW37AL100063ZR","geometry":{"type":"Polygon","coordinates":[[[6.974234,50.936124],[6.974236,50.936152],[6.974238,50.936179],[6.974338,50.936177],[6.97437,50.936176],[6.97437,50.93612],[6.974234,50.936124]]]},"properties":{"id":"DENW37AL100063ZR","h":16.0,"min_z":45.3,"max_z":61.3}},{"type":"Feature","id":"DENW37AL100065NW","geometry":{"type":"Polygon","coordinates":[[[6.975853,50.935524],[6.975876,50.935527],[6.975866,50.935562],[6.975987,50.935575],[6.976008,50.935497],[6.976087,50.935505],[6.976111,50.935402],[6.975913,50.935382],[6.975894,50.935456],[6.975871,50.935454],[6.975853,50.935524]]]},"properties":{"id":"DENW37AL100065NW","h":22.5,"min_z":45.5,"max_z":68.0}},{"type":"Feature","id":"DENW37AL100065om","geometry":{"type":"Polygon","coordinates":[[[6.974472,50.934949],[6.974473,50.935007],[6.974608,50.935006],[6.974608,50.934977],[6.974607,50.934948],[6.974472,50.934949]]]},"properties":{"id":"DENW37AL100065om","h":15.0,"min_z":46.5,"max_z":61.6}},{"type":"Feature","id":"DENW37AL100065eL","geometry":{"type":"Polygon","coordinates":[[[6.971818,50.934023],[6.971847,50.934024],[6.971851,50.933947],[6.971852,50.933941],[6.971823,50.93394],[6.971818,50.934023]]]},"properties":{"id":"DENW37AL100065eL","h":14.7,"min_z":46.4,"max_z":61.2}},{"type":"Feature","id":"DENW37AL100074oj","geometry":{"type":"Polygon","coordinates":[[[6.972407,50.935958],[6.972407,50.93597],[6.972407,50.936023],[6.972408,50.936089],[6.972494,50.93609],[6.972495,50.935959],[6.972407,50.935958]]]},"properties":{"id":"DENW37AL100074oj","h":2.7,"min_z":45.7,"max_z":48.4}},{"type":"Feature","id":"DENW37AL100063V8","geometry":{"type":"Polygon","coordinates":[[[6.974222,50.936955],[6.97422,50.936866],[6.974151,50.936866],[6.974154,50.936951],[6.974154,50.936955],[6.974222,50.936955]]]},"properties":{"id":"DENW37AL100063V8","h":18.6,"min_z":44.9,"max_z":63.4}},{"type":"Feature","id":"DENW37AL100066rY","geometry":{"type":"Polygon","coordinates":[[[6.972324,50.934938],[6.972354,50.934973],[6.972451,50.934952],[6.972422,50.934917],[6.972324,50.934938]]]},"properties":{"id":"DENW37AL100066rY","h":3.1,"min_z":46.6,"max_z":49.7}},{"type":"Feature","id":"DENW37AL100063e7","geometry":{"type":"Polygon","coordinates":[[[6.973472,50.93596],[6.973644,50.935966],[6.973645,50.935949],[6.973647,50.935909],[6.973628,50.935908],[6.973475,50.935903],[6.973472,50.93596]]]},"properties":{"id":"DENW37AL100063e7","h":18.1,"min_z":45.4,"max_z":63.5}},{"type":"Feature","id":"DENW37AL100062tE","geometry":{"type":"Polygon","coordinates":[[[6.973416,50.937276],[6.973415,50.937317],[6.973495,50.937317],[6.973496,50.937276],[6.973416,50.937276]]]},"properties":{"id":"DENW37AL100062tE","h":4.3,"min_z":45.4,"max_z":49.7}},{"type":"Feature","id":"DENW37AL100066sH","geometry":{"type":"Polygon","coordinates":[[[6.97565,50.934678],[6.975651,50.934724],[6.975668,50.934724],[6.97568,50.934681],[6.97565,50.934678]]]},"properties":{"id":"DENW37AL100066sH","h":7.3,"min_z":45.8,"max_z":53.0}},{"type":"Feature","id":"DENW37AL100064VE","geometry":{"type":"Polygon","coordinates":[[[6.975106,50.935907],[6.975014,50.935895],[6.975001,50.935934],[6.975026,50.935937],[6.975093,50.935945],[6.975103,50.935917],[6.975106,50.935907]]]},"properties":{"id":"DENW37AL100064VE","h":3.6,"min_z":45.4,"max_z":49.0}},{"type":"Feature","id":"DENW37AL100064yc","geometry":{"type":"Polygon","coordinates":[[[6.978268,50.934301],[6.978481,50.934258],[6.978434,50.934163],[6.97822,50.934206],[6.978268,50.934301]]]},"properties":{"id":"DENW37AL100064yc","h":16.9,"min_z":45.8,"max_z":62.6}},{"type":"Feature","id":"DENW37AL100066gE","geometry":{"type":"Polygon","coordinates":[[[6.975284,50.935037],[6.97528,50.935088],[6.975334,50.935089],[6.975339,50.935038],[6.975284,50.935037]]]},"properties":{"id":"DENW37AL100066gE","h":17.0,"min_z":45.5,"max_z":62.5}},{"type":"Feature","id":"DENW37AL1000652w","geometry":{"type":"Polygon","coordinates":[[[6.975993,50.933167],[6.975999,50.933172],[6.976089,50.933253],[6.976223,50.933194],[6.976138,50.933117],[6.976128,50.933107],[6.975993,50.933167]]]},"properties":{"id":"DENW37AL1000652w","h":23.1,"min_z":45.8,"max_z":68.9}},{"type":"Feature","id":"DENW37AL100064sv","geometry":{"type":"Polygon","coordinates":[[[6.975025,50.936967],[6.975018,50.937009],[6.97505,50.937011],[6.975052,50.936995],[6.97519,50.937004],[6.97519,50.937004],[6.975332,50.937013],[6.975347,50.936923],[6.975035,50.936904],[6.975026,50.936957],[6.975025,50.936967]]]},"properties":{"id":"DENW37AL100064sv","h":22.0,"min_z":44.6,"max_z":66.7}},{"type":"Feature","id":"DENW37AL100067jg","geometry":{"type":"Polygon","coordinates":[[[6.975225,50.935627],[6.975366,50.935632],[6.975369,50.9356],[6.975373,50.935565],[6.975375,50.935547],[6.975235,50.935542],[6.975225,50.935627]]]},"properties":{"id":"DENW37AL100067jg","h":17.0,"min_z":45.5,"max_z":62.4}},{"type":"Feature","id":"DENW37AL100064o3","geometry":{"type":"Polygon","coordinates":[[[6.973569,50.935404],[6.97358,50.935444],[6.973679,50.935432],[6.973666,50.935386],[6.973657,50.935394],[6.973569,50.935404]]]},"properties":{"id":"DENW37AL100064o3","h":4.1,"min_z":46.3,"max_z":50.4}},{"type":"Feature","id":"DENW37AL100065uA","geometry":{"type":"Polygon","coordinates":[[[6.972489,50.934903],[6.972422,50.934917],[6.972451,50.934952],[6.972516,50.934939],[6.972511,50.934909],[6.972494,50.934912],[6.972489,50.934903]]]},"properties":{"id":"DENW37AL100065uA","h":3.1,"min_z":46.7,"max_z":49.8}},{"type":"Feature","id":"DENW37AL100063XE","geometry":{"type":"Polygon","coordinates":[[[6.975513,50.939079],[6.975626,50.938969],[6.975601,50.938983],[6.975574,50.938982],[6.975574,50.938978],[6.975469,50.938976],[6.975463,50.939078],[6.975513,50.939079]]]},"properties":{"id":"DENW37AL100063XE","h":21.8,"min_z":45.3,"max_z":67.1}},{"type":"Feature","id":"DENW37AL100064eP","geometry":{"type":"Polygon","coordinates":[[[6.976536,50.931884],[6.976612,50.931941],[6.976729,50.931881],[6.97665,50.931822],[6.976543,50.93188],[6.976536,50.931884]]]},"properties":{"id":"DENW37AL100064eP","h":12.7,"min_z":45.7,"max_z":58.4}},{"type":"Feature","id":"DENW37AL1000649p","geometry":{"type":"Polygon","coordinates":[[[6.975151,50.934551],[6.975151,50.934453],[6.975064,50.934453],[6.975064,50.934514],[6.975064,50.934551],[6.975151,50.934551]]]},"properties":{"id":"DENW37AL1000649p","h":15.6,"min_z":46.2,"max_z":61.8}},{"type":"Feature","id":"DENW37AL1000657v","geometry":{"type":"Polygon","coordinates":[[[6.974805,50.934014],[6.974894,50.934013],[6.974891,50.933925],[6.974802,50.933926],[6.974805,50.934014]]]},"properties":{"id":"DENW37AL1000657v","h":15.1,"min_z":46.5,"max_z":61.6}},{"type":"Feature","id":"DENW37AL100064zY","geometry":{"type":"Polygon","coordinates":[[[6.974952,50.937061],[6.97501,50.937065],[6.975018,50.937009],[6.975025,50.936967],[6.97497,50.936964],[6.974952,50.937061]]]},"properties":{"id":"DENW37AL100064zY","h":19.0,"min_z":45.0,"max_z":64.0}},{"type":"Feature","id":"DENW37AL100064eb","geometry":{"type":"Polygon","coordinates":[[[6.97321,50.930568],[6.973441,50.930672],[6.973542,50.930584],[6.97331,50.930479],[6.97321,50.930568]]]},"properties":{"id":"DENW37AL100064eb","h":19.2,"min_z":46.5,"max_z":65.7}},{"type":"Feature","id":"DENW37AL100065Tp","geometry":{"type":"Polygon","coordinates":[[[6.977379,50.938426],[6.977359,50.938367],[6.977245,50.938382],[6.977188,50.93839],[6.977125,50.938398],[6.977164,50.938514],[6.977334,50.93849],[6.977315,50.938435],[6.977379,50.938426]]]},"properties":{"id":"DENW37AL100065Tp","h":18.6,"min_z":45.2,"max_z":63.8}},{"type":"Feature","id":"DENW37AL1000659J","geometry":{"type":"Polygon","coordinates":[[[6.974431,50.937492],[6.974424,50.937509],[6.974426,50.937509],[6.974583,50.937518],[6.974593,50.937446],[6.974441,50.937437],[6.974431,50.937492]]]},"properties":{"id":"DENW37AL1000659J","h":13.0,"min_z":45.1,"max_z":58.1}},{"type":"Feature","id":"DENW37AL100065zx","geometry":{"type":"Polygon","coordinates":[[[6.972509,50.934732],[6.972479,50.934737],[6.972415,50.934759],[6.97244,50.93479],[6.972472,50.934831],[6.972497,50.934862],[6.972574,50.934844],[6.972554,50.934809],[6.972526,50.934761],[6.972509,50.934732]]]},"properties":{"id":"DENW37AL100065zx","h":16.7,"min_z":46.3,"max_z":63.1}},{"type":"Feature","id":"DENW37AL100065z3","geometry":{"type":"Polygon","coordinates":[[[6.978218,50.937542],[6.97822,50.937666],[6.978387,50.937665],[6.978385,50.937541],[6.978218,50.937542]]]},"properties":{"id":"DENW37AL100065z3","h":23.9,"min_z":45.2,"max_z":69.0}},{"type":"Feature","id":"DENW37AL100064Y7","geometry":{"type":"Polygon","coordinates":[[[6.975373,50.934362],[6.975334,50.934362],[6.975372,50.934398],[6.975382,50.934408],[6.97541,50.934398],[6.975373,50.934362]]]},"properties":{"id":"DENW37AL100064Y7","h":3.0,"min_z":46.0,"max_z":49.0}},{"type":"Feature","id":"DENW37AL100064cW","geometry":{"type":"Polygon","coordinates":[[[6.9728,50.937023],[6.972805,50.937055],[6.972807,50.937072],[6.972864,50.937069],[6.97287,50.937069],[6.972872,50.937068],[6.972923,50.937062],[6.972916,50.937014],[6.972914,50.937012],[6.9728,50.937023]]]},"properties":{"id":"DENW37AL100064cW","h":3.7,"min_z":44.2,"max_z":48.0}},{"type":"Feature","id":"DENW37AL2FH00098","geometry":{"type":"Polygon","coordinates":[[[6.976957,50.93256],[6.976902,50.93252],[6.976725,50.932613],[6.976776,50.932653],[6.976957,50.93256]]]},"properties":{"id":"DENW37AL2FH00098","h":2.9,"min_z":46.3,"max_z":49.2}},{"type":"Feature","id":"DENW37AL1000648U","geometry":{"type":"Polygon","coordinates":[[[6.973831,50.936555],[6.973828,50.93655],[6.973823,50.936546],[6.973817,50.936542],[6.97381,50.93654],[6.973802,50.936538],[6.973754,50.936537],[6.97375,50.936598],[6.973799,50.936599],[6.9738,50.936585],[6.973808,50.936584],[6.973815,50.936582],[6.973822,50.936579],[6.973827,50.936575],[6.97383,50.93657],[6.973832,50.936565],[6.973832,50.93656],[6.973831,50.936555]]]},"properties":{"id":"DENW37AL1000648U","h":3.7,"min_z":44.8,"max_z":48.5}},{"type":"Feature","id":"DENW37AL100065zE","geometry":{"type":"Polygon","coordinates":[[[6.974161,50.935072],[6.97417,50.935099],[6.974172,50.935159],[6.97431,50.935164],[6.974308,50.935104],[6.974304,50.934999],[6.974194,50.935001],[6.974205,50.935069],[6.974161,50.935072]]]},"properties":{"id":"DENW37AL100065zE","h":15.3,"min_z":46.3,"max_z":61.6}},{"type":"Feature","id":"DENW37AL100065s2","geometry":{"type":"Polygon","coordinates":[[[6.973551,50.937895],[6.973524,50.937803],[6.97332,50.937827],[6.973343,50.937906],[6.973346,50.937918],[6.973551,50.937895]]]},"properties":{"id":"DENW37AL100065s2","h":16.9,"min_z":45.5,"max_z":62.4}},{"type":"Feature","id":"DENW37AL100064Fu","geometry":{"type":"Polygon","coordinates":[[[6.973006,50.938548],[6.973093,50.938561],[6.973129,50.938457],[6.973048,50.938445],[6.973041,50.938454],[6.973006,50.938548]]]},"properties":{"id":"DENW37AL100064Fu","h":15.7,"min_z":44.8,"max_z":60.6}},{"type":"Feature","id":"DENW37AL100063cY","geometry":{"type":"Polygon","coordinates":[[[6.974121,50.934248],[6.974122,50.934303],[6.974286,50.934303],[6.974285,50.934247],[6.974121,50.934248]]]},"properties":{"id":"DENW37AL100063cY","h":13.6,"min_z":47.0,"max_z":60.6}},{"type":"Feature","id":"DENW37AL100064za","geometry":{"type":"Polygon","coordinates":[[[6.972742,50.933002],[6.972769,50.93295],[6.97266,50.932929],[6.972632,50.93298],[6.972742,50.933002]]]},"properties":{"id":"DENW37AL100064za","h":2.7,"min_z":46.1,"max_z":48.8}},{"type":"Feature","id":"DENW37AL100065Y5","geometry":{"type":"Polygon","coordinates":[[[6.977897,50.934971],[6.977919,50.935078],[6.978083,50.935063],[6.97809,50.935063],[6.978065,50.934956],[6.977897,50.934971]]]},"properties":{"id":"DENW37AL100065Y5","h":17.7,"min_z":46.0,"max_z":63.7}},{"type":"Feature","id":"DENW37AL100064gf","geometry":{"type":"Polygon","coordinates":[[[6.976346,50.938563],[6.976374,50.938635],[6.976448,50.938627],[6.976527,50.938619],[6.976491,50.93851],[6.976416,50.938519],[6.976352,50.938526],[6.976362,50.938562],[6.976346,50.938563]]]},"properties":{"id":"DENW37AL100064gf","h":24.1,"min_z":45.1,"max_z":69.2}},{"type":"Feature","id":"DENW37AL100065yp","geometry":{"type":"Polygon","coordinates":[[[6.973266,50.933647],[6.973293,50.933591],[6.973165,50.933565],[6.973138,50.933622],[6.973266,50.933647]]]},"properties":{"id":"DENW37AL100065yp","h":15.5,"min_z":46.3,"max_z":61.8}},{"type":"Feature","id":"DENW37AL100065Zv","geometry":{"type":"Polygon","coordinates":[[[6.973095,50.938311],[6.973134,50.938322],[6.973181,50.938257],[6.973141,50.938246],[6.973095,50.938311]]]},"properties":{"id":"DENW37AL100065Zv","h":2.6,"min_z":45.1,"max_z":47.7}},{"type":"Feature","id":"DENW37AL100064rT","geometry":{"type":"Polygon","coordinates":[[[6.97446,50.934425],[6.974461,50.934482],[6.974598,50.934481],[6.974598,50.934448],[6.974609,50.934448],[6.974609,50.934425],[6.97446,50.934425]]]},"properties":{"id":"DENW37AL100064rT","h":13.9,"min_z":46.8,"max_z":60.7}},{"type":"Feature","id":"DENW37AL1000640S","geometry":{"type":"Polygon","coordinates":[[[6.976586,50.937643],[6.976604,50.937744],[6.976759,50.937732],[6.976743,50.937632],[6.976586,50.937643]]]},"properties":{"id":"DENW37AL1000640S","h":16.6,"min_z":44.2,"max_z":60.8}},{"type":"Feature","id":"DENW37AL1000647T","geometry":{"type":"Polygon","coordinates":[[[6.97815,50.935534],[6.978253,50.935528],[6.978251,50.935511],[6.978246,50.935475],[6.978143,50.935481],[6.97815,50.935534]]]},"properties":{"id":"DENW37AL1000647T","h":4.5,"min_z":44.8,"max_z":49.3}},{"type":"Feature","id":"DENW37AL1000652z","geometry":{"type":"Polygon","coordinates":[[[6.974793,50.934368],[6.974704,50.934368],[6.974703,50.934424],[6.974793,50.934424],[6.974793,50.934394],[6.974793,50.934368]]]},"properties":{"id":"DENW37AL1000652z","h":4.6,"min_z":46.9,"max_z":51.5}},{"type":"Feature","id":"DENW37AL100065ca","geometry":{"type":"Polygon","coordinates":[[[6.976663,50.937123],[6.97659,50.93704],[6.976567,50.937049],[6.976516,50.937067],[6.97646,50.937088],[6.976452,50.93709],[6.976477,50.93712],[6.976499,50.937113],[6.976535,50.937155],[6.976572,50.937153],[6.976587,50.937148],[6.976641,50.93713],[6.976663,50.937123]]]},"properties":{"id":"DENW37AL100065ca","h":18.4,"min_z":44.3,"max_z":62.7}},{"type":"Feature","id":"DENW37AL100065F8","geometry":{"type":"Polygon","coordinates":[[[6.975889,50.938193],[6.975961,50.938245],[6.976257,50.938082],[6.97621,50.938047],[6.976186,50.93803],[6.97618,50.938033],[6.976152,50.938048],[6.976005,50.938129],[6.975889,50.938193]]]},"properties":{"id":"DENW37AL100065F8","h":13.7,"min_z":44.4,"max_z":58.2}},{"type":"Feature","id":"DENW37AL100064Ad","geometry":{"type":"Polygon","coordinates":[[[6.977373,50.938664],[6.977392,50.938662],[6.977334,50.93849],[6.977164,50.938514],[6.977235,50.938739],[6.977394,50.938718],[6.977381,50.938679],[6.977378,50.938679],[6.977373,50.938664]]]},"properties":{"id":"DENW37AL100064Ad","h":18.6,"min_z":45.3,"max_z":63.9}},{"type":"Feature","id":"DENW37AL100065K5","geometry":{"type":"Polygon","coordinates":[[[6.971832,50.935501],[6.971841,50.935547],[6.972037,50.935529],[6.972031,50.935484],[6.972027,50.935484],[6.971912,50.935494],[6.971832,50.935501]]]},"properties":{"id":"DENW37AL100065K5","h":9.6,"min_z":45.8,"max_z":55.4}},{"type":"Feature","id":"DENW37AL1000679g","geometry":{"type":"Polygon","coordinates":[[[6.973458,50.936191],[6.973602,50.936191],[6.973602,50.936158],[6.973603,50.936129],[6.97359,50.936129],[6.973462,50.936127],[6.973458,50.936191]]]},"properties":{"id":"DENW37AL1000679g","h":18.1,"min_z":45.2,"max_z":63.3}},{"type":"Feature","id":"DENW37AL100067RL","geometry":{"type":"Polygon","coordinates":[[[6.972071,50.934218],[6.97207,50.934286],[6.972137,50.934286],[6.9722,50.934286],[6.972204,50.934222],[6.972071,50.934218]]]},"properties":{"id":"DENW37AL100067RL","h":4.2,"min_z":46.4,"max_z":50.5}},{"type":"Feature","id":"DENW37ALYA00004q","geometry":{"type":"Polygon","coordinates":[[[6.974851,50.937705],[6.974885,50.937707],[6.974886,50.937701],[6.9749,50.937701],[6.974916,50.937605],[6.974921,50.937571],[6.974873,50.937568],[6.974861,50.937638],[6.974852,50.937697],[6.974851,50.937705]]]},"properties":{"id":"DENW37ALYA00004q","h":3.6,"min_z":45.0,"max_z":48.6}},{"type":"Feature","id":"DENW37AL100063gx","geometry":{"type":"Polygon","coordinates":[[[6.971327,50.932769],[6.971316,50.932771],[6.971275,50.93281],[6.97134,50.932838],[6.971398,50.932783],[6.971357,50.932765],[6.971345,50.932776],[6.971327,50.932769]]]},"properties":{"id":"DENW37AL100063gx","h":2.4,"min_z":45.6,"max_z":47.9}},{"type":"Feature","id":"DENW37AL10006yGf","geometry":{"type":"Polygon","coordinates":[[[6.978263,50.936692],[6.978261,50.936786],[6.978387,50.936793],[6.978384,50.936785],[6.978374,50.936713],[6.978265,50.936692],[6.978263,50.936692]]]},"properties":{"id":"DENW37AL10006yGf","h":6.6,"min_z":45.7,"max_z":52.3}},{"type":"Feature","id":"DENW37AL100064Vw","geometry":{"type":"Polygon","coordinates":[[[6.973259,50.938081],[6.973219,50.938134],[6.973259,50.938146],[6.973262,50.938146],[6.973301,50.938093],[6.973297,50.938092],[6.973259,50.938081]]]},"properties":{"id":"DENW37AL100064Vw","h":3.6,"min_z":45.1,"max_z":48.7}},{"type":"Feature","id":"DENW37AL1000652b","geometry":{"type":"Polygon","coordinates":[[[6.97407,50.93662],[6.974073,50.936567],[6.974026,50.936566],[6.974022,50.936618],[6.97407,50.93662]]]},"properties":{"id":"DENW37AL1000652b","h":15.0,"min_z":44.8,"max_z":59.8}},{"type":"Feature","id":"DENW37AL10006yFU","geometry":{"type":"Polygon","coordinates":[[[6.974755,50.938575],[6.974783,50.938577],[6.974787,50.938544],[6.974759,50.938543],[6.974756,50.93857],[6.974755,50.938575]]]},"properties":{"id":"DENW37AL10006yFU","h":3.2,"min_z":44.9,"max_z":48.1}},{"type":"Feature","id":"DENW37AL1000663g","geometry":{"type":"Polygon","coordinates":[[[6.973176,50.938057],[6.973136,50.93811],[6.973176,50.938122],[6.973216,50.938069],[6.973176,50.938057]]]},"properties":{"id":"DENW37AL1000663g","h":3.6,"min_z":45.1,"max_z":48.7}},{"type":"Feature","id":"DENW37AL100066rr","geometry":{"type":"Polygon","coordinates":[[[6.975357,50.938515],[6.975364,50.938474],[6.975326,50.938471],[6.975223,50.938465],[6.975204,50.938573],[6.975344,50.938582],[6.975357,50.938515]]]},"properties":{"id":"DENW37AL100066rr","h":13.2,"min_z":44.4,"max_z":57.6}},{"type":"Feature","id":"DENW37AL100065Jd","geometry":{"type":"Polygon","coordinates":[[[6.975236,50.936009],[6.975263,50.935942],[6.975103,50.935917],[6.975093,50.935945],[6.975078,50.935984],[6.975236,50.936009]]]},"properties":{"id":"DENW37AL100065Jd","h":10.6,"min_z":45.1,"max_z":55.7}},{"type":"Feature","id":"DENW37AL100065No","geometry":{"type":"Polygon","coordinates":[[[6.974488,50.936608],[6.974491,50.936701],[6.974504,50.93671],[6.974624,50.936717],[6.97463,50.936651],[6.974589,50.936649],[6.974578,50.936642],[6.974577,50.93661],[6.974488,50.936608]]]},"properties":{"id":"DENW37AL100065No","h":19.9,"min_z":44.8,"max_z":64.6}},{"type":"Feature","id":"DENW37AL100063pS","geometry":{"type":"Polygon","coordinates":[[[6.974457,50.93549],[6.974458,50.935542],[6.974587,50.935545],[6.974585,50.935492],[6.974457,50.93549]]]},"properties":{"id":"DENW37AL100063pS","h":14.7,"min_z":46.2,"max_z":60.8}},{"type":"Feature","id":"DENW37AL100063cz","geometry":{"type":"Polygon","coordinates":[[[6.974214,50.936401],[6.974215,50.93649],[6.974233,50.93649],[6.974274,50.93649],[6.974347,50.936489],[6.974344,50.936401],[6.974214,50.936401]]]},"properties":{"id":"DENW37AL100063cz","h":14.3,"min_z":44.8,"max_z":59.1}},{"type":"Feature","id":"DENW37AL100062n8","geometry":{"type":"Polygon","coordinates":[[[6.973852,50.935452],[6.973844,50.935451],[6.973835,50.93545],[6.973827,50.935451],[6.973819,50.935452],[6.973819,50.935452],[6.973828,50.935483],[6.973838,50.935518],[6.973846,50.935544],[6.973846,50.935544],[6.973838,50.935518],[6.973848,50.935517],[6.973857,50.935514],[6.973866,50.935511],[6.973873,50.935507],[6.973879,50.935502],[6.97388,50.935502],[6.973884,50.935496],[6.973887,50.93549],[6.973888,50.935484],[6.973887,50.935477],[6.973884,50.935471],[6.97388,50.935465],[6.973874,50.93546],[6.973867,50.935457],[6.973866,50.935456],[6.973859,50.935454],[6.973852,50.935452]]]},"properties":{"id":"DENW37AL100062n8","h":18.6,"min_z":46.0,"max_z":64.6}},{"type":"Feature","id":"DENW37AL1000645T","geometry":{"type":"Polygon","coordinates":[[[6.974759,50.935829],[6.974754,50.935848],[6.974741,50.935898],[6.974822,50.935901],[6.97484,50.935834],[6.97481,50.935832],[6.974769,50.93583],[6.974759,50.935829]]]},"properties":{"id":"DENW37AL1000645T","h":10.6,"min_z":45.8,"max_z":56.4}},{"type":"Feature","id":"DENW37AL100065iG","geometry":{"type":"Polygon","coordinates":[[[6.97379,50.93853],[6.97381,50.938533],[6.973826,50.938488],[6.973806,50.938485],[6.97379,50.93853]]]},"properties":{"id":"DENW37AL100065iG","h":2.7,"min_z":44.9,"max_z":47.6}},{"type":"Feature","id":"DENW37AL100068kJ","geometry":{"type":"Polygon","coordinates":[[[6.973624,50.933735],[6.973632,50.933718],[6.973616,50.933714],[6.973621,50.933703],[6.9735,50.93368],[6.973486,50.933709],[6.973607,50.933732],[6.973624,50.933735]]]},"properties":{"id":"DENW37AL100068kJ","h":8.9,"min_z":46.9,"max_z":55.9}},{"type":"Feature","id":"DENW37AL100063wf","geometry":{"type":"Polygon","coordinates":[[[6.971358,50.936181],[6.971359,50.936194],[6.971394,50.936193],[6.971491,50.936189],[6.971515,50.936188],[6.971574,50.936185],[6.971645,50.936182],[6.971794,50.936176],[6.971865,50.936173],[6.971908,50.936171],[6.971986,50.936168],[6.972057,50.936165],[6.972099,50.936163],[6.972128,50.936162],[6.972141,50.936161],[6.972163,50.93616],[6.972239,50.936158],[6.972406,50.936152],[6.972407,50.936152],[6.972407,50.936141],[6.972239,50.936146],[6.972239,50.936146],[6.972057,50.936151],[6.971986,50.936154],[6.971865,50.936159],[6.971794,50.936162],[6.971645,50.936169],[6.971573,50.936172],[6.971489,50.936175],[6.971358,50.936181]]]},"properties":{"id":"DENW37AL100063wf","h":18.2,"min_z":45.4,"max_z":63.5}},{"type":"Feature","id":"DENW37AL100063RA","geometry":{"type":"Polygon","coordinates":[[[6.977742,50.933903],[6.977733,50.933886],[6.977712,50.93389],[6.97772,50.933907],[6.977742,50.933903]]]},"properties":{"id":"DENW37AL100063RA","h":21.0,"min_z":46.4,"max_z":67.4}},{"type":"Feature","id":"DENW37AL100064xU","geometry":{"type":"Polygon","coordinates":[[[6.97682,50.935135],[6.97682,50.935139],[6.976813,50.935193],[6.976807,50.935244],[6.976989,50.93525],[6.977062,50.935249],[6.977063,50.935198],[6.977063,50.935198],[6.977065,50.93514],[6.97682,50.935135]]]},"properties":{"id":"DENW37AL100064xU","h":23.4,"min_z":45.2,"max_z":68.5}},{"type":"Feature","id":"DENW37AL100065bR","geometry":{"type":"Polygon","coordinates":[[[6.972211,50.937874],[6.972225,50.937965],[6.972356,50.937958],[6.972344,50.937866],[6.972211,50.937874]]]},"properties":{"id":"DENW37AL100065bR","h":14.1,"min_z":45.1,"max_z":59.2}},{"type":"Feature","id":"DENW37AL100066Vl","geometry":{"type":"Polygon","coordinates":[[[6.973594,50.934698],[6.973668,50.934688],[6.973643,50.934632],[6.973572,50.934642],[6.973594,50.934698]]]},"properties":{"id":"DENW37AL100066Vl","h":2.6,"min_z":46.8,"max_z":49.4}},{"type":"Feature","id":"DENW37AL100065DP","geometry":{"type":"Polygon","coordinates":[[[6.973404,50.933892],[6.973433,50.933834],[6.973427,50.933833],[6.973358,50.93382],[6.9733,50.933809],[6.973266,50.933878],[6.973327,50.933884],[6.973391,50.93389],[6.973399,50.933891],[6.973404,50.933892]]]},"properties":{"id":"DENW37AL100065DP","h":16.1,"min_z":46.5,"max_z":62.6}},{"type":"Feature","id":"DENW37AL100066iT","geometry":{"type":"Polygon","coordinates":[[[6.9743,50.937665],[6.97421,50.937756],[6.974347,50.937811],[6.974376,50.937813],[6.974383,50.937768],[6.97439,50.937763],[6.974469,50.937768],[6.974477,50.93772],[6.974432,50.937718],[6.9743,50.937665]]]},"properties":{"id":"DENW37AL100066iT","h":15.3,"min_z":45.1,"max_z":60.4}},{"type":"Feature","id":"DENW37AL100065BK","geometry":{"type":"Polygon","coordinates":[[[6.97696,50.93603],[6.977067,50.936038],[6.977085,50.93594],[6.976996,50.935933],[6.976977,50.935932],[6.976966,50.935995],[6.97696,50.93603]]]},"properties":{"id":"DENW37AL100065BK","h":20.9,"min_z":45.3,"max_z":66.1}},{"type":"Feature","id":"DENW37AL100065jq","geometry":{"type":"Polygon","coordinates":[[[6.97559,50.937113],[6.975513,50.937108],[6.975455,50.937105],[6.975446,50.937161],[6.97555,50.937167],[6.97558,50.937168],[6.97559,50.937113]]]},"properties":{"id":"DENW37AL100065jq","h":16.6,"min_z":44.8,"max_z":61.5}},{"type":"Feature","id":"DENW37AL100063d7","geometry":{"type":"Polygon","coordinates":[[[6.97309,50.935399],[6.973103,50.935457],[6.973145,50.935453],[6.973275,50.93544],[6.973257,50.935385],[6.973099,50.935398],[6.97309,50.935399]]]},"properties":{"id":"DENW37AL100063d7","h":15.8,"min_z":46.2,"max_z":62.0}},{"type":"Feature","id":"DENW37AL100065MJ","geometry":{"type":"Polygon","coordinates":[[[6.975747,50.934192],[6.975726,50.934167],[6.975616,50.934197],[6.975612,50.934235],[6.975673,50.934215],[6.975747,50.934192]]]},"properties":{"id":"DENW37AL100065MJ","h":21.4,"min_z":45.7,"max_z":67.1}},{"type":"Feature","id":"DENW37AL100064rt","geometry":{"type":"Polygon","coordinates":[[[6.977328,50.938118],[6.977344,50.9382],[6.977345,50.938206],[6.977509,50.938195],[6.977493,50.938107],[6.977328,50.938118]]]},"properties":{"id":"DENW37AL100064rt","h":18.0,"min_z":45.5,"max_z":63.5}},{"type":"Feature","id":"DENW37AL10006yDw","geometry":{"type":"Polygon","coordinates":[[[6.971504,50.932388],[6.971595,50.932407],[6.971608,50.932381],[6.971517,50.932362],[6.971504,50.932388]]]},"properties":{"id":"DENW37AL10006yDw","h":2.4,"min_z":45.9,"max_z":48.3}},{"type":"Feature","id":"DENW37AL100063YJ","geometry":{"type":"Polygon","coordinates":[[[6.972558,50.935108],[6.972676,50.935094],[6.972629,50.934983],[6.972622,50.93497],[6.972597,50.934922],[6.972516,50.934939],[6.972451,50.934952],[6.972354,50.934973],[6.972303,50.934984],[6.972249,50.934995],[6.97224,50.934997],[6.972204,50.935004],[6.972242,50.935074],[6.97228,50.935141],[6.972558,50.935108]]]},"properties":{"id":"DENW37AL100063YJ","h":4.3,"min_z":46.4,"max_z":50.6}},{"type":"Feature","id":"DENW37AL100074cw","geometry":{"type":"Polygon","coordinates":[[[6.977472,50.932569],[6.977415,50.932591],[6.977428,50.932604],[6.977485,50.932582],[6.977474,50.932571],[6.977472,50.932569]]]},"properties":{"id":"DENW37AL100074cw","h":14.2,"min_z":45.8,"max_z":60.0}},{"type":"Feature","id":"DENW37AL100063m0","geometry":{"type":"Polygon","coordinates":[[[6.973168,50.933735],[6.973139,50.933729],[6.973107,50.933791],[6.973143,50.933798],[6.973184,50.933806],[6.973189,50.933807],[6.973218,50.933745],[6.973168,50.933735]]]},"properties":{"id":"DENW37AL100063m0","h":2.6,"min_z":46.3,"max_z":48.9}},{"type":"Feature","id":"DENW37AL100065dr","geometry":{"type":"Polygon","coordinates":[[[6.977063,50.935198],[6.977062,50.935249],[6.977069,50.935249],[6.97715,50.935248],[6.977193,50.935248],[6.97723,50.935247],[6.977237,50.935247],[6.977234,50.935197],[6.977232,50.93516],[6.977231,50.935136],[6.977065,50.93514],[6.977063,50.935198]]]},"properties":{"id":"DENW37AL100065dr","h":21.5,"min_z":45.5,"max_z":67.1}},{"type":"Feature","id":"DENW37AL100063q9","geometry":{"type":"Polygon","coordinates":[[[6.973191,50.93429],[6.973206,50.934345],[6.973213,50.93437],[6.973289,50.934361],[6.973265,50.934282],[6.973191,50.93429]]]},"properties":{"id":"DENW37AL100063q9","h":2.8,"min_z":46.7,"max_z":49.4}},{"type":"Feature","id":"DENW37AL100063Ua","geometry":{"type":"Polygon","coordinates":[[[6.974157,50.937196],[6.974175,50.937198],[6.974181,50.937171],[6.974164,50.937169],[6.974157,50.937196]]]},"properties":{"id":"DENW37AL100063Ua","h":17.3,"min_z":44.9,"max_z":62.2}},{"type":"Feature","id":"DENW37AL10006yDm","geometry":{"type":"Polygon","coordinates":[[[6.976944,50.932391],[6.9769,50.932357],[6.976842,50.93239],[6.977018,50.932528],[6.977082,50.932495],[6.977029,50.932454],[6.976944,50.932391]]]},"properties":{"id":"DENW37AL10006yDm","h":2.8,"min_z":46.5,"max_z":49.3}},{"type":"Feature","id":"DENW37AL100063Ru","geometry":{"type":"Polygon","coordinates":[[[6.974631,50.933517],[6.974713,50.93354],[6.974761,50.933469],[6.974673,50.933445],[6.974631,50.933517]]]},"properties":{"id":"DENW37AL100063Ru","h":15.8,"min_z":46.0,"max_z":61.7}},{"type":"Feature","id":"DENW37AL100065vz","geometry":{"type":"Polygon","coordinates":[[[6.975426,50.936163],[6.975446,50.936093],[6.975309,50.936078],[6.975308,50.936081],[6.97529,50.936147],[6.975426,50.936163]]]},"properties":{"id":"DENW37AL100065vz","h":16.5,"min_z":45.1,"max_z":61.6}},{"type":"Feature","id":"DENW37AL100063tx","geometry":{"type":"Polygon","coordinates":[[[6.975739,50.93704],[6.975738,50.937049],[6.975729,50.937109],[6.975718,50.937176],[6.975712,50.937216],[6.975815,50.937222],[6.975843,50.937047],[6.975779,50.937043],[6.975739,50.93704]]]},"properties":{"id":"DENW37AL100063tx","h":12.7,"min_z":44.7,"max_z":57.4}},{"type":"Feature","id":"DENW37AL100074Qq","geometry":{"type":"Polygon","coordinates":[[[6.977474,50.932571],[6.977485,50.932582],[6.977519,50.932616],[6.977538,50.932609],[6.977494,50.932563],[6.977474,50.932571]]]},"properties":{"id":"DENW37AL100074Qq","h":17.8,"min_z":45.8,"max_z":63.6}},{"type":"Feature","id":"DENW37AL10006497","geometry":{"type":"Polygon","coordinates":[[[6.97284,50.935294],[6.972771,50.9353],[6.972792,50.935406],[6.972867,50.9354],[6.97284,50.935294]]]},"properties":{"id":"DENW37AL10006497","h":15.0,"min_z":45.9,"max_z":60.9}},{"type":"Feature","id":"DENW37AL100065Kw","geometry":{"type":"Polygon","coordinates":[[[6.971846,50.933046],[6.97181,50.933079],[6.971806,50.933083],[6.972043,50.933184],[6.972083,50.933147],[6.972124,50.933108],[6.971887,50.933008],[6.971846,50.933046]]]},"properties":{"id":"DENW37AL100065Kw","h":16.7,"min_z":45.8,"max_z":62.4}},{"type":"Feature","id":"DENW37AL100066aM","geometry":{"type":"Polygon","coordinates":[[[6.972865,50.935117],[6.972872,50.93515],[6.972874,50.935159],[6.972954,50.935152],[6.972952,50.935144],[6.972976,50.935142],[6.972968,50.935108],[6.972865,50.935117]]]},"properties":{"id":"DENW37AL100066aM","h":3.9,"min_z":46.3,"max_z":50.2}},{"type":"Feature","id":"DENW37AL1000651y","geometry":{"type":"Polygon","coordinates":[[[6.974081,50.934421],[6.97408,50.934462],[6.974135,50.934461],[6.974136,50.934421],[6.9741,50.934421],[6.974081,50.934421]]]},"properties":{"id":"DENW37AL1000651y","h":3.6,"min_z":47.0,"max_z":50.5}},{"type":"Feature","id":"DENW37AL100074Oi","geometry":{"type":"Polygon","coordinates":[[[6.9755,50.935368],[6.975524,50.935366],[6.975541,50.935297],[6.975513,50.935296],[6.9755,50.935368]]]},"properties":{"id":"DENW37AL100074Oi","h":3.2,"min_z":45.7,"max_z":48.9}},{"type":"Feature","id":"DENW37AL1000646O","geometry":{"type":"Polygon","coordinates":[[[6.977183,50.937663],[6.977174,50.937612],[6.977159,50.937613],[6.977153,50.937573],[6.977065,50.93758],[6.976982,50.937586],[6.977005,50.937714],[6.977088,50.937709],[6.977175,50.937704],[6.977168,50.937664],[6.977183,50.937663]]]},"properties":{"id":"DENW37AL1000646O","h":22.4,"min_z":44.4,"max_z":66.8}},{"type":"Feature","id":"DENW37AL100065tG","geometry":{"type":"Polygon","coordinates":[[[6.976419,50.930952],[6.976452,50.93096],[6.976451,50.930963],[6.97658,50.930992],[6.97664,50.930889],[6.97666,50.930855],[6.976519,50.930822],[6.976493,50.930816],[6.976419,50.930952]]]},"properties":{"id":"DENW37AL100065tG","h":12.5,"min_z":46.8,"max_z":59.3}},{"type":"Feature","id":"DENW37AL100064iQ","geometry":{"type":"Polygon","coordinates":[[[6.976765,50.930763],[6.976839,50.93078],[6.976889,50.930791],[6.976906,50.930763],[6.976882,50.930758],[6.976921,50.930691],[6.976821,50.930668],[6.976765,50.930763]]]},"properties":{"id":"DENW37AL100064iQ","h":6.5,"min_z":47.0,"max_z":53.5}},{"type":"Feature","id":"DENW37AL100063sl","geometry":{"type":"Polygon","coordinates":[[[6.977171,50.938129],[6.977191,50.938205],[6.977288,50.938197],[6.97729,50.938204],[6.977344,50.9382],[6.977328,50.938118],[6.977171,50.938129]]]},"properties":{"id":"DENW37AL100063sl","h":18.2,"min_z":45.5,"max_z":63.6}},{"type":"Feature","id":"DENW37AL100064wQ","geometry":{"type":"Polygon","coordinates":[[[6.973575,50.930599],[6.973691,50.930651],[6.973706,50.930639],[6.97359,50.930586],[6.973575,50.930599],[6.973575,50.930599]]]},"properties":{"id":"DENW37AL100064wQ","h":19.7,"min_z":46.0,"max_z":65.7}},{"type":"Feature","id":"DENW37AL1000674C","geometry":{"type":"Polygon","coordinates":[[[6.972433,50.932997],[6.972436,50.93299],[6.972482,50.932901],[6.972485,50.932894],[6.97245,50.932887],[6.97245,50.932887],[6.972427,50.932932],[6.972389,50.932989],[6.972433,50.932997]]]},"properties":{"id":"DENW37AL1000674C","h":16.8,"min_z":46.0,"max_z":62.8}},{"type":"Feature","id":"DENW37AL100064d6","geometry":{"type":"Polygon","coordinates":[[[6.974638,50.935035],[6.974638,50.93506],[6.974686,50.93506],[6.974695,50.93506],[6.974695,50.935034],[6.974638,50.935035]]]},"properties":{"id":"DENW37AL100064d6","h":8.6,"min_z":46.6,"max_z":55.2}},{"type":"Feature","id":"DENW37AL100063xi","geometry":{"type":"Polygon","coordinates":[[[6.972597,50.934922],[6.972622,50.93497],[6.972862,50.934924],[6.972843,50.93487],[6.972795,50.93488],[6.972753,50.934889],[6.972717,50.934896],[6.972668,50.934907],[6.972597,50.934922]]]},"properties":{"id":"DENW37AL100063xi","h":16.4,"min_z":46.4,"max_z":62.8}},{"type":"Feature","id":"DENW37AL2Oq0006b","geometry":{"type":"Polygon","coordinates":[[[6.972573,50.93667],[6.972687,50.93667],[6.972689,50.936491],[6.972576,50.936491],[6.972538,50.936491],[6.972538,50.936492],[6.972535,50.93667],[6.972573,50.93667]]]},"properties":{"id":"DENW37AL2Oq0006b","h":11.5,"min_z":45.2,"max_z":56.6}},{"type":"Feature","id":"DENW37AL100063cs","geometry":{"type":"Polygon","coordinates":[[[6.978168,50.935142],[6.978181,50.935247],[6.97817,50.935158],[6.978168,50.935142]]]},"properties":{"id":"DENW37AL100063cs","h":18.4,"min_z":45.8,"max_z":64.2}},{"type":"Feature","id":"DENW37AL100063QW","geometry":{"type":"Polygon","coordinates":[[[6.974558,50.938695],[6.974563,50.93868],[6.974586,50.938683],[6.974598,50.938681],[6.974619,50.938624],[6.974568,50.938622],[6.97455,50.938678],[6.974545,50.938693],[6.974558,50.938695]]]},"properties":{"id":"DENW37AL100063QW","h":7.1,"min_z":44.5,"max_z":51.6}},{"type":"Feature","id":"DENW37AL1000642u","geometry":{"type":"Polygon","coordinates":[[[6.978158,50.935721],[6.978224,50.935717],[6.978212,50.93563],[6.978146,50.935633],[6.978153,50.935685],[6.978158,50.935721]]]},"properties":{"id":"DENW37AL1000642u","h":24.5,"min_z":44.8,"max_z":69.3}},{"type":"Feature","id":"DENW37AL1000650O","geometry":{"type":"Polygon","coordinates":[[[6.974473,50.935007],[6.974475,50.935062],[6.97461,50.935061],[6.974608,50.935006],[6.974473,50.935007]]]},"properties":{"id":"DENW37AL1000650O","h":15.3,"min_z":46.6,"max_z":61.9}},{"type":"Feature","id":"DENW37AL100063k1","geometry":{"type":"Polygon","coordinates":[[[6.978738,50.936558],[6.978794,50.93656],[6.978794,50.936568],[6.978828,50.936569],[6.978829,50.936561],[6.978878,50.936562],[6.978878,50.93657],[6.978934,50.936572],[6.978939,50.936517],[6.978943,50.936461],[6.978889,50.936459],[6.978889,50.936455],[6.97883,50.936452],[6.978829,50.936458],[6.978807,50.936457],[6.978807,50.936452],[6.978748,50.936449],[6.978747,50.936456],[6.978692,50.936454],[6.978687,50.936511],[6.978683,50.936565],[6.978737,50.936566],[6.978738,50.936558]]]},"properties":{"id":"DENW37AL100063k1","h":16.4,"min_z":45.7,"max_z":62.0}},{"type":"Feature","id":"DENW37AL1000676f","geometry":{"type":"Polygon","coordinates":[[[6.975434,50.935042],[6.975505,50.935049],[6.975522,50.93498],[6.975441,50.934971],[6.975434,50.935042]]]},"properties":{"id":"DENW37AL1000676f","h":4.4,"min_z":45.5,"max_z":50.0}},{"type":"Feature","id":"DENW37AL100065ju","geometry":{"type":"Polygon","coordinates":[[[6.974895,50.936348],[6.974891,50.936363],[6.974876,50.936362],[6.974872,50.936382],[6.974945,50.936387],[6.974942,50.936398],[6.975051,50.93641],[6.975063,50.936365],[6.975029,50.936362],[6.975026,50.936362],[6.974895,50.936348]]]},"properties":{"id":"DENW37AL100065ju","h":4.9,"min_z":44.9,"max_z":49.8}},{"type":"Feature","id":"DENW37AL10006yIC","geometry":{"type":"Polygon","coordinates":[[[6.975618,50.934506],[6.975618,50.934482],[6.975562,50.934482],[6.975562,50.934506],[6.975618,50.934506]]]},"properties":{"id":"DENW37AL10006yIC","h":3.7,"min_z":46.0,"max_z":49.7}},{"type":"Feature","id":"DENW37AL100074lk","geometry":{"type":"Polygon","coordinates":[[[6.972453,50.932715],[6.972474,50.932673],[6.972421,50.932662],[6.9724,50.932705],[6.972453,50.932715]]]},"properties":{"id":"DENW37AL100074lk","h":4.2,"min_z":46.0,"max_z":50.2}},{"type":"Feature","id":"DENW37AL100062fs","geometry":{"type":"Polygon","coordinates":[[[6.973701,50.933082],[6.973778,50.933136],[6.973822,50.933109],[6.973747,50.933057],[6.973701,50.933082]]]},"properties":{"id":"DENW37AL100062fs","h":3.5,"min_z":46.2,"max_z":49.7}},{"type":"Feature","id":"DENW37AL100065FC","geometry":{"type":"Polygon","coordinates":[[[6.975071,50.933776],[6.975071,50.933828],[6.975166,50.933854],[6.975164,50.933857],[6.975217,50.933872],[6.97525,50.933826],[6.975071,50.933776]]]},"properties":{"id":"DENW37AL100065FC","h":2.4,"min_z":45.7,"max_z":48.1}},{"type":"Feature","id":"DENW37AL100066Or","geometry":{"type":"Polygon","coordinates":[[[6.975466,50.936674],[6.975477,50.936676],[6.975476,50.936687],[6.975523,50.936689],[6.975525,50.936682],[6.975566,50.936604],[6.975614,50.936512],[6.975629,50.936476],[6.975574,50.936471],[6.975552,50.93647],[6.975466,50.936674]]]},"properties":{"id":"DENW37AL100066Or","h":3.7,"min_z":44.8,"max_z":48.4}},{"type":"Feature","id":"DENW37AL1000663U","geometry":{"type":"Polygon","coordinates":[[[6.97643,50.934508],[6.976438,50.934544],[6.976441,50.934559],[6.976556,50.934558],[6.976539,50.934497],[6.97643,50.934508]]]},"properties":{"id":"DENW37AL1000663U","h":3.3,"min_z":46.1,"max_z":49.4}},{"type":"Feature","id":"DENW37AL100065JY","geometry":{"type":"Polygon","coordinates":[[[6.971179,50.935016],[6.971183,50.935043],[6.971392,50.935024],[6.971386,50.935002],[6.971341,50.935005],[6.971179,50.935016]]]},"properties":{"id":"DENW37AL100065JY","h":10.2,"min_z":46.1,"max_z":56.3}},{"type":"Feature","id":"DENW37AL100063zQ","geometry":{"type":"Polygon","coordinates":[[[6.974236,50.936152],[6.974234,50.936124],[6.974157,50.936125],[6.974159,50.936154],[6.974236,50.936152]]]},"properties":{"id":"DENW37AL100063zQ","h":9.4,"min_z":45.3,"max_z":54.7}},{"type":"Feature","id":"DENW37AL2FE0006p","geometry":{"type":"Polygon","coordinates":[[[6.978594,50.935398],[6.97861,50.935532],[6.978777,50.935524],[6.978761,50.93539],[6.978594,50.935398]]]},"properties":{"id":"DENW37AL2FE0006p","h":4.6,"min_z":46.3,"max_z":51.0}},{"type":"Feature","id":"DENW37AL100062f3","geometry":{"type":"Polygon","coordinates":[[[6.978433,50.93197],[6.97847,50.932004],[6.978554,50.931971],[6.978518,50.931934],[6.978497,50.931943],[6.978433,50.93197]]]},"properties":{"id":"DENW37AL100062f3","h":3.9,"min_z":46.4,"max_z":50.4}},{"type":"Feature","id":"DENW37AL100065U8","geometry":{"type":"Polygon","coordinates":[[[6.974066,50.937495],[6.973989,50.937572],[6.974089,50.937675],[6.974252,50.937512],[6.974081,50.937497],[6.974066,50.937495]]]},"properties":{"id":"DENW37AL100065U8","h":16.5,"min_z":45.1,"max_z":61.6}},{"type":"Feature","id":"DENW37AL100065Ur","geometry":{"type":"Polygon","coordinates":[[[6.974885,50.934516],[6.974885,50.934598],[6.974973,50.934597],[6.974973,50.934514],[6.974973,50.934506],[6.974885,50.934506],[6.974885,50.934516]]]},"properties":{"id":"DENW37AL100065Ur","h":15.2,"min_z":46.4,"max_z":61.7}},{"type":"Feature","id":"DENW37AL100065Av","geometry":{"type":"Polygon","coordinates":[[[6.974921,50.937571],[6.974916,50.937605],[6.974932,50.937606],[6.975034,50.937612],[6.97504,50.937579],[6.974921,50.937571]]]},"properties":{"id":"DENW37AL100065Av","h":5.8,"min_z":45.0,"max_z":50.8}},{"type":"Feature","id":"DENW37AL100066Ag","geometry":{"type":"Polygon","coordinates":[[[6.971587,50.933894],[6.971563,50.933893],[6.97156,50.933936],[6.971599,50.933937],[6.971599,50.933926],[6.971608,50.933926],[6.971612,50.933924],[6.971613,50.933894],[6.971587,50.933894]]]},"properties":{"id":"DENW37AL100066Ag","h":9.8,"min_z":46.7,"max_z":56.5}},{"type":"Feature","id":"DENW37AL100064iD","geometry":{"type":"Polygon","coordinates":[[[6.973419,50.937074],[6.973416,50.937276],[6.973484,50.937276],[6.973496,50.937276],[6.9736,50.937276],[6.973601,50.937072],[6.973419,50.937074]]]},"properties":{"id":"DENW37AL100064iD","h":15.4,"min_z":45.4,"max_z":60.8}},{"type":"Feature","id":"DENW37AL25d00051","geometry":{"type":"Polygon","coordinates":[[[6.972259,50.938341],[6.972257,50.938345],[6.972196,50.938421],[6.972227,50.938427],[6.972228,50.938447],[6.972291,50.938441],[6.972345,50.938366],[6.972287,50.938349],[6.972259,50.938341]]]},"properties":{"id":"DENW37AL25d00051","h":16.1,"min_z":45.3,"max_z":61.4}},{"type":"Feature","id":"DENW37AL100064XA","geometry":{"type":"Polygon","coordinates":[[[6.97822,50.937666],[6.978221,50.937879],[6.97839,50.937875],[6.978387,50.937665],[6.97822,50.937666]]]},"properties":{"id":"DENW37AL100064XA","h":24.0,"min_z":45.0,"max_z":69.0}},{"type":"Feature","id":"DENW37AL100065MF","geometry":{"type":"Polygon","coordinates":[[[6.972956,50.933661],[6.972913,50.933577],[6.97285,50.9336],[6.972784,50.933623],[6.972811,50.933677],[6.972858,50.933823],[6.972932,50.933813],[6.973002,50.933804],[6.972983,50.933745],[6.972956,50.933661]]]},"properties":{"id":"DENW37AL100065MF","h":13.3,"min_z":46.2,"max_z":59.5}},{"type":"Feature","id":"DENW37AL100065TL","geometry":{"type":"Polygon","coordinates":[[[6.977288,50.937889],[6.97729,50.937898],[6.977308,50.937993],[6.977556,50.937975],[6.977538,50.937875],[6.977537,50.93787],[6.977288,50.937889]]]},"properties":{"id":"DENW37AL100065TL","h":24.1,"min_z":45.4,"max_z":69.5}},{"type":"Feature","id":"DENW37AL1000655I","geometry":{"type":"Polygon","coordinates":[[[6.973483,50.935776],[6.973631,50.935781],[6.973633,50.935759],[6.973637,50.935718],[6.973489,50.935712],[6.973483,50.935776]]]},"properties":{"id":"DENW37AL1000655I","h":17.2,"min_z":45.7,"max_z":62.9}},{"type":"Feature","id":"DENW37AL10006yHQ","geometry":{"type":"Polygon","coordinates":[[[6.974231,50.936566],[6.974231,50.936582],[6.97423,50.936606],[6.974269,50.936607],[6.974271,50.936567],[6.974231,50.936566]]]},"properties":{"id":"DENW37AL10006yHQ","h":7.5,"min_z":45.1,"max_z":52.6}},{"type":"Feature","id":"DENW37AL100063M8","geometry":{"type":"Polygon","coordinates":[[[6.973177,50.938464],[6.973271,50.938502],[6.973378,50.938394],[6.973329,50.938375],[6.973282,50.938358],[6.973177,50.938464]]]},"properties":{"id":"DENW37AL100063M8","h":15.7,"min_z":44.8,"max_z":60.5}},{"type":"Feature","id":"DENW37AL100065gZ","geometry":{"type":"Polygon","coordinates":[[[6.974849,50.93428],[6.974853,50.934367],[6.974884,50.934367],[6.974948,50.934366],[6.974948,50.93428],[6.974849,50.93428]]]},"properties":{"id":"DENW37AL100065gZ","h":3.1,"min_z":46.7,"max_z":49.8}},{"type":"Feature","id":"DENW37AL100063no","geometry":{"type":"Polygon","coordinates":[[[6.973374,50.934958],[6.97343,50.934951],[6.973405,50.934869],[6.97335,50.934876],[6.973374,50.934958]]]},"properties":{"id":"DENW37AL100063no","h":14.7,"min_z":46.7,"max_z":61.4}},{"type":"Feature","id":"DENW37AL100065rb","geometry":{"type":"Polygon","coordinates":[[[6.971386,50.935002],[6.971392,50.935024],[6.971402,50.935064],[6.971533,50.935052],[6.971547,50.935051],[6.971531,50.93499],[6.971386,50.935002]]]},"properties":{"id":"DENW37AL100065rb","h":15.4,"min_z":45.8,"max_z":61.2}},{"type":"Feature","id":"DENW37AL100065Rb","geometry":{"type":"Polygon","coordinates":[[[6.973019,50.934666],[6.973014,50.934664],[6.972785,50.934695],[6.972806,50.934757],[6.972849,50.934751],[6.972846,50.934741],[6.972901,50.934734],[6.972904,50.934744],[6.973019,50.934666]]]},"properties":{"id":"DENW37AL100065Rb","h":15.3,"min_z":46.5,"max_z":61.8}},{"type":"Feature","id":"DENW37AL100063qG","geometry":{"type":"Polygon","coordinates":[[[6.978323,50.937444],[6.97835,50.937445],[6.978349,50.937488],[6.978366,50.937488],[6.978441,50.937489],[6.978444,50.937421],[6.978444,50.937419],[6.978445,50.937408],[6.978326,50.937404],[6.978323,50.937444]]]},"properties":{"id":"DENW37AL100063qG","h":4.2,"min_z":45.3,"max_z":49.5}},{"type":"Feature","id":"DENW37AL100064vG","geometry":{"type":"Polygon","coordinates":[[[6.977089,50.938292],[6.977125,50.938398],[6.977188,50.93839],[6.977183,50.938367],[6.977238,50.93836],[6.977245,50.938382],[6.977359,50.938367],[6.97734,50.93831],[6.977278,50.938318],[6.977262,50.93827],[6.97722,50.938275],[6.977158,50.938283],[6.977089,50.938292]]]},"properties":{"id":"DENW37AL100064vG","h":19.5,"min_z":45.2,"max_z":64.7}},{"type":"Feature","id":"DENW37AL1000654e","geometry":{"type":"Polygon","coordinates":[[[6.978214,50.937308],[6.978218,50.937542],[6.978348,50.937541],[6.978349,50.937498],[6.978349,50.937488],[6.97835,50.937445],[6.978323,50.937444],[6.978326,50.937404],[6.978445,50.937408],[6.978455,50.937319],[6.978317,50.937312],[6.978222,50.937308],[6.978214,50.937308]]]},"properties":{"id":"DENW37AL1000654e","h":23.1,"min_z":45.4,"max_z":68.5}},{"type":"Feature","id":"DENW37ALZu0000Fw","geometry":{"type":"Polygon","coordinates":[[[6.975051,50.93641],[6.975106,50.936417],[6.975121,50.936371],[6.975063,50.936365],[6.975051,50.93641]]]},"properties":{"id":"DENW37ALZu0000Fw","h":4.7,"min_z":44.9,"max_z":49.6}},{"type":"Feature","id":"DENW37AL100064Yo","geometry":{"type":"Polygon","coordinates":[[[6.974107,50.938032],[6.974191,50.938038],[6.974197,50.937932],[6.974118,50.937901],[6.974107,50.938032]]]},"properties":{"id":"DENW37AL100064Yo","h":2.5,"min_z":45.1,"max_z":47.6}},{"type":"Feature","id":"DENW37AL1000658T","geometry":{"type":"Polygon","coordinates":[[[6.973771,50.936217],[6.973772,50.936192],[6.973602,50.936191],[6.973601,50.936216],[6.973615,50.936216],[6.973771,50.936217]]]},"properties":{"id":"DENW37AL1000658T","h":16.2,"min_z":45.2,"max_z":61.4}},{"type":"Feature","id":"DENW37AL100063sV","geometry":{"type":"Polygon","coordinates":[[[6.976456,50.931816],[6.976543,50.93188],[6.97665,50.931822],[6.976565,50.93176],[6.976456,50.931816]]]},"properties":{"id":"DENW37AL100063sV","h":12.8,"min_z":45.7,"max_z":58.5}},{"type":"Feature","id":"DENW37AL100063z1","geometry":{"type":"Polygon","coordinates":[[[6.973919,50.938607],[6.973877,50.938601],[6.973863,50.938646],[6.973849,50.938688],[6.973933,50.938699],[6.973948,50.938657],[6.973963,50.938616],[6.973964,50.938613],[6.973919,50.938607]]]},"properties":{"id":"DENW37AL100063z1","h":16.4,"min_z":44.7,"max_z":61.0}},{"type":"Feature","id":"DENW37AL100066aj","geometry":{"type":"Polygon","coordinates":[[[6.977222,50.937904],[6.977227,50.937929],[6.977192,50.937932],[6.977171,50.937821],[6.977023,50.937833],[6.977054,50.938011],[6.977308,50.937993],[6.97729,50.937898],[6.977222,50.937904]]]},"properties":{"id":"DENW37AL100066aj","h":22.2,"min_z":44.3,"max_z":66.6}},{"type":"Feature","id":"DENW37AL100066jt","geometry":{"type":"Polygon","coordinates":[[[6.977262,50.936443],[6.977246,50.93645],[6.977238,50.936511],[6.977271,50.936513],[6.977443,50.936522],[6.97745,50.936478],[6.977405,50.936476],[6.977407,50.936458],[6.977414,50.936458],[6.977415,50.936451],[6.977262,50.936443]]]},"properties":{"id":"DENW37AL100066jt","h":20.0,"min_z":45.8,"max_z":65.7}},{"type":"Feature","id":"DENW37AL100064T0","geometry":{"type":"Polygon","coordinates":[[[6.975202,50.936385],[6.975198,50.936399],[6.975191,50.936426],[6.975201,50.936427],[6.975344,50.936443],[6.975356,50.936402],[6.975202,50.936385]]]},"properties":{"id":"DENW37AL100064T0","h":17.5,"min_z":45.0,"max_z":62.5}},{"type":"Feature","id":"DENW37AL100066IL","geometry":{"type":"Polygon","coordinates":[[[6.972866,50.937616],[6.972874,50.937659],[6.973004,50.937652],[6.972999,50.937623],[6.972997,50.937607],[6.972866,50.937616]]]},"properties":{"id":"DENW37AL100066IL","h":3.7,"min_z":44.8,"max_z":48.6}},{"type":"Feature","id":"DENW37AL100064qC","geometry":{"type":"Polygon","coordinates":[[[6.976024,50.930546],[6.975907,50.930492],[6.975888,50.930484],[6.975809,50.930554],[6.975948,50.930615],[6.976024,50.930546]]]},"properties":{"id":"DENW37AL100064qC","h":16.9,"min_z":46.5,"max_z":63.4}},{"type":"Feature","id":"DENW37AL10006602","geometry":{"type":"Polygon","coordinates":[[[6.978943,50.932912],[6.978946,50.932916],[6.979017,50.93301],[6.979097,50.932986],[6.979122,50.933014],[6.979293,50.932962],[6.97923,50.932877],[6.979199,50.932835],[6.979001,50.932895],[6.978943,50.932912]]]},"properties":{"id":"DENW37AL10006602","h":16.5,"min_z":46.0,"max_z":62.5}},{"type":"Feature","id":"DENW37AL100064VV","geometry":{"type":"Polygon","coordinates":[[[6.973918,50.933502],[6.973898,50.933544],[6.973964,50.933558],[6.973964,50.933558],[6.973984,50.933563],[6.974001,50.933523],[6.974018,50.933485],[6.973936,50.933462],[6.973918,50.933502]]]},"properties":{"id":"DENW37AL100064VV","h":16.3,"min_z":45.8,"max_z":62.1}},{"type":"Feature","id":"DENW37AL2kl0005l","geometry":{"type":"Polygon","coordinates":[[[6.972439,50.934412],[6.972268,50.934418],[6.972274,50.934474],[6.972655,50.93446],[6.97265,50.934405],[6.972595,50.934406],[6.972439,50.934412]]]},"properties":{"id":"DENW37AL2kl0005l","h":2.5,"min_z":46.5,"max_z":49.0}},{"type":"Feature","id":"DENW37AL1000658R","geometry":{"type":"Polygon","coordinates":[[[6.977182,50.931407],[6.977167,50.93139],[6.977065,50.931428],[6.977079,50.931444],[6.977089,50.931455],[6.977192,50.931418],[6.977182,50.931407]]]},"properties":{"id":"DENW37AL1000658R","h":11.0,"min_z":46.4,"max_z":57.4}},{"type":"Feature","id":"DENW37AL100063wX","geometry":{"type":"Polygon","coordinates":[[[6.971547,50.934101],[6.971546,50.934108],[6.971542,50.934149],[6.971594,50.93415],[6.971633,50.934152],[6.971637,50.934111],[6.97164,50.934069],[6.97155,50.934067],[6.971547,50.934101]]]},"properties":{"id":"DENW37AL100063wX","h":14.9,"min_z":46.3,"max_z":61.2}},{"type":"Feature","id":"DENW37AL100063ff","geometry":{"type":"Polygon","coordinates":[[[6.972207,50.934167],[6.972332,50.93417],[6.972336,50.934091],[6.972212,50.934087],[6.972207,50.934167]]]},"properties":{"id":"DENW37AL100063ff","h":15.1,"min_z":46.4,"max_z":61.5}},{"type":"Feature","id":"DENW37AL10006yEp","geometry":{"type":"Polygon","coordinates":[[[6.971684,50.935643],[6.971769,50.935634],[6.971762,50.935554],[6.971671,50.935562],[6.971684,50.935643]]]},"properties":{"id":"DENW37AL10006yEp","h":3.5,"min_z":45.3,"max_z":48.9}},{"type":"Feature","id":"DENW37AL100066TM","geometry":{"type":"Polygon","coordinates":[[[6.971723,50.935684],[6.971739,50.935738],[6.971744,50.935768],[6.971963,50.935743],[6.971956,50.935716],[6.971941,50.935657],[6.971883,50.935665],[6.971723,50.935684]]]},"properties":{"id":"DENW37AL100066TM","h":4.3,"min_z":45.9,"max_z":50.1}},{"type":"Feature","id":"DENW37AL100064rE","geometry":{"type":"Polygon","coordinates":[[[6.972263,50.933155],[6.972254,50.933168],[6.972254,50.933168],[6.972271,50.933174],[6.972275,50.933169],[6.972276,50.933167],[6.97228,50.93316],[6.972263,50.933155]]]},"properties":{"id":"DENW37AL100064rE","h":16.4,"min_z":45.9,"max_z":62.3}},{"type":"Feature","id":"DENW37AL100065rw","geometry":{"type":"Polygon","coordinates":[[[6.977425,50.936681],[6.977437,50.936682],[6.977441,50.936653],[6.97743,50.936652],[6.977425,50.936681]]]},"properties":{"id":"DENW37AL100065rw","h":22.1,"min_z":45.4,"max_z":67.6}},{"type":"Feature","id":"DENW37AL10006443","geometry":{"type":"Polygon","coordinates":[[[6.977621,50.937726],[6.977623,50.937802],[6.977638,50.937801],[6.977639,50.937868],[6.977641,50.937969],[6.977796,50.937959],[6.977793,50.937724],[6.977716,50.937725],[6.977621,50.937726]]]},"properties":{"id":"DENW37AL10006443","h":24.0,"min_z":45.6,"max_z":69.6}},{"type":"Feature","id":"DENW37AL100065pc","geometry":{"type":"Polygon","coordinates":[[[6.978326,50.932064],[6.978274,50.932087],[6.978377,50.932179],[6.978429,50.932155],[6.978326,50.932064]]]},"properties":{"id":"DENW37AL100065pc","h":2.2,"min_z":46.7,"max_z":48.9}},{"type":"Feature","id":"DENW37AL3qf0005R","geometry":{"type":"Polygon","coordinates":[[[6.974756,50.93857],[6.974762,50.938517],[6.974669,50.938511],[6.974663,50.938566],[6.974756,50.93857]]]},"properties":{"id":"DENW37AL3qf0005R","h":3.0,"min_z":44.6,"max_z":47.7}},{"type":"Feature","id":"DENW37AL100074Vg","geometry":{"type":"Polygon","coordinates":[[[6.975205,50.930994],[6.975255,50.931016],[6.975269,50.931003],[6.975218,50.930981],[6.975205,50.930994]]]},"properties":{"id":"DENW37AL100074Vg","h":15.4,"min_z":46.7,"max_z":62.1}},{"type":"Feature","id":"DENW37AL100074aa","geometry":{"type":"Polygon","coordinates":[[[6.977519,50.930462],[6.977515,50.93046],[6.977489,50.930486],[6.977534,50.930501],[6.977554,50.93049],[6.977566,50.930483],[6.977523,50.930458],[6.977519,50.930462]]]},"properties":{"id":"DENW37AL100074aa","h":2.6,"min_z":45.7,"max_z":48.3}},{"type":"Feature","id":"DENW37AL1000671q","geometry":{"type":"Polygon","coordinates":[[[6.976763,50.937766],[6.976398,50.937786],[6.9764,50.937804],[6.976414,50.937903],[6.976689,50.937889],[6.976779,50.937884],[6.976776,50.937864],[6.976763,50.937766]]]},"properties":{"id":"DENW37AL1000671q","h":7.0,"min_z":44.2,"max_z":51.2}},{"type":"Feature","id":"DENW37AL100064vK","geometry":{"type":"Polygon","coordinates":[[[6.976005,50.931687],[6.975937,50.931725],[6.975971,50.93175],[6.97599,50.931764],[6.97606,50.931726],[6.976023,50.9317],[6.976005,50.931687]]]},"properties":{"id":"DENW37AL100064vK","h":2.6,"min_z":46.4,"max_z":49.0}},{"type":"Feature","id":"DENW37AL100063Tj","geometry":{"type":"Polygon","coordinates":[[[6.974484,50.936483],[6.974486,50.936545],[6.974603,50.936547],[6.974608,50.936482],[6.974596,50.936482],[6.974513,50.936483],[6.974484,50.936483]]]},"properties":{"id":"DENW37AL100063Tj","h":9.1,"min_z":45.1,"max_z":54.1}},{"type":"Feature","id":"DENW37AL100063eR","geometry":{"type":"Polygon","coordinates":[[[6.975104,50.934277],[6.97519,50.934277],[6.975189,50.934203],[6.975189,50.934173],[6.975106,50.934174],[6.975104,50.934277]]]},"properties":{"id":"DENW37AL100063eR","h":18.3,"min_z":46.3,"max_z":64.6}},{"type":"Feature","id":"DENW37AL100064QN","geometry":{"type":"Polygon","coordinates":[[[6.97498,50.933751],[6.97498,50.933844],[6.974981,50.933847],[6.974981,50.933856],[6.975071,50.933856],[6.975071,50.933828],[6.975071,50.933776],[6.97498,50.933751]]]},"properties":{"id":"DENW37AL100064QN","h":3.3,"min_z":45.7,"max_z":49.0}},{"type":"Feature","id":"DENW37AL100064wJ","geometry":{"type":"Polygon","coordinates":[[[6.975503,50.936771],[6.975594,50.936777],[6.97561,50.936688],[6.975525,50.936682],[6.975523,50.936689],[6.975503,50.936771]]]},"properties":{"id":"DENW37AL100064wJ","h":20.6,"min_z":44.7,"max_z":65.3}},{"type":"Feature","id":"DENW37AL100065vf","geometry":{"type":"Polygon","coordinates":[[[6.976976,50.933114],[6.977056,50.933202],[6.977183,50.933161],[6.977169,50.933145],[6.977228,50.933123],[6.977154,50.933047],[6.976976,50.933114]]]},"properties":{"id":"DENW37AL100065vf","h":20.0,"min_z":46.1,"max_z":66.1}},{"type":"Feature","id":"DENW37AL10006yIg","geometry":{"type":"Polygon","coordinates":[[[6.977525,50.931436],[6.977554,50.931467],[6.977653,50.931431],[6.977625,50.9314],[6.977575,50.931418],[6.977525,50.931436]]]},"properties":{"id":"DENW37AL10006yIg","h":3.3,"min_z":46.4,"max_z":49.7}},{"type":"Feature","id":"DENW37AL1000663s","geometry":{"type":"Polygon","coordinates":[[[6.978503,50.933501],[6.978711,50.933439],[6.978643,50.933344],[6.978434,50.933407],[6.978503,50.933501]]]},"properties":{"id":"DENW37AL1000663s","h":17.2,"min_z":45.8,"max_z":62.9}},{"type":"Feature","id":"DENW37AL100064hn","geometry":{"type":"Polygon","coordinates":[[[6.978205,50.932623],[6.97815,50.932645],[6.978157,50.932652],[6.97811,50.932671],[6.978103,50.932665],[6.978053,50.932685],[6.978059,50.932691],[6.978012,50.93271],[6.978054,50.932751],[6.978089,50.932787],[6.978135,50.932768],[6.978142,50.932775],[6.978171,50.932764],[6.978167,50.93276],[6.978229,50.932735],[6.978259,50.932723],[6.978263,50.932726],[6.978294,50.932714],[6.978287,50.932707],[6.97833,50.93269],[6.978295,50.932655],[6.978253,50.932613],[6.978212,50.93263],[6.978205,50.932623]]]},"properties":{"id":"DENW37AL100064hn","h":17.6,"min_z":46.0,"max_z":63.6}},{"type":"Feature","id":"DENW37AL1000641k","geometry":{"type":"Polygon","coordinates":[[[6.973055,50.938022],[6.973015,50.938075],[6.973055,50.938087],[6.973095,50.938034],[6.973055,50.938022]]]},"properties":{"id":"DENW37AL1000641k","h":3.8,"min_z":44.9,"max_z":48.7}},{"type":"Feature","id":"DENW37AL100064tu","geometry":{"type":"Polygon","coordinates":[[[6.977097,50.936862],[6.977273,50.936873],[6.97728,50.936831],[6.977283,50.936811],[6.977286,50.936798],[6.977294,50.93675],[6.977255,50.936747],[6.97724,50.936758],[6.977239,50.936766],[6.977179,50.936763],[6.977181,50.936746],[6.977117,50.936742],[6.977107,50.9368],[6.977104,50.93682],[6.977097,50.936862]]]},"properties":{"id":"DENW37AL100064tu","h":22.1,"min_z":45.2,"max_z":67.4}},{"type":"Feature","id":"DENW37AL10006yGH","geometry":{"type":"Polygon","coordinates":[[[6.97751,50.938703],[6.977556,50.938836],[6.977591,50.938831],[6.977642,50.938824],[6.977598,50.938691],[6.97751,50.938703]]]},"properties":{"id":"DENW37AL10006yGH","h":3.3,"min_z":45.2,"max_z":48.6}},{"type":"Feature","id":"DENW37ALY40000En","geometry":{"type":"Polygon","coordinates":[[[6.975798,50.938068],[6.975878,50.938025],[6.975737,50.937912],[6.975651,50.937959],[6.975798,50.938068]]]},"properties":{"id":"DENW37ALY40000En","h":4.3,"min_z":44.3,"max_z":48.6}},{"type":"Feature","id":"DENW37AL100065K9","geometry":{"type":"Polygon","coordinates":[[[6.975827,50.937324],[6.975794,50.937322],[6.975786,50.937378],[6.975819,50.93738],[6.975827,50.937324]]]},"properties":{"id":"DENW37AL100065K9","h":4.3,"min_z":44.9,"max_z":49.3}},{"type":"Feature","id":"DENW37AL100064Fj","geometry":{"type":"Polygon","coordinates":[[[6.974298,50.936012],[6.974227,50.936015],[6.974229,50.936045],[6.97423,50.93606],[6.974231,50.93607],[6.9743,50.936068],[6.974369,50.936066],[6.974369,50.93601],[6.974298,50.936012]]]},"properties":{"id":"DENW37AL100064Fj","h":18.4,"min_z":45.3,"max_z":63.7}},{"type":"Feature","id":"DENW37AL100064gi","geometry":{"type":"Polygon","coordinates":[[[6.975712,50.937216],[6.975709,50.937239],[6.975706,50.937262],[6.975701,50.937287],[6.975696,50.937317],[6.975745,50.937319],[6.975794,50.937322],[6.975827,50.937324],[6.975829,50.937326],[6.975845,50.937224],[6.975815,50.937222],[6.975712,50.937216]]]},"properties":{"id":"DENW37AL100064gi","h":3.6,"min_z":44.8,"max_z":48.4}},{"type":"Feature","id":"DENW37AL100064uO","geometry":{"type":"Polygon","coordinates":[[[6.971509,50.934547],[6.971491,50.934517],[6.971472,50.93452],[6.971482,50.934536],[6.971491,50.934551],[6.971509,50.934547],[6.971509,50.934547],[6.971509,50.934547]]]},"properties":{"id":"DENW37AL100064uO","h":15.0,"min_z":46.5,"max_z":61.5}},{"type":"Feature","id":"DENW37AL100066e8","geometry":{"type":"Polygon","coordinates":[[[6.973961,50.933975],[6.973963,50.934024],[6.974074,50.934023],[6.974073,50.933973],[6.973961,50.933975]]]},"properties":{"id":"DENW37AL100066e8","h":2.7,"min_z":46.9,"max_z":49.7}},{"type":"Feature","id":"DENW37AL30000oJ2","geometry":{"type":"Polygon","coordinates":[[[6.976368,50.934514],[6.976378,50.93455],[6.97638,50.934559],[6.976441,50.934559],[6.97643,50.934508],[6.976368,50.934514]]]},"properties":{"id":"DENW37AL30000oJ2","h":3.3,"min_z":46.1,"max_z":49.4}},{"type":"Feature","id":"DENW37AL100074Ga","geometry":{"type":"Polygon","coordinates":[[[6.971433,50.933918],[6.971433,50.933929],[6.971477,50.933929],[6.971478,50.933919],[6.971451,50.933918],[6.971433,50.933918]]]},"properties":{"id":"DENW37AL100074Ga","h":11.0,"min_z":46.5,"max_z":57.5}},{"type":"Feature","id":"DENW37AL1000661B","geometry":{"type":"Polygon","coordinates":[[[6.971966,50.935147],[6.971973,50.935177],[6.972014,50.935174],[6.972062,50.935171],[6.972046,50.935105],[6.971999,50.935112],[6.971942,50.935122],[6.971948,50.935148],[6.971966,50.935147]]]},"properties":{"id":"DENW37AL1000661B","h":11.0,"min_z":45.9,"max_z":56.9}},{"type":"Feature","id":"DENW37AL3qP000Fa","geometry":{"type":"Polygon","coordinates":[[[6.968746,50.938249],[6.968762,50.938217],[6.968689,50.938203],[6.968672,50.938236],[6.968746,50.938249]]]},"properties":{"id":"DENW37AL3qP000Fa","h":9.3,"min_z":45.5,"max_z":54.8}},{"type":"Feature","id":"DENW37AL100066U4","geometry":{"type":"Polygon","coordinates":[[[6.973908,50.937035],[6.973908,50.937104],[6.974055,50.937105],[6.974055,50.937057],[6.974055,50.937035],[6.973908,50.937035]]]},"properties":{"id":"DENW37AL100066U4","h":4.5,"min_z":45.4,"max_z":49.9}},{"type":"Feature","id":"DENW37AL100064hH","geometry":{"type":"Polygon","coordinates":[[[6.97847,50.932004],[6.978552,50.932076],[6.978629,50.932046],[6.978554,50.931971],[6.97847,50.932004]]]},"properties":{"id":"DENW37AL100064hH","h":3.0,"min_z":46.4,"max_z":49.4}},{"type":"Feature","id":"DENW37AL100065Xw","geometry":{"type":"Polygon","coordinates":[[[6.972704,50.934103],[6.972729,50.934181],[6.97273,50.934186],[6.97286,50.934168],[6.972844,50.93412],[6.972821,50.934107],[6.972704,50.934103]]]},"properties":{"id":"DENW37AL100065Xw","h":15.8,"min_z":46.4,"max_z":62.1}},{"type":"Feature","id":"DENW37AL100063Rq","geometry":{"type":"Polygon","coordinates":[[[6.975464,50.938538],[6.975464,50.938535],[6.975466,50.93852],[6.975357,50.938515],[6.975344,50.938582],[6.97538,50.938585],[6.975406,50.93857],[6.975464,50.938538]]]},"properties":{"id":"DENW37AL100063Rq","h":1.8,"min_z":44.4,"max_z":46.2}},{"type":"Feature","id":"DENW37AL100063Zz","geometry":{"type":"Polygon","coordinates":[[[6.974475,50.935062],[6.974476,50.935119],[6.974611,50.93512],[6.97461,50.935061],[6.974475,50.935062]]]},"properties":{"id":"DENW37AL100063Zz","h":13.7,"min_z":46.5,"max_z":60.3}},{"type":"Feature","id":"DENW37AL100064yI","geometry":{"type":"Polygon","coordinates":[[[6.97424,50.931037],[6.974393,50.931106],[6.974483,50.931025],[6.974457,50.931013],[6.974518,50.93096],[6.974393,50.930905],[6.97424,50.931037]]]},"properties":{"id":"DENW37AL100064yI","h":20.0,"min_z":46.0,"max_z":66.0}},{"type":"Feature","id":"DENW37AL100063xI","geometry":{"type":"Polygon","coordinates":[[[6.971539,50.935156],[6.971556,50.935233],[6.971639,50.935226],[6.971623,50.935148],[6.971557,50.935154],[6.971539,50.935156]]]},"properties":{"id":"DENW37AL100063xI","h":2.1,"min_z":44.5,"max_z":46.5}},{"type":"Feature","id":"DENW37AL100064St","geometry":{"type":"Polygon","coordinates":[[[6.974731,50.938681],[6.974749,50.93863],[6.974681,50.938621],[6.974663,50.938671],[6.974681,50.938699],[6.974676,50.938711],[6.974718,50.938718],[6.974731,50.938681]]]},"properties":{"id":"DENW37AL100064St","h":3.1,"min_z":44.4,"max_z":47.5}},{"type":"Feature","id":"DENW37AL100064jy","geometry":{"type":"Polygon","coordinates":[[[6.977984,50.933622],[6.978145,50.933573],[6.978074,50.93348],[6.977916,50.933528],[6.977984,50.933622]]]},"properties":{"id":"DENW37AL100064jy","h":18.9,"min_z":45.9,"max_z":64.9}},{"type":"Feature","id":"DENW37AL100065rU","geometry":{"type":"Polygon","coordinates":[[[6.975463,50.93303],[6.975699,50.933105],[6.975703,50.933099],[6.975702,50.933098],[6.975636,50.933078],[6.975467,50.933025],[6.975463,50.93303]]]},"properties":{"id":"DENW37AL100065rU","h":21.8,"min_z":45.8,"max_z":67.6}},{"type":"Feature","id":"DENW37AL100063ZB","geometry":{"type":"Polygon","coordinates":[[[6.973602,50.936341],[6.973758,50.936346],[6.973761,50.936309],[6.973624,50.936305],[6.973614,50.936311],[6.973605,50.936311],[6.973602,50.936341]]]},"properties":{"id":"DENW37AL100063ZB","h":16.8,"min_z":45.1,"max_z":62.0}},{"type":"Feature","id":"DENW37AL100066CR","geometry":{"type":"Polygon","coordinates":[[[6.974746,50.931267],[6.974918,50.931345],[6.975007,50.931265],[6.974836,50.931187],[6.974746,50.931267]]]},"properties":{"id":"DENW37AL100066CR","h":20.0,"min_z":46.1,"max_z":66.0}},{"type":"Feature","id":"DENW37AL100064g9","geometry":{"type":"Polygon","coordinates":[[[6.971063,50.932952],[6.971056,50.933009],[6.971204,50.93302],[6.971211,50.932966],[6.97119,50.932959],[6.971063,50.932952]]]},"properties":{"id":"DENW37AL100064g9","h":15.2,"min_z":45.6,"max_z":60.7}},{"type":"Feature","id":"DENW37AL100064Yv","geometry":{"type":"Polygon","coordinates":[[[6.975064,50.934596],[6.975064,50.934551],[6.975064,50.934514],[6.975017,50.934514],[6.974973,50.934514],[6.974973,50.934597],[6.975064,50.934596]]]},"properties":{"id":"DENW37AL100064Yv","h":15.3,"min_z":46.3,"max_z":61.6}},{"type":"Feature","id":"DENW37AL100065p6","geometry":{"type":"Polygon","coordinates":[[[6.975015,50.936546],[6.974908,50.936542],[6.974907,50.936544],[6.974882,50.936618],[6.974882,50.936623],[6.975058,50.936633],[6.975083,50.936554],[6.975066,50.936552],[6.975015,50.936546]]]},"properties":{"id":"DENW37AL100065p6","h":4.2,"min_z":44.9,"max_z":49.1}},{"type":"Feature","id":"DENW37AL100065Jy","geometry":{"type":"Polygon","coordinates":[[[6.974951,50.935106],[6.974967,50.935107],[6.974971,50.935069],[6.974955,50.935068],[6.974951,50.935106]]]},"properties":{"id":"DENW37AL100065Jy","h":2.1,"min_z":46.5,"max_z":48.6}},{"type":"Feature","id":"DENW37AL100068tF","geometry":{"type":"Polygon","coordinates":[[[6.97641,50.937101],[6.976414,50.9371],[6.976386,50.937067],[6.976376,50.937066],[6.976371,50.937096],[6.976369,50.937111],[6.976361,50.937159],[6.976272,50.937155],[6.976264,50.937213],[6.976255,50.93728],[6.976429,50.937285],[6.97644,50.937246],[6.976441,50.937241],[6.976453,50.937163],[6.976443,50.937162],[6.976406,50.937119],[6.97641,50.937101]]]},"properties":{"id":"DENW37AL100068tF","h":4.0,"min_z":44.4,"max_z":48.4}},{"type":"Feature","id":"DENW37AL100063ww","geometry":{"type":"Polygon","coordinates":[[[6.97511,50.93365],[6.975338,50.933713],[6.975403,50.933615],[6.975358,50.933603],[6.975363,50.933596],[6.975234,50.933559],[6.97523,50.933564],[6.975182,50.933551],[6.97511,50.93365]]]},"properties":{"id":"DENW37AL100063ww","h":18.6,"min_z":45.7,"max_z":64.3}},{"type":"Feature","id":"DENW37AL100074hh","geometry":{"type":"Polygon","coordinates":[[[6.973194,50.93422],[6.973186,50.934193],[6.97318,50.93419],[6.973163,50.934191],[6.97317,50.934217],[6.973176,50.934236],[6.973191,50.934234],[6.973188,50.934221],[6.973194,50.93422]]]},"properties":{"id":"DENW37AL100074hh","h":13.2,"min_z":46.7,"max_z":59.9}},{"type":"Feature","id":"DENW37AL100065BW","geometry":{"type":"Polygon","coordinates":[[[6.977757,50.934424],[6.977787,50.934527],[6.977957,50.934509],[6.97793,50.934406],[6.977915,50.934407],[6.977757,50.934424]]]},"properties":{"id":"DENW37AL100065BW","h":20.6,"min_z":46.0,"max_z":66.5}},{"type":"Feature","id":"DENW37AL100065kE","geometry":{"type":"Polygon","coordinates":[[[6.973716,50.938553],[6.97376,50.938559],[6.973777,50.938513],[6.973757,50.93851],[6.973754,50.938519],[6.97373,50.938515],[6.973716,50.938553]]]},"properties":{"id":"DENW37AL100065kE","h":4.1,"min_z":45.0,"max_z":49.1}},{"type":"Feature","id":"DENW37AL100064ah","geometry":{"type":"Polygon","coordinates":[[[6.973581,50.938017],[6.973558,50.938039],[6.973685,50.938089],[6.973712,50.938063],[6.973761,50.938014],[6.973756,50.938012],[6.973644,50.937967],[6.973635,50.937964],[6.973581,50.938017]]]},"properties":{"id":"DENW37AL100064ah","h":16.1,"min_z":45.0,"max_z":61.0}},{"type":"Feature","id":"DENW37AL100074KF","geometry":{"type":"Polygon","coordinates":[[[6.976522,50.931891],[6.976598,50.931948],[6.976612,50.931941],[6.976536,50.931884],[6.976522,50.931891]]]},"properties":{"id":"DENW37AL100074KF","h":8.9,"min_z":45.6,"max_z":54.5}},{"type":"Feature","id":"DENW37AL100064jw","geometry":{"type":"Polygon","coordinates":[[[6.974987,50.938031],[6.97501,50.938032],[6.975155,50.938041],[6.975167,50.937971],[6.974993,50.93796],[6.974988,50.937989],[6.974982,50.938031],[6.974987,50.938031]]]},"properties":{"id":"DENW37AL100064jw","h":17.8,"min_z":44.7,"max_z":62.4}},{"type":"Feature","id":"DENW37AL100065c5","geometry":{"type":"Polygon","coordinates":[[[6.975207,50.936664],[6.975263,50.936668],[6.975299,50.936577],[6.975235,50.93657],[6.975185,50.936564],[6.975174,50.936616],[6.975165,50.936661],[6.975164,50.936662],[6.975207,50.936664]]]},"properties":{"id":"DENW37AL100065c5","h":21.1,"min_z":44.7,"max_z":65.8}},{"type":"Feature","id":"DENW37AL2FD000Fe","geometry":{"type":"Polygon","coordinates":[[[6.977087,50.930198],[6.977028,50.930246],[6.977297,50.930347],[6.977325,50.930293],[6.977087,50.930198]]]},"properties":{"id":"DENW37AL2FD000Fe","h":19.0,"min_z":43.8,"max_z":62.9}},{"type":"Feature","id":"DENW37AL100063TP","geometry":{"type":"Polygon","coordinates":[[[6.975585,50.937289],[6.975569,50.937289],[6.975566,50.93731],[6.975583,50.937311],[6.975696,50.937317],[6.975701,50.937287],[6.975586,50.93728],[6.975585,50.937289]]]},"properties":{"id":"DENW37AL100063TP","h":12.0,"min_z":45.0,"max_z":57.0}},{"type":"Feature","id":"DENW37AL10006yDy","geometry":{"type":"Polygon","coordinates":[[[6.974154,50.936955],[6.974154,50.936966],[6.974153,50.937015],[6.974209,50.937014],[6.974224,50.937014],[6.974222,50.936955],[6.974154,50.936955]]]},"properties":{"id":"DENW37AL10006yDy","h":4.3,"min_z":45.1,"max_z":49.4}},{"type":"Feature","id":"DENW37AL100064V7","geometry":{"type":"Polygon","coordinates":[[[6.972418,50.938462],[6.972443,50.938466],[6.972567,50.938483],[6.972601,50.938389],[6.97246,50.938368],[6.972418,50.938462]]]},"properties":{"id":"DENW37AL100064V7","h":15.6,"min_z":45.1,"max_z":60.7}},{"type":"Feature","id":"DENW37AL100065Sq","geometry":{"type":"Polygon","coordinates":[[[6.974997,50.938123],[6.974989,50.938174],[6.97498,50.93823],[6.975122,50.938238],[6.97514,50.938131],[6.974997,50.938123]]]},"properties":{"id":"DENW37AL100065Sq","h":17.6,"min_z":44.5,"max_z":62.1}},{"type":"Feature","id":"DENW37AL100063bR","geometry":{"type":"Polygon","coordinates":[[[6.971248,50.935315],[6.971238,50.935263],[6.971014,50.935281],[6.971022,50.935332],[6.971248,50.935315]]]},"properties":{"id":"DENW37AL100063bR","h":15.6,"min_z":45.4,"max_z":61.1}},{"type":"Feature","id":"DENW37AL20000a5b","geometry":{"type":"Polygon","coordinates":[[[6.978861,50.935769],[6.978861,50.935769],[6.978862,50.935784],[6.978903,50.935783],[6.978901,50.935767],[6.978861,50.935769]]]},"properties":{"id":"DENW37AL20000a5b","h":3.4,"min_z":46.6,"max_z":50.1}},{"type":"Feature","id":"DENW37AL100063dd","geometry":{"type":"Polygon","coordinates":[[[6.974677,50.935375],[6.974656,50.935375],[6.974649,50.935375],[6.97465,50.935389],[6.974651,50.935437],[6.974682,50.935436],[6.974719,50.935436],[6.97472,50.935374],[6.974677,50.935375]]]},"properties":{"id":"DENW37AL100063dd","h":9.6,"min_z":46.3,"max_z":56.0}},{"type":"Feature","id":"DENW37AL1000651n","geometry":{"type":"Polygon","coordinates":[[[6.972171,50.934175],[6.972207,50.934176],[6.972207,50.934167],[6.972212,50.934087],[6.972178,50.934086],[6.972171,50.934175]]]},"properties":{"id":"DENW37AL1000651n","h":15.1,"min_z":46.4,"max_z":61.5}},{"type":"Feature","id":"DENW37AL100063TB","geometry":{"type":"Polygon","coordinates":[[[6.974206,50.937122],[6.97421,50.937174],[6.974321,50.937185],[6.974329,50.937129],[6.974261,50.937125],[6.974206,50.937122]]]},"properties":{"id":"DENW37AL100063TB","h":21.1,"min_z":44.9,"max_z":66.0}},{"type":"Feature","id":"DENW37AL100066kB","geometry":{"type":"Polygon","coordinates":[[[6.974724,50.934765],[6.974724,50.934779],[6.974724,50.934791],[6.974798,50.93479],[6.974798,50.934784],[6.974797,50.934764],[6.974724,50.934765]]]},"properties":{"id":"DENW37AL100066kB","h":4.0,"min_z":46.5,"max_z":50.5}},{"type":"Feature","id":"DENW37AL100064eu","geometry":{"type":"Polygon","coordinates":[[[6.976994,50.934424],[6.976833,50.934443],[6.976831,50.934436],[6.97681,50.934438],[6.976828,50.934499],[6.976841,50.934546],[6.976863,50.934544],[6.977124,50.934515],[6.977119,50.934496],[6.977111,50.934467],[6.977097,50.934418],[6.976996,50.93443],[6.976994,50.934424]]]},"properties":{"id":"DENW37AL100064eu","h":15.9,"min_z":46.0,"max_z":61.9}},{"type":"Feature","id":"DENW37AL100063Qn","geometry":{"type":"Polygon","coordinates":[[[6.974912,50.935801],[6.97489,50.935799],[6.974863,50.935899],[6.974923,50.935906],[6.974958,50.93578],[6.974918,50.935778],[6.974912,50.935801]]]},"properties":{"id":"DENW37AL100063Qn","h":13.0,"min_z":45.6,"max_z":58.7}},{"type":"Feature","id":"DENW37AL1000647g","geometry":{"type":"Polygon","coordinates":[[[6.974289,50.936623],[6.974269,50.936623],[6.974268,50.93664],[6.974266,50.936706],[6.974384,50.936704],[6.974382,50.936638],[6.974382,50.936621],[6.974309,50.936622],[6.974289,50.936623]]]},"properties":{"id":"DENW37AL1000647g","h":13.4,"min_z":44.9,"max_z":58.2}},{"type":"Feature","id":"DENW37AL100065Em","geometry":{"type":"Polygon","coordinates":[[[6.975095,50.934694],[6.975096,50.9348],[6.975447,50.9348],[6.975447,50.934766],[6.975447,50.934739],[6.975447,50.934699],[6.975345,50.934699],[6.975327,50.934695],[6.975285,50.934702],[6.975267,50.934695],[6.975229,50.934702],[6.975211,50.934695],[6.975172,50.934704],[6.975154,50.934696],[6.975117,50.934704],[6.975095,50.934694]]]},"properties":{"id":"DENW37AL100065Em","h":6.0,"min_z":45.9,"max_z":51.9}},{"type":"Feature","id":"DENW37AL100074kZ","geometry":{"type":"Polygon","coordinates":[[[6.977255,50.93497],[6.977277,50.934968],[6.977269,50.934935],[6.977248,50.934937],[6.977255,50.93497]]]},"properties":{"id":"DENW37AL100074kZ","h":15.1,"min_z":46.1,"max_z":61.2}},{"type":"Feature","id":"DENW37AL100065Wl","geometry":{"type":"Polygon","coordinates":[[[6.978963,50.935944],[6.978873,50.935947],[6.978864,50.935947],[6.978865,50.93602],[6.978874,50.93602],[6.978875,50.935993],[6.978957,50.935993],[6.978959,50.935993],[6.978963,50.935944]]]},"properties":{"id":"DENW37AL100065Wl","h":22.8,"min_z":45.4,"max_z":68.2}},{"type":"Feature","id":"DENW37AL100065lf","geometry":{"type":"Polygon","coordinates":[[[6.9762,50.938475],[6.976264,50.93852],[6.976266,50.93852],[6.976299,50.938498],[6.976287,50.93849],[6.976322,50.938471],[6.976283,50.938428],[6.976248,50.938388],[6.976152,50.938442],[6.9762,50.938475]]]},"properties":{"id":"DENW37AL100065lf","h":23.9,"min_z":45.1,"max_z":69.0}},{"type":"Feature","id":"DENW37AL100074vy","geometry":{"type":"Polygon","coordinates":[[[6.977499,50.932076],[6.977511,50.932087],[6.977517,50.932092],[6.977535,50.932084],[6.977552,50.932076],[6.977488,50.93202],[6.977453,50.932036],[6.977499,50.932076]]]},"properties":{"id":"DENW37AL100074vy","h":5.0,"min_z":46.3,"max_z":51.4}},{"type":"Feature","id":"DENW37AL100064Qi","geometry":{"type":"Polygon","coordinates":[[[6.97145,50.932503],[6.971448,50.932507],[6.971426,50.932554],[6.971429,50.932555],[6.971501,50.932569],[6.971527,50.932518],[6.971526,50.932518],[6.971454,50.932504],[6.97145,50.932503]]]},"properties":{"id":"DENW37AL100064Qi","h":2.3,"min_z":45.6,"max_z":47.9}},{"type":"Feature","id":"DENW37AL100066BL","geometry":{"type":"Polygon","coordinates":[[[6.973345,50.93444],[6.97336,50.934495],[6.973569,50.934465],[6.973552,50.934426],[6.973546,50.934412],[6.973345,50.93444]]]},"properties":{"id":"DENW37AL100066BL","h":2.4,"min_z":46.8,"max_z":49.3}},{"type":"Feature","id":"DENW37AL100066VT","geometry":{"type":"Polygon","coordinates":[[[6.977406,50.931999],[6.977432,50.932021],[6.97754,50.931969],[6.977513,50.931947],[6.977465,50.93197],[6.977406,50.931999]]]},"properties":{"id":"DENW37AL100066VT","h":3.6,"min_z":46.5,"max_z":50.1}},{"type":"Feature","id":"DENW37AL100065pn","geometry":{"type":"Polygon","coordinates":[[[6.972999,50.937623],[6.973004,50.937652],[6.973016,50.937721],[6.973052,50.937719],[6.973115,50.937715],[6.973097,50.937613],[6.973089,50.937613],[6.973089,50.937617],[6.972999,50.937623]]]},"properties":{"id":"DENW37AL100065pn","h":17.7,"min_z":44.6,"max_z":62.3}},{"type":"Feature","id":"DENW37AL100065oS","geometry":{"type":"Polygon","coordinates":[[[6.973961,50.930211],[6.974157,50.930302],[6.974251,50.930222],[6.974194,50.930195],[6.974225,50.930169],[6.974085,50.930104],[6.973961,50.930211]]]},"properties":{"id":"DENW37AL100065oS","h":19.6,"min_z":46.2,"max_z":65.8}},{"type":"Feature","id":"DENW37AL100064t1","geometry":{"type":"Polygon","coordinates":[[[6.974903,50.935347],[6.974897,50.935404],[6.974893,50.935443],[6.974925,50.935444],[6.974961,50.935446],[6.974969,50.935367],[6.974971,50.935349],[6.974903,50.935347]]]},"properties":{"id":"DENW37AL100064t1","h":3.9,"min_z":46.0,"max_z":49.9}},{"type":"Feature","id":"DENW37AL1000677I","geometry":{"type":"Polygon","coordinates":[[[6.9764,50.937044],[6.976399,50.937051],[6.976407,50.937059],[6.976418,50.937071],[6.976413,50.937073],[6.976427,50.937087],[6.976451,50.937078],[6.976421,50.937046],[6.9764,50.937044]]]},"properties":{"id":"DENW37AL1000677I","h":21.1,"min_z":44.4,"max_z":65.5}},{"type":"Feature","id":"DENW37AL100063za","geometry":{"type":"Polygon","coordinates":[[[6.974564,50.938112],[6.974577,50.938113],[6.974576,50.938123],[6.97461,50.938125],[6.974613,50.938103],[6.974618,50.938056],[6.974623,50.938013],[6.974571,50.93801],[6.974561,50.938106],[6.974564,50.938112]]]},"properties":{"id":"DENW37AL100063za","h":7.0,"min_z":45.0,"max_z":51.9}},{"type":"Feature","id":"DENW37AL100063V6","geometry":{"type":"Polygon","coordinates":[[[6.976033,50.93717],[6.976029,50.937199],[6.97609,50.937202],[6.976136,50.937176],[6.976033,50.93717]]]},"properties":{"id":"DENW37AL100063V6","h":4.2,"min_z":44.6,"max_z":48.8}},{"type":"Feature","id":"DENW37AL1000652O","geometry":{"type":"Polygon","coordinates":[[[6.972695,50.933317],[6.972757,50.933276],[6.972697,50.933224],[6.972624,50.933272],[6.972695,50.933317]]]},"properties":{"id":"DENW37AL1000652O","h":3.3,"min_z":46.0,"max_z":49.3}},{"type":"Feature","id":"DENW37AL100069bd","geometry":{"type":"Polygon","coordinates":[[[6.974375,50.930403],[6.974459,50.930442],[6.974421,50.930475],[6.974547,50.930532],[6.974678,50.930418],[6.97447,50.930323],[6.974375,50.930403]]]},"properties":{"id":"DENW37AL100069bd","h":20.2,"min_z":46.3,"max_z":66.5}},{"type":"Feature","id":"DENW37AL1000659b","geometry":{"type":"Polygon","coordinates":[[[6.978701,50.936317],[6.978708,50.936222],[6.978655,50.93622],[6.978652,50.936269],[6.978649,50.936316],[6.978701,50.936317]]]},"properties":{"id":"DENW37AL1000659b","h":7.4,"min_z":45.7,"max_z":53.1}},{"type":"Feature","id":"DENW37AL100065Z7","geometry":{"type":"Polygon","coordinates":[[[6.974764,50.935975],[6.974762,50.935992],[6.974797,50.935994],[6.974809,50.93595],[6.974767,50.935948],[6.974764,50.935975]]]},"properties":{"id":"DENW37AL100065Z7","h":2.8,"min_z":45.9,"max_z":48.6}},{"type":"Feature","id":"DENW37AL1000651R","geometry":{"type":"Polygon","coordinates":[[[6.972453,50.938677],[6.97245,50.938636],[6.972095,50.938645],[6.972099,50.938706],[6.972108,50.938827],[6.972463,50.938817],[6.972458,50.938751],[6.972454,50.938701],[6.972453,50.938677]]]},"properties":{"id":"DENW37AL1000651R","h":6.5,"min_z":45.2,"max_z":51.7}},{"type":"Feature","id":"DENW37AL100063lK","geometry":{"type":"Polygon","coordinates":[[[6.971083,50.934431],[6.971083,50.934454],[6.971239,50.934452],[6.971239,50.93443],[6.971083,50.934431]]]},"properties":{"id":"DENW37AL100063lK","h":3.0,"min_z":46.3,"max_z":49.3}},{"type":"Feature","id":"DENW37AL100063WF","geometry":{"type":"Polygon","coordinates":[[[6.974859,50.935347],[6.974903,50.935347],[6.974971,50.935349],[6.974978,50.935277],[6.974866,50.935273],[6.974859,50.935347]]]},"properties":{"id":"DENW37AL100063WF","h":13.6,"min_z":46.3,"max_z":59.9}},{"type":"Feature","id":"DENW37AL100064pG","geometry":{"type":"Polygon","coordinates":[[[6.976767,50.936211],[6.976859,50.936217],[6.976869,50.936161],[6.976776,50.936155],[6.976767,50.936211]]]},"properties":{"id":"DENW37AL100064pG","h":23.1,"min_z":45.6,"max_z":68.7}},{"type":"Feature","id":"DENW37AL100066Je","geometry":{"type":"Polygon","coordinates":[[[6.977767,50.932808],[6.977845,50.932887],[6.977915,50.932859],[6.977926,50.93287],[6.978029,50.93283],[6.978018,50.932818],[6.978091,50.932789],[6.978089,50.932787],[6.978012,50.93271],[6.977968,50.932727],[6.977961,50.93272],[6.977898,50.932746],[6.977904,50.932753],[6.977876,50.932764],[6.977869,50.932758],[6.977805,50.932783],[6.977812,50.93279],[6.977767,50.932808]]]},"properties":{"id":"DENW37AL100066Je","h":17.7,"min_z":46.0,"max_z":63.7}},{"type":"Feature","id":"DENW37AL100064q6","geometry":{"type":"Polygon","coordinates":[[[6.972695,50.933317],[6.972684,50.933324],[6.972758,50.933369],[6.97282,50.933329],[6.972757,50.933276],[6.972695,50.933317]]]},"properties":{"id":"DENW37AL100064q6","h":3.2,"min_z":46.0,"max_z":49.2}},{"type":"Feature","id":"DENW37AL100067M9","geometry":{"type":"Polygon","coordinates":[[[6.974136,50.935373],[6.974136,50.935407],[6.974158,50.935408],[6.974157,50.935371],[6.974136,50.935371],[6.974136,50.935373]]]},"properties":{"id":"DENW37AL100067M9","h":14.9,"min_z":46.2,"max_z":61.1}},{"type":"Feature","id":"DENW37AL100074X6","geometry":{"type":"Polygon","coordinates":[[[6.974587,50.934176],[6.974588,50.934223],[6.974609,50.934223],[6.974608,50.934176],[6.974587,50.934176]]]},"properties":{"id":"DENW37AL100074X6","h":9.5,"min_z":46.8,"max_z":56.4}},{"type":"Feature","id":"DENW37AL100074f4","geometry":{"type":"Polygon","coordinates":[[[6.975486,50.930813],[6.975497,50.930802],[6.975439,50.930777],[6.975428,50.930787],[6.975486,50.930813]]]},"properties":{"id":"DENW37AL100074f4","h":12.7,"min_z":46.6,"max_z":59.3}},{"type":"Feature","id":"DENW37AL100066iv","geometry":{"type":"Polygon","coordinates":[[[6.972276,50.933295],[6.972309,50.933314],[6.972357,50.933281],[6.97241,50.933245],[6.972377,50.933226],[6.972276,50.933295]]]},"properties":{"id":"DENW37AL100066iv","h":16.6,"min_z":45.9,"max_z":62.5}},{"type":"Feature","id":"DENW37AL100064nh","geometry":{"type":"Polygon","coordinates":[[[6.971117,50.934126],[6.971117,50.934154],[6.97116,50.934154],[6.97116,50.934126],[6.971139,50.934126],[6.971117,50.934126]]]},"properties":{"id":"DENW37AL100064nh","h":14.5,"min_z":46.2,"max_z":60.7}},{"type":"Feature","id":"DENW37AL1000648n","geometry":{"type":"Polygon","coordinates":[[[6.973009,50.938298],[6.973046,50.938308],[6.973054,50.938298],[6.973095,50.93831],[6.973155,50.938225],[6.973076,50.938203],[6.973009,50.938298]]]},"properties":{"id":"DENW37AL1000648n","h":6.4,"min_z":44.8,"max_z":51.2}},{"type":"Feature","id":"DENW37AL100064oU","geometry":{"type":"Polygon","coordinates":[[[6.97291,50.937009],[6.973091,50.936994],[6.973092,50.936996],[6.973173,50.93699],[6.973173,50.936989],[6.973202,50.936987],[6.973279,50.936983],[6.973264,50.936876],[6.973033,50.936888],[6.972888,50.936901],[6.97291,50.937009]]]},"properties":{"id":"DENW37AL100064oU","h":15.9,"min_z":45.0,"max_z":61.0}},{"type":"Feature","id":"DENW37AL10006563","geometry":{"type":"Polygon","coordinates":[[[6.972207,50.934176],[6.972204,50.934222],[6.9722,50.934286],[6.972326,50.934287],[6.972332,50.934177],[6.972332,50.93417],[6.972207,50.934167],[6.972207,50.934176]]]},"properties":{"id":"DENW37AL10006563","h":3.8,"min_z":46.4,"max_z":50.2}},{"type":"Feature","id":"DENW37AL1000671M","geometry":{"type":"Polygon","coordinates":[[[6.973786,50.934255],[6.973788,50.934303],[6.974013,50.934303],[6.974012,50.934258],[6.973786,50.934255]]]},"properties":{"id":"DENW37AL1000671M","h":2.6,"min_z":46.9,"max_z":49.4}},{"type":"Feature","id":"DENW37AL1000641e","geometry":{"type":"Polygon","coordinates":[[[6.971389,50.932547],[6.971426,50.932554],[6.971448,50.932507],[6.971412,50.9325],[6.971389,50.932547]]]},"properties":{"id":"DENW37AL1000641e","h":2.3,"min_z":45.6,"max_z":47.9}},{"type":"Feature","id":"DENW37AL100063x5","geometry":{"type":"Polygon","coordinates":[[[6.974294,50.938655],[6.974264,50.938744],[6.97427,50.938745],[6.974301,50.938656],[6.974294,50.938655]]]},"properties":{"id":"DENW37AL100063x5","h":16.2,"min_z":44.7,"max_z":60.9}},{"type":"Feature","id":"DENW37AL100065AX","geometry":{"type":"Polygon","coordinates":[[[6.971684,50.935643],[6.971691,50.935688],[6.971723,50.935684],[6.971883,50.935665],[6.971871,50.935623],[6.971769,50.935634],[6.971684,50.935643]]]},"properties":{"id":"DENW37AL100065AX","h":4.5,"min_z":45.3,"max_z":49.8}},{"type":"Feature","id":"DENW37AL1000673O","geometry":{"type":"Polygon","coordinates":[[[6.974768,50.936101],[6.974751,50.936166],[6.974746,50.936184],[6.974832,50.93619],[6.974836,50.93619],[6.974866,50.936101],[6.974768,50.936101]]]},"properties":{"id":"DENW37AL1000673O","h":2.9,"min_z":45.7,"max_z":48.5}},{"type":"Feature","id":"DENW37AL100074Mj","geometry":{"type":"Polygon","coordinates":[[[6.978037,50.932353],[6.978029,50.932346],[6.977963,50.932372],[6.97797,50.932379],[6.977982,50.932392],[6.978045,50.932367],[6.978032,50.932355],[6.978037,50.932353]]]},"properties":{"id":"DENW37AL100074Mj","h":10.7,"min_z":46.5,"max_z":57.2}},{"type":"Feature","id":"DENW37AL1000643Y","geometry":{"type":"Polygon","coordinates":[[[6.975743,50.936554],[6.975697,50.93664],[6.975752,50.936651],[6.975773,50.936608],[6.975795,50.936566],[6.975743,50.936554]]]},"properties":{"id":"DENW37AL1000643Y","h":14.1,"min_z":45.1,"max_z":59.2}},{"type":"Feature","id":"DENW37AL1000643a","geometry":{"type":"Polygon","coordinates":[[[6.975725,50.936256],[6.97571,50.936289],[6.975691,50.936332],[6.975732,50.936342],[6.975733,50.936339],[6.975766,50.936265],[6.975725,50.936256]]]},"properties":{"id":"DENW37AL1000643a","h":2.8,"min_z":45.2,"max_z":48.0}},{"type":"Feature","id":"DENW37AL100066sF","geometry":{"type":"Polygon","coordinates":[[[6.974669,50.93723],[6.974674,50.937195],[6.97462,50.937192],[6.974565,50.937189],[6.97449,50.937184],[6.974479,50.93724],[6.974555,50.937246],[6.974644,50.937252],[6.974648,50.93723],[6.974669,50.93723]]]},"properties":{"id":"DENW37AL100066sF","h":19.3,"min_z":45.0,"max_z":64.3}},{"type":"Feature","id":"DENW37AL1000665q","geometry":{"type":"Polygon","coordinates":[[[6.974769,50.935343],[6.974804,50.935345],[6.974859,50.935347],[6.974866,50.935273],[6.974777,50.93527],[6.974769,50.935343]]]},"properties":{"id":"DENW37AL1000665q","h":13.6,"min_z":46.4,"max_z":60.0}},{"type":"Feature","id":"DENW37AL100064We","geometry":{"type":"Polygon","coordinates":[[[6.972907,50.937834],[6.972838,50.937838],[6.972852,50.937933],[6.972922,50.937929],[6.972907,50.937834]]]},"properties":{"id":"DENW37AL100064We","h":14.1,"min_z":45.1,"max_z":59.2}},{"type":"Feature","id":"DENW37AL100066db","geometry":{"type":"Polygon","coordinates":[[[6.974797,50.934683],[6.974797,50.934728],[6.974797,50.934764],[6.974798,50.934784],[6.974888,50.934784],[6.974886,50.934682],[6.974797,50.934683]]]},"properties":{"id":"DENW37AL100066db","h":14.9,"min_z":46.5,"max_z":61.4}},{"type":"Feature","id":"DENW37AL100065dW","geometry":{"type":"Polygon","coordinates":[[[6.977518,50.932907],[6.977594,50.932983],[6.977604,50.932994],[6.977853,50.932895],[6.977845,50.932887],[6.977767,50.932808],[6.977712,50.932829],[6.977707,50.932824],[6.977656,50.932844],[6.977661,50.93285],[6.977621,50.932866],[6.977615,50.932859],[6.977564,50.932879],[6.977571,50.932886],[6.977518,50.932907]]]},"properties":{"id":"DENW37AL100065dW","h":17.8,"min_z":46.0,"max_z":63.7}},{"type":"Feature","id":"DENW37AL100066JZ","geometry":{"type":"Polygon","coordinates":[[[6.973797,50.937585],[6.973814,50.937692],[6.974089,50.937675],[6.973989,50.937572],[6.973797,50.937585]]]},"properties":{"id":"DENW37AL100066JZ","h":16.3,"min_z":45.3,"max_z":61.6}},{"type":"Feature","id":"DENW37AL100065Lm","geometry":{"type":"Polygon","coordinates":[[[6.972826,50.934819],[6.972843,50.93487],[6.972851,50.934868],[6.972849,50.934859],[6.972926,50.934849],[6.972944,50.934847],[6.97293,50.934805],[6.972826,50.934819]]]},"properties":{"id":"DENW37AL100065Lm","h":5.8,"min_z":46.6,"max_z":52.4}},{"type":"Feature","id":"DENW37AL100064u8","geometry":{"type":"Polygon","coordinates":[[[6.972492,50.934662],[6.972625,50.934645],[6.972598,50.934561],[6.972465,50.934578],[6.972492,50.934662]]]},"properties":{"id":"DENW37AL100064u8","h":14.5,"min_z":46.6,"max_z":61.1}},{"type":"Feature","id":"DENW37AL100065Az","geometry":{"type":"Polygon","coordinates":[[[6.971248,50.935315],[6.971427,50.935302],[6.971415,50.935249],[6.971238,50.935263],[6.971248,50.935315]]]},"properties":{"id":"DENW37AL100065Az","h":13.3,"min_z":45.2,"max_z":58.5}},{"type":"Feature","id":"DENW37AL100063QH","geometry":{"type":"Polygon","coordinates":[[[6.971711,50.933043],[6.971716,50.933038],[6.971792,50.932968],[6.971641,50.932904],[6.971563,50.93298],[6.971711,50.933043]]]},"properties":{"id":"DENW37AL100063QH","h":16.6,"min_z":45.7,"max_z":62.3}},{"type":"Feature","id":"DENW37AL100064lD","geometry":{"type":"Polygon","coordinates":[[[6.975585,50.937433],[6.975596,50.937365],[6.975575,50.937363],[6.975412,50.937352],[6.9754,50.937421],[6.975389,50.937488],[6.975388,50.937492],[6.975493,50.937498],[6.975535,50.937501],[6.975573,50.937504],[6.975585,50.937433]]]},"properties":{"id":"DENW37AL100064lD","h":16.3,"min_z":45.0,"max_z":61.2}},{"type":"Feature","id":"DENW37AL1000668s","geometry":{"type":"Polygon","coordinates":[[[6.970937,50.933914],[6.970935,50.934002],[6.970952,50.934012],[6.971179,50.934012],[6.971181,50.933941],[6.971085,50.933941],[6.971085,50.933914],[6.970937,50.933914]]]},"properties":{"id":"DENW37AL1000668s","h":16.8,"min_z":46.1,"max_z":62.9}},{"type":"Feature","id":"DENW37AL100063hr","geometry":{"type":"Polygon","coordinates":[[[6.976043,50.937093],[6.976033,50.93717],[6.976136,50.937176],[6.976148,50.937099],[6.976091,50.937096],[6.976043,50.937093]]]},"properties":{"id":"DENW37AL100063hr","h":5.7,"min_z":44.6,"max_z":50.4}},{"type":"Feature","id":"DENW37AL100065yy","geometry":{"type":"Polygon","coordinates":[[[6.974871,50.937848],[6.974866,50.937882],[6.97491,50.937885],[6.975003,50.93789],[6.975032,50.937892],[6.975037,50.937858],[6.974871,50.937848]]]},"properties":{"id":"DENW37AL100065yy","h":6.4,"min_z":44.7,"max_z":51.2}},{"type":"Feature","id":"DENW37AL100066xh","geometry":{"type":"Polygon","coordinates":[[[6.974914,50.93864],[6.974919,50.938607],[6.974845,50.938602],[6.974837,50.938636],[6.97484,50.938636],[6.974914,50.93864]]]},"properties":{"id":"DENW37AL100066xh","h":8.0,"min_z":44.8,"max_z":52.8}},{"type":"Feature","id":"DENW37AL100064P9","geometry":{"type":"Polygon","coordinates":[[[6.974775,50.935185],[6.974869,50.935188],[6.974877,50.935103],[6.974836,50.935102],[6.974784,50.9351],[6.974775,50.935185]]]},"properties":{"id":"DENW37AL100064P9","h":15.5,"min_z":46.4,"max_z":61.9}},{"type":"Feature","id":"DENW37AL100064hd","geometry":{"type":"Polygon","coordinates":[[[6.974615,50.9361],[6.974598,50.9361],[6.974507,50.9361],[6.974508,50.936163],[6.974599,50.936164],[6.974695,50.936165],[6.974691,50.9361],[6.974615,50.9361]]]},"properties":{"id":"DENW37AL100064hd","h":18.4,"min_z":45.6,"max_z":64.0}},{"type":"Feature","id":"DENW37AL100065zL","geometry":{"type":"Polygon","coordinates":[[[6.974724,50.934779],[6.974724,50.934765],[6.974677,50.934765],[6.974677,50.93478],[6.974724,50.934779]]]},"properties":{"id":"DENW37AL100065zL","h":6.9,"min_z":46.6,"max_z":53.4}},{"type":"Feature","id":"DENW37AL100064us","geometry":{"type":"Polygon","coordinates":[[[6.975345,50.935986],[6.975321,50.935984],[6.975311,50.936019],[6.975326,50.93602],[6.975399,50.936026],[6.975464,50.936031],[6.975483,50.93596],[6.975419,50.935954],[6.975371,50.935949],[6.975356,50.935948],[6.975345,50.935986]]]},"properties":{"id":"DENW37AL100064us","h":15.7,"min_z":45.3,"max_z":60.9}},{"type":"Feature","id":"DENW37AL100063pM","geometry":{"type":"Polygon","coordinates":[[[6.977051,50.938137],[6.977066,50.938233],[6.977089,50.938292],[6.977158,50.938283],[6.97722,50.938275],[6.977209,50.938235],[6.977199,50.938236],[6.977191,50.938205],[6.977171,50.938129],[6.977051,50.938137]]]},"properties":{"id":"DENW37AL100063pM","h":18.2,"min_z":45.4,"max_z":63.6}},{"type":"Feature","id":"DENW37AL100065Up","geometry":{"type":"Polygon","coordinates":[[[6.974781,50.938352],[6.974961,50.938362],[6.974968,50.938314],[6.974786,50.938304],[6.974781,50.938352]]]},"properties":{"id":"DENW37AL100065Up","h":10.9,"min_z":44.7,"max_z":55.6}},{"type":"Feature","id":"DENW37AL100063s3","geometry":{"type":"Polygon","coordinates":[[[6.974684,50.933764],[6.974685,50.933803],[6.974798,50.933801],[6.974887,50.9338],[6.974885,50.933745],[6.974836,50.933745],[6.974836,50.933762],[6.974684,50.933764]]]},"properties":{"id":"DENW37AL100063s3","h":3.3,"min_z":45.9,"max_z":49.2}},{"type":"Feature","id":"DENW37AL100065NQ","geometry":{"type":"Polygon","coordinates":[[[6.97174,50.933898],[6.971743,50.93385],[6.971699,50.93385],[6.971696,50.933897],[6.97174,50.933898]]]},"properties":{"id":"DENW37AL100065NQ","h":5.9,"min_z":46.6,"max_z":52.5}},{"type":"Feature","id":"DENW37AL100064S7","geometry":{"type":"Polygon","coordinates":[[[6.975447,50.936461],[6.975552,50.93647],[6.975574,50.936471],[6.975586,50.936421],[6.97546,50.936408],[6.975447,50.936461]]]},"properties":{"id":"DENW37AL100064S7","h":14.5,"min_z":44.9,"max_z":59.5}},{"type":"Feature","id":"DENW37AL100064uT","geometry":{"type":"Polygon","coordinates":[[[6.972983,50.933745],[6.973017,50.933741],[6.97314,50.933727],[6.973232,50.933717],[6.973266,50.933647],[6.973138,50.933622],[6.973129,50.933639],[6.972956,50.933661],[6.972983,50.933745]]]},"properties":{"id":"DENW37AL100064uT","h":13.2,"min_z":46.3,"max_z":59.5}},{"type":"Feature","id":"DENW37AL100064aq","geometry":{"type":"Polygon","coordinates":[[[6.973002,50.933804],[6.972928,50.933814],[6.972858,50.933823],[6.972881,50.933893],[6.972951,50.933885],[6.973,50.933878],[6.973024,50.933875],[6.973002,50.933804]]]},"properties":{"id":"DENW37AL100064aq","h":13.2,"min_z":46.3,"max_z":59.5}},{"type":"Feature","id":"DENW37AL100064qf","geometry":{"type":"Polygon","coordinates":[[[6.977128,50.935934],[6.977128,50.935932],[6.977086,50.935929],[6.977085,50.93594],[6.977077,50.935982],[6.977067,50.936038],[6.977228,50.936049],[6.977238,50.935993],[6.977242,50.935973],[6.977248,50.935943],[6.977128,50.935934]]]},"properties":{"id":"DENW37AL100064qf","h":22.7,"min_z":45.5,"max_z":68.2}},{"type":"Feature","id":"DENW37AL100064Fl","geometry":{"type":"Polygon","coordinates":[[[6.974789,50.930564],[6.97491,50.930621],[6.975027,50.930519],[6.974905,50.930465],[6.974861,50.930503],[6.974789,50.930564]]]},"properties":{"id":"DENW37AL100064Fl","h":18.0,"min_z":46.8,"max_z":64.9}},{"type":"Feature","id":"DENW37AL100064pu","geometry":{"type":"Polygon","coordinates":[[[6.974611,50.93512],[6.974531,50.935119],[6.974476,50.935119],[6.974477,50.935176],[6.974532,50.935177],[6.974613,50.93518],[6.974612,50.935157],[6.974611,50.93512]]]},"properties":{"id":"DENW37AL100064pu","h":14.6,"min_z":46.4,"max_z":61.0}},{"type":"Feature","id":"DENW37AL100064Sf","geometry":{"type":"Polygon","coordinates":[[[6.974572,50.931187],[6.974733,50.931261],[6.974746,50.931267],[6.974836,50.931187],[6.974659,50.931106],[6.974572,50.931187]]]},"properties":{"id":"DENW37AL100064Sf","h":20.0,"min_z":46.0,"max_z":66.0}},{"type":"Feature","id":"DENW37AL1000642L","geometry":{"type":"Polygon","coordinates":[[[6.971398,50.93291],[6.971436,50.932926],[6.971517,50.932851],[6.971478,50.932835],[6.971398,50.93291]]]},"properties":{"id":"DENW37AL1000642L","h":16.7,"min_z":45.6,"max_z":62.3}},{"type":"Feature","id":"DENW37AL100063zH","geometry":{"type":"Polygon","coordinates":[[[6.969803,50.938094],[6.969803,50.938091],[6.969759,50.93809],[6.969707,50.938088],[6.969707,50.938083],[6.969671,50.938082],[6.96967,50.938113],[6.969669,50.938129],[6.969749,50.938132],[6.96987,50.938135],[6.969889,50.938095],[6.969803,50.938094]]]},"properties":{"id":"DENW37AL100063zH","h":19.3,"min_z":45.7,"max_z":65.0}},{"type":"Feature","id":"DENW37AL10006637","geometry":{"type":"Polygon","coordinates":[[[6.975995,50.934806],[6.976146,50.934821],[6.976164,50.934751],[6.976195,50.934755],[6.976195,50.934754],[6.976213,50.934682],[6.976207,50.934681],[6.976034,50.93466],[6.975995,50.934806]]]},"properties":{"id":"DENW37AL10006637","h":16.3,"min_z":45.7,"max_z":62.0}},{"type":"Feature","id":"DENW37AL1000661P","geometry":{"type":"Polygon","coordinates":[[[6.976596,50.937152],[6.976572,50.937153],[6.976535,50.937155],[6.976523,50.937155],[6.976536,50.937232],[6.97654,50.93726],[6.976611,50.937255],[6.976683,50.93725],[6.976669,50.937148],[6.976596,50.937152]]]},"properties":{"id":"DENW37AL1000661P","h":20.2,"min_z":43.7,"max_z":63.9}},{"type":"Feature","id":"DENW37AL100066QR","geometry":{"type":"Polygon","coordinates":[[[6.974952,50.938428],[6.974952,50.938454],[6.975083,50.938462],[6.975092,50.938406],[6.974956,50.938398],[6.974952,50.938428]]]},"properties":{"id":"DENW37AL100066QR","h":16.0,"min_z":44.7,"max_z":60.6}},{"type":"Feature","id":"DENW37AL100066f7","geometry":{"type":"Polygon","coordinates":[[[6.973038,50.933533],[6.973035,50.93354],[6.973063,50.933545],[6.97309,50.933492],[6.973062,50.933486],[6.973038,50.933533]]]},"properties":{"id":"DENW37AL100066f7","h":3.2,"min_z":46.5,"max_z":49.8}},{"type":"Feature","id":"DENW37AL100065Ku","geometry":{"type":"Polygon","coordinates":[[[6.974741,50.934915],[6.974624,50.934916],[6.974624,50.93492],[6.974606,50.93492],[6.974607,50.934948],[6.97469,50.934947],[6.974707,50.934947],[6.974742,50.934946],[6.974766,50.934946],[6.974765,50.934915],[6.974741,50.934915]]]},"properties":{"id":"DENW37AL100065Ku","h":10.6,"min_z":46.3,"max_z":57.0}},{"type":"Feature","id":"DENW37AL100065YH","geometry":{"type":"Polygon","coordinates":[[[6.973385,50.933632],[6.973511,50.933657],[6.97355,50.933665],[6.973601,50.933556],[6.973437,50.933526],[6.973385,50.933632]]]},"properties":{"id":"DENW37AL100065YH","h":15.9,"min_z":45.5,"max_z":61.4}},{"type":"Feature","id":"DENW37AL100064Bx","geometry":{"type":"Polygon","coordinates":[[[6.972361,50.937056],[6.972368,50.937083],[6.97237,50.937091],[6.972399,50.937196],[6.972469,50.937189],[6.972497,50.937186],[6.97246,50.937046],[6.972361,50.937056]]]},"properties":{"id":"DENW37AL100064Bx","h":6.0,"min_z":43.5,"max_z":49.6}},{"type":"Feature","id":"DENW37AL100063g8","geometry":{"type":"Polygon","coordinates":[[[6.973006,50.930299],[6.972977,50.930331],[6.973074,50.930372],[6.973116,50.930335],[6.97302,50.930303],[6.973006,50.930299]]]},"properties":{"id":"DENW37AL100063g8","h":1.9,"min_z":46.5,"max_z":48.4}},{"type":"Feature","id":"DENW37AL100063Pd","geometry":{"type":"Polygon","coordinates":[[[6.975503,50.935883],[6.975377,50.935872],[6.975356,50.935948],[6.975371,50.935949],[6.975483,50.93596],[6.975503,50.935883]]]},"properties":{"id":"DENW37AL100063Pd","h":15.7,"min_z":45.2,"max_z":60.8}},{"type":"Feature","id":"DENW37AL100065Ji","geometry":{"type":"Polygon","coordinates":[[[6.973189,50.934841],[6.973197,50.934865],[6.97334,50.934846],[6.973333,50.934822],[6.973189,50.934841]]]},"properties":{"id":"DENW37AL100065Ji","h":15.0,"min_z":46.6,"max_z":61.6}},{"type":"Feature","id":"DENW37AL100064sG","geometry":{"type":"Polygon","coordinates":[[[6.971141,50.93288],[6.971139,50.932882],[6.971072,50.93288],[6.971063,50.932952],[6.97119,50.932959],[6.971211,50.932966],[6.971218,50.932913],[6.971141,50.93288]]]},"properties":{"id":"DENW37AL100064sG","h":15.2,"min_z":45.5,"max_z":60.7}},{"type":"Feature","id":"DENW37AL100064qL","geometry":{"type":"Polygon","coordinates":[[[6.971299,50.932642],[6.97128,50.932681],[6.971329,50.932691],[6.971324,50.9327],[6.971368,50.932708],[6.971372,50.932699],[6.971445,50.932714],[6.971464,50.932675],[6.971483,50.932637],[6.971318,50.932604],[6.971299,50.932642]]]},"properties":{"id":"DENW37AL100064qL","h":14.0,"min_z":45.5,"max_z":59.5}},{"type":"Feature","id":"DENW37AL1000665Q","geometry":{"type":"Polygon","coordinates":[[[6.971558,50.934464],[6.971612,50.934457],[6.971613,50.934457],[6.97161,50.934449],[6.971609,50.934449],[6.971609,50.934449],[6.971607,50.934442],[6.971575,50.934353],[6.971523,50.934353],[6.971444,50.934353],[6.971444,50.934479],[6.971454,50.934477],[6.971524,50.934468],[6.971558,50.934464]]]},"properties":{"id":"DENW37AL1000665Q","h":15.3,"min_z":46.5,"max_z":61.9}},{"type":"Feature","id":"DENW37AL100063Uu","geometry":{"type":"Polygon","coordinates":[[[6.978434,50.938257],[6.978342,50.93827],[6.978281,50.938278],[6.978286,50.938308],[6.978334,50.938451],[6.97836,50.938448],[6.978398,50.938442],[6.978443,50.938436],[6.978491,50.93843],[6.978434,50.938257]]]},"properties":{"id":"DENW37AL100063Uu","h":22.0,"min_z":45.7,"max_z":67.6}},{"type":"Feature","id":"DENW37AL100063om","geometry":{"type":"Polygon","coordinates":[[[6.975082,50.935106],[6.975081,50.935111],[6.975078,50.935149],[6.975073,50.935195],[6.97519,50.935199],[6.975193,50.935152],[6.975197,50.935109],[6.975158,50.935108],[6.975082,50.935106]]]},"properties":{"id":"DENW37AL100063om","h":16.6,"min_z":46.1,"max_z":62.8}},{"type":"Feature","id":"DENW37AL100064TC","geometry":{"type":"Polygon","coordinates":[[[6.973488,50.938546],[6.973539,50.938553],[6.973543,50.938543],[6.973639,50.93844],[6.973597,50.938434],[6.973547,50.938427],[6.973435,50.938539],[6.973488,50.938546]]]},"properties":{"id":"DENW37AL100064TC","h":12.3,"min_z":44.8,"max_z":57.0}},{"type":"Feature","id":"DENW37AL1000675k","geometry":{"type":"Polygon","coordinates":[[[6.974466,50.934686],[6.974468,50.934768],[6.974611,50.934766],[6.974609,50.934729],[6.974608,50.934685],[6.974466,50.934686]]]},"properties":{"id":"DENW37AL1000675k","h":15.2,"min_z":46.6,"max_z":61.8}},{"type":"Feature","id":"DENW37AL100064kM","geometry":{"type":"Polygon","coordinates":[[[6.972109,50.933396],[6.972109,50.933396],[6.972134,50.933397],[6.972139,50.933334],[6.972062,50.933332],[6.971964,50.933329],[6.971963,50.933339],[6.971959,50.933392],[6.972038,50.933394],[6.972038,50.933394],[6.972109,50.933396]]]},"properties":{"id":"DENW37AL100064kM","h":8.5,"min_z":45.7,"max_z":54.2}},{"type":"Feature","id":"DENW37AL100063a3","geometry":{"type":"Polygon","coordinates":[[[6.974975,50.933166],[6.974941,50.933213],[6.974933,50.933224],[6.974987,50.93324],[6.974981,50.933248],[6.975076,50.933277],[6.975079,50.933272],[6.975097,50.933278],[6.975109,50.933263],[6.975144,50.933218],[6.975176,50.933176],[6.975007,50.933123],[6.974975,50.933166]]]},"properties":{"id":"DENW37AL100063a3","h":21.7,"min_z":45.7,"max_z":67.4}},{"type":"Feature","id":"DENW37AL100064yK","geometry":{"type":"Polygon","coordinates":[[[6.97574,50.934506],[6.97574,50.93459],[6.975851,50.934589],[6.975906,50.934383],[6.975882,50.934354],[6.975812,50.934355],[6.9758,50.93448],[6.975778,50.934479],[6.975776,50.934501],[6.97574,50.934501],[6.97574,50.934506]]]},"properties":{"id":"DENW37AL100064yK","h":14.4,"min_z":45.8,"max_z":60.2}},{"type":"Feature","id":"DENW37AL1000641s","geometry":{"type":"Polygon","coordinates":[[[6.975412,50.937352],[6.975575,50.937363],[6.975583,50.937311],[6.97542,50.937302],[6.975412,50.937352]]]},"properties":{"id":"DENW37AL1000641s","h":18.7,"min_z":45.0,"max_z":63.6}},{"type":"Feature","id":"DENW37AL100065iW","geometry":{"type":"Polygon","coordinates":[[[6.975981,50.935109],[6.975916,50.935102],[6.975902,50.935153],[6.97592,50.935173],[6.975962,50.935177],[6.975981,50.935109]]]},"properties":{"id":"DENW37AL100065iW","h":18.7,"min_z":45.6,"max_z":64.2}},{"type":"Feature","id":"DENW37ALbA0000CB","geometry":{"type":"Polygon","coordinates":[[[6.976789,50.9317],[6.976772,50.931709],[6.976829,50.931752],[6.976835,50.931756],[6.976851,50.931747],[6.976845,50.931743],[6.976789,50.9317]]]},"properties":{"id":"DENW37ALbA0000CB","h":3.5,"min_z":46.5,"max_z":50.0}},{"type":"Feature","id":"DENW37AL100064PR","geometry":{"type":"Polygon","coordinates":[[[6.971076,50.935556],[6.971091,50.935609],[6.971288,50.93559],[6.971282,50.935567],[6.97128,50.935557],[6.971292,50.935556],[6.9713,50.935556],[6.971303,50.935552],[6.971304,50.935549],[6.971304,50.935545],[6.971303,50.935542],[6.9713,50.935539],[6.971296,50.935536],[6.971292,50.935536],[6.971288,50.935536],[6.971283,50.935537],[6.97128,50.935538],[6.971276,50.93554],[6.971273,50.935527],[6.971224,50.935538],[6.971213,50.935541],[6.971076,50.935556]]]},"properties":{"id":"DENW37AL100064PR","h":15.7,"min_z":45.1,"max_z":60.8}},{"type":"Feature","id":"DENW37AL100066Lv","geometry":{"type":"Polygon","coordinates":[[[6.975011,50.935534],[6.975008,50.935574],[6.975005,50.935618],[6.975092,50.935621],[6.975096,50.935577],[6.9751,50.935537],[6.975043,50.935535],[6.975011,50.935534]]]},"properties":{"id":"DENW37AL100066Lv","h":17.6,"min_z":45.5,"max_z":63.0}},{"type":"Feature","id":"DENW37AL100065LP","geometry":{"type":"Polygon","coordinates":[[[6.976514,50.931716],[6.976489,50.931699],[6.976483,50.931702],[6.976427,50.931734],[6.976378,50.931762],[6.976371,50.931766],[6.976403,50.931787],[6.976387,50.931797],[6.976433,50.931828],[6.976456,50.931816],[6.976506,50.93179],[6.976565,50.93176],[6.97651,50.931719],[6.976514,50.931716]]]},"properties":{"id":"DENW37AL100065LP","h":12.4,"min_z":46.1,"max_z":58.5}},{"type":"Feature","id":"DENW37AL100063jj","geometry":{"type":"Polygon","coordinates":[[[6.97628,50.937091],[6.976278,50.937107],[6.976272,50.937155],[6.976361,50.937159],[6.976369,50.937111],[6.976371,50.937096],[6.97628,50.937091]]]},"properties":{"id":"DENW37AL100063jj","h":4.1,"min_z":44.4,"max_z":48.5}},{"type":"Feature","id":"DENW37AL100065Rz","geometry":{"type":"Polygon","coordinates":[[[6.970936,50.934129],[6.970935,50.934206],[6.971001,50.934206],[6.971117,50.934206],[6.971117,50.934154],[6.971117,50.934126],[6.971034,50.934126],[6.971032,50.934128],[6.970936,50.934129]]]},"properties":{"id":"DENW37AL100065Rz","h":20.6,"min_z":46.3,"max_z":66.9}},{"type":"Feature","id":"DENW37AL100063tr","geometry":{"type":"Polygon","coordinates":[[[6.97116,50.933368],[6.971165,50.933328],[6.971017,50.933323],[6.971012,50.933364],[6.97116,50.933368]]]},"properties":{"id":"DENW37AL100063tr","h":15.8,"min_z":46.0,"max_z":61.8}},{"type":"Feature","id":"DENW37AL100065PM","geometry":{"type":"Polygon","coordinates":[[[6.97242,50.933169],[6.972502,50.93319],[6.972594,50.933137],[6.972552,50.933101],[6.972477,50.933081],[6.97242,50.933169]]]},"properties":{"id":"DENW37AL100065PM","h":5.2,"min_z":46.0,"max_z":51.3}},{"type":"Feature","id":"DENW37AL10006yH9","geometry":{"type":"Polygon","coordinates":[[[6.973684,50.938445],[6.973693,50.938447],[6.973715,50.93845],[6.973748,50.938454],[6.97375,50.938454],[6.973834,50.938465],[6.973836,50.938465],[6.973877,50.938471],[6.973918,50.938476],[6.973932,50.938346],[6.973785,50.93834],[6.973773,50.938352],[6.973684,50.938445]]]},"properties":{"id":"DENW37AL10006yH9","h":3.4,"min_z":45.0,"max_z":48.3}},{"type":"Feature","id":"DENW37AL1000658V","geometry":{"type":"Polygon","coordinates":[[[6.975192,50.930697],[6.975239,50.930718],[6.975274,50.930683],[6.975228,50.930664],[6.975204,50.930684],[6.975192,50.930697]]]},"properties":{"id":"DENW37AL1000658V","h":12.9,"min_z":46.9,"max_z":59.8}},{"type":"Feature","id":"DENW37AL100066NQ","geometry":{"type":"Polygon","coordinates":[[[6.978812,50.938377],[6.97881,50.938352],[6.978809,50.93833],[6.978625,50.938335],[6.978579,50.938336],[6.978566,50.93842],[6.978558,50.938478],[6.978574,50.938477],[6.978574,50.938475],[6.978818,50.938469],[6.978812,50.938377]]]},"properties":{"id":"DENW37AL100066NQ","h":6.9,"min_z":44.5,"max_z":51.4}},{"type":"Feature","id":"DENW37AL100064bC","geometry":{"type":"Polygon","coordinates":[[[6.974233,50.93649],[6.974231,50.936556],[6.974271,50.936556],[6.974272,50.936534],[6.974274,50.93649],[6.974233,50.93649]]]},"properties":{"id":"DENW37AL100064bC","h":6.8,"min_z":44.9,"max_z":51.8}},{"type":"Feature","id":"DENW37AL100064gF","geometry":{"type":"Polygon","coordinates":[[[6.975169,50.935374],[6.975221,50.935376],[6.975281,50.935378],[6.975282,50.935373],[6.97529,50.935288],[6.975178,50.935284],[6.975169,50.935374]]]},"properties":{"id":"DENW37AL100064gF","h":14.9,"min_z":45.9,"max_z":60.9}},{"type":"Feature","id":"DENW37AL100066bO","geometry":{"type":"Polygon","coordinates":[[[6.972435,50.932196],[6.972464,50.932253],[6.972539,50.932237],[6.97259,50.932226],[6.97256,50.932171],[6.972435,50.932196]]]},"properties":{"id":"DENW37AL100066bO","h":16.0,"min_z":46.1,"max_z":62.2}},{"type":"Feature","id":"DENW37AL10006yFX","geometry":{"type":"Polygon","coordinates":[[[6.973859,50.938526],[6.973856,50.938537],[6.973896,50.938542],[6.9739,50.938531],[6.973859,50.938526]]]},"properties":{"id":"DENW37AL10006yFX","h":4.0,"min_z":44.9,"max_z":48.9}},{"type":"Feature","id":"DENW37AL100064dc","geometry":{"type":"Polygon","coordinates":[[[6.974362,50.935781],[6.97422,50.935787],[6.974221,50.935826],[6.974365,50.935817],[6.974362,50.935781]]]},"properties":{"id":"DENW37AL100064dc","h":19.1,"min_z":45.4,"max_z":64.5}},{"type":"Feature","id":"DENW37AL100065jT","geometry":{"type":"Polygon","coordinates":[[[6.974568,50.938622],[6.974524,50.938616],[6.974517,50.938637],[6.974478,50.938631],[6.974467,50.93866],[6.974448,50.938712],[6.974428,50.938766],[6.974518,50.938779],[6.974535,50.938724],[6.974545,50.938693],[6.97455,50.938678],[6.974568,50.938622]]]},"properties":{"id":"DENW37AL100065jT","h":16.2,"min_z":44.5,"max_z":60.7}},{"type":"Feature","id":"DENW37AL100063oH","geometry":{"type":"Polygon","coordinates":[[[6.970932,50.934571],[6.970939,50.934571],[6.971079,50.934569],[6.971079,50.934541],[6.971018,50.934541],[6.970934,50.934542],[6.970932,50.934571]]]},"properties":{"id":"DENW37AL100063oH","h":19.8,"min_z":46.3,"max_z":66.1}},{"type":"Feature","id":"DENW37AL100063aS","geometry":{"type":"Polygon","coordinates":[[[6.975805,50.936235],[6.975771,50.936252],[6.975766,50.936265],[6.975733,50.936339],[6.975732,50.936342],[6.975721,50.936368],[6.975772,50.936405],[6.975782,50.936374],[6.975794,50.936337],[6.975811,50.936287],[6.975823,50.936249],[6.975805,50.936235]]]},"properties":{"id":"DENW37AL100063aS","h":23.9,"min_z":45.4,"max_z":69.3}},{"type":"Feature","id":"DENW37AL100065gC","geometry":{"type":"Polygon","coordinates":[[[6.97419,50.929998],[6.974113,50.930065],[6.974124,50.93007],[6.974085,50.930104],[6.97416,50.930138],[6.974225,50.930169],[6.974384,50.930032],[6.974318,50.930002],[6.974243,50.929968],[6.974202,50.930003],[6.97419,50.929998]]]},"properties":{"id":"DENW37AL100065gC","h":19.5,"min_z":46.2,"max_z":65.7}},{"type":"Feature","id":"DENW37AL100063yK","geometry":{"type":"Polygon","coordinates":[[[6.975706,50.9331],[6.975703,50.933099],[6.975663,50.933151],[6.975631,50.933192],[6.975628,50.933197],[6.975631,50.933198],[6.97578,50.933245],[6.975817,50.9332],[6.975842,50.933171],[6.975861,50.933148],[6.975706,50.9331]]]},"properties":{"id":"DENW37AL100063yK","h":21.8,"min_z":45.8,"max_z":67.6}},{"type":"Feature","id":"DENW37AL100065N6","geometry":{"type":"Polygon","coordinates":[[[6.97762,50.937617],[6.97762,50.937663],[6.977621,50.937726],[6.977793,50.937724],[6.977791,50.937616],[6.97762,50.937617]]]},"properties":{"id":"DENW37AL100065N6","h":23.5,"min_z":45.8,"max_z":69.3}},{"type":"Feature","id":"DENW37AL100063yw","geometry":{"type":"Polygon","coordinates":[[[6.976916,50.934146],[6.976946,50.934244],[6.977063,50.934229],[6.977093,50.934327],[6.977256,50.934306],[6.977237,50.93425],[6.977179,50.934139],[6.977139,50.93412],[6.976916,50.934146]]]},"properties":{"id":"DENW37AL100063yw","h":23.9,"min_z":46.0,"max_z":69.9}},{"type":"Feature","id":"DENW37AL100065UN","geometry":{"type":"Polygon","coordinates":[[[6.972026,50.934201],[6.972027,50.934286],[6.97207,50.934286],[6.972071,50.934218],[6.972071,50.934203],[6.972026,50.934201]]]},"properties":{"id":"DENW37AL100065UN","h":3.6,"min_z":46.5,"max_z":50.1}},{"type":"Feature","id":"DENW37AL100066lB","geometry":{"type":"Polygon","coordinates":[[[6.97578,50.933245],[6.975971,50.933305],[6.976089,50.933253],[6.975999,50.933172],[6.975933,50.933199],[6.975842,50.933171],[6.97578,50.933245]]]},"properties":{"id":"DENW37AL100066lB","h":23.6,"min_z":45.8,"max_z":69.4}},{"type":"Feature","id":"DENW37AL100065Gm","geometry":{"type":"Polygon","coordinates":[[[6.975649,50.930697],[6.975664,50.930704],[6.975639,50.930726],[6.975624,50.930719],[6.975599,50.930742],[6.975614,50.930749],[6.975588,50.930772],[6.975599,50.930777],[6.975618,50.930785],[6.97565,50.9308],[6.975714,50.930828],[6.97583,50.930723],[6.975767,50.930695],[6.975705,50.930667],[6.97569,50.930661],[6.975649,50.930697]]]},"properties":{"id":"DENW37AL100065Gm","h":17.0,"min_z":46.5,"max_z":63.5}},{"type":"Feature","id":"DENW37AL100066CU","geometry":{"type":"Polygon","coordinates":[[[6.970306,50.933517],[6.970299,50.933564],[6.970423,50.933572],[6.970436,50.933572],[6.970439,50.933553],[6.970444,50.933525],[6.970306,50.933517]]]},"properties":{"id":"DENW37AL100066CU","h":6.6,"min_z":44.3,"max_z":50.8}},{"type":"Feature","id":"DENW37AL100067JU","geometry":{"type":"Polygon","coordinates":[[[6.972295,50.934904],[6.972283,50.934891],[6.972244,50.934904],[6.97225,50.934911],[6.972243,50.934914],[6.972303,50.934984],[6.972354,50.934973],[6.972324,50.934938],[6.972295,50.934904]]]},"properties":{"id":"DENW37AL100067JU","h":10.6,"min_z":46.6,"max_z":57.2}},{"type":"Feature","id":"DENW37AL100064Cg","geometry":{"type":"Polygon","coordinates":[[[6.977193,50.935687],[6.977192,50.935733],[6.977311,50.935734],[6.977312,50.935688],[6.977193,50.935687]]]},"properties":{"id":"DENW37AL100064Cg","h":2.2,"min_z":45.9,"max_z":48.2}},{"type":"Feature","id":"DENW37AL1000645A","geometry":{"type":"Polygon","coordinates":[[[6.97299,50.937194],[6.972945,50.937197],[6.972956,50.937287],[6.973001,50.937284],[6.97299,50.937194]]]},"properties":{"id":"DENW37AL1000645A","h":7.3,"min_z":43.7,"max_z":51.0}},{"type":"Feature","id":"DENW37AL100066CW","geometry":{"type":"Polygon","coordinates":[[[6.975951,50.936915],[6.975932,50.936914],[6.975926,50.936968],[6.97592,50.937024],[6.975954,50.937026],[6.975951,50.937047],[6.975995,50.937049],[6.975998,50.937029],[6.976054,50.937032],[6.976056,50.937017],[6.976063,50.936978],[6.976072,50.936927],[6.975951,50.936918],[6.975951,50.936915]]]},"properties":{"id":"DENW37AL100066CW","h":19.1,"min_z":44.5,"max_z":63.7}},{"type":"Feature","id":"DENW37AL100065Bf","geometry":{"type":"Polygon","coordinates":[[[6.978441,50.937489],[6.978439,50.93754],[6.978574,50.93754],[6.978586,50.937428],[6.978444,50.937421],[6.978441,50.937489]]]},"properties":{"id":"DENW37AL100065Bf","h":4.0,"min_z":45.1,"max_z":49.1}},{"type":"Feature","id":"DENW37AL1000658Z","geometry":{"type":"Polygon","coordinates":[[[6.973359,50.933686],[6.973486,50.933709],[6.9735,50.93368],[6.973511,50.933657],[6.973385,50.933632],[6.973359,50.933686]]]},"properties":{"id":"DENW37AL1000658Z","h":16.2,"min_z":46.3,"max_z":62.6}},{"type":"Feature","id":"DENW37AL100064nY","geometry":{"type":"Polygon","coordinates":[[[6.974691,50.935774],[6.974691,50.93577],[6.974731,50.935771],[6.974733,50.935725],[6.974735,50.935685],[6.974592,50.935679],[6.974588,50.93572],[6.974584,50.935763],[6.974583,50.935771],[6.974691,50.935774]]]},"properties":{"id":"DENW37AL100064nY","h":15.9,"min_z":45.8,"max_z":61.7}},{"type":"Feature","id":"DENW37AL100074ec","geometry":{"type":"Polygon","coordinates":[[[6.978709,50.932537],[6.978729,50.932557],[6.978737,50.932565],[6.978776,50.932549],[6.97876,50.932533],[6.978748,50.932521],[6.978709,50.932537]]]},"properties":{"id":"DENW37AL100074ec","h":13.2,"min_z":45.8,"max_z":59.0}},{"type":"Feature","id":"DENW37AL100065y7","geometry":{"type":"Polygon","coordinates":[[[6.975444,50.934934],[6.975441,50.934971],[6.975522,50.93498],[6.975575,50.934986],[6.975585,50.93495],[6.975444,50.934934]]]},"properties":{"id":"DENW37AL100065y7","h":4.2,"min_z":45.7,"max_z":49.9}},{"type":"Feature","id":"DENW37AL100074nX","geometry":{"type":"Polygon","coordinates":[[[6.973135,50.934232],[6.973113,50.934266],[6.973147,50.934277],[6.973173,50.934285],[6.973191,50.93429],[6.973178,50.934243],[6.973135,50.934232]]]},"properties":{"id":"DENW37AL100074nX","h":12.7,"min_z":46.6,"max_z":59.4}},{"type":"Feature","id":"DENW37AL100064gQ","geometry":{"type":"Polygon","coordinates":[[[6.974472,50.935986],[6.974611,50.935985],[6.974616,50.935985],[6.974617,50.935962],[6.974617,50.935942],[6.974471,50.935941],[6.974472,50.935986]]]},"properties":{"id":"DENW37AL100064gQ","h":17.2,"min_z":45.7,"max_z":62.9}},{"type":"Feature","id":"DENW37AL100063rC","geometry":{"type":"Polygon","coordinates":[[[6.974631,50.935323],[6.974667,50.935323],[6.974673,50.935267],[6.974634,50.935265],[6.974633,50.935291],[6.974631,50.935323]]]},"properties":{"id":"DENW37AL100063rC","h":14.6,"min_z":46.4,"max_z":61.0}},{"type":"Feature","id":"DENW37AL100064bn","geometry":{"type":"Polygon","coordinates":[[[6.972936,50.935499],[6.972813,50.935508],[6.972832,50.935604],[6.972832,50.935606],[6.972959,50.93559],[6.972958,50.935588],[6.97295,50.935554],[6.972944,50.935531],[6.972936,50.935499]]]},"properties":{"id":"DENW37AL100064bn","h":3.1,"min_z":45.8,"max_z":48.9}},{"type":"Feature","id":"DENW37AL100066np","geometry":{"type":"Polygon","coordinates":[[[6.97304,50.933938],[6.973051,50.933972],[6.973112,50.933964],[6.97313,50.933926],[6.973063,50.933935],[6.97304,50.933938]]]},"properties":{"id":"DENW37AL100066np","h":2.6,"min_z":46.6,"max_z":49.2}},{"type":"Feature","id":"DENW37AL100065DI","geometry":{"type":"Polygon","coordinates":[[[6.973095,50.938098],[6.973136,50.938045],[6.973095,50.938034],[6.973055,50.938087],[6.973095,50.938098]]]},"properties":{"id":"DENW37AL100065DI","h":3.7,"min_z":44.9,"max_z":48.7}},{"type":"Feature","id":"DENW37AL1000660B","geometry":{"type":"Polygon","coordinates":[[[6.974947,50.934227],[6.974948,50.93428],[6.975104,50.934279],[6.975104,50.934277],[6.975105,50.934226],[6.975106,50.934174],[6.974947,50.934174],[6.974947,50.934227]]]},"properties":{"id":"DENW37AL1000660B","h":15.9,"min_z":46.4,"max_z":62.3}},{"type":"Feature","id":"DENW37AL1000644A","geometry":{"type":"Polygon","coordinates":[[[6.97156,50.935368],[6.971258,50.93539],[6.971259,50.935446],[6.971277,50.935445],[6.97128,50.935445],[6.971321,50.935442],[6.971328,50.935482],[6.971332,50.935481],[6.971536,50.935467],[6.971536,50.935469],[6.971579,50.935466],[6.971577,50.935457],[6.97156,50.935368]]]},"properties":{"id":"DENW37AL1000644A","h":13.4,"min_z":45.5,"max_z":58.9}},{"type":"Feature","id":"DENW37AL100063R2","geometry":{"type":"Polygon","coordinates":[[[6.973296,50.935721],[6.973304,50.935745],[6.973335,50.935741],[6.973372,50.935738],[6.973363,50.935712],[6.973328,50.935717],[6.973296,50.935721]]]},"properties":{"id":"DENW37AL100063R2","h":17.2,"min_z":45.7,"max_z":63.0}},{"type":"Feature","id":"DENW37AL1000663i","geometry":{"type":"Polygon","coordinates":[[[6.974194,50.930837],[6.974324,50.930725],[6.974198,50.930664],[6.974069,50.930773],[6.974194,50.930837]]]},"properties":{"id":"DENW37AL1000663i","h":19.5,"min_z":46.3,"max_z":65.8}},{"type":"Feature","id":"DENW37AL100065Va","geometry":{"type":"Polygon","coordinates":[[[6.970963,50.933694],[6.971113,50.933702],[6.971135,50.933704],[6.971159,50.933537],[6.970988,50.933527],[6.970976,50.933606],[6.970963,50.933694]]]},"properties":{"id":"DENW37AL100065Va","h":16.5,"min_z":45.8,"max_z":62.3}},{"type":"Feature","id":"DENW37AL100064dO","geometry":{"type":"Polygon","coordinates":[[[6.974415,50.930646],[6.974547,50.930532],[6.974421,50.930475],[6.974289,50.930586],[6.974415,50.930646]]]},"properties":{"id":"DENW37AL100064dO","h":19.5,"min_z":46.3,"max_z":65.8}},{"type":"Feature","id":"DENW37AL100066bC","geometry":{"type":"Polygon","coordinates":[[[6.972154,50.933845],[6.972094,50.933845],[6.972089,50.933934],[6.972151,50.933937],[6.972154,50.933845]]]},"properties":{"id":"DENW37AL100066bC","h":3.8,"min_z":46.4,"max_z":50.2}},{"type":"Feature","id":"DENW37AL100064eq","geometry":{"type":"Polygon","coordinates":[[[6.972398,50.932126],[6.972435,50.932196],[6.97256,50.932171],[6.972521,50.932099],[6.972398,50.932126]]]},"properties":{"id":"DENW37AL100064eq","h":6.0,"min_z":46.2,"max_z":52.2}},{"type":"Feature","id":"DENW37AL1000642x","geometry":{"type":"Polygon","coordinates":[[[6.976459,50.930172],[6.976398,50.930144],[6.976346,50.93012],[6.976313,50.930149],[6.976366,50.930173],[6.976427,50.930201],[6.976457,50.930174],[6.976459,50.930172]]]},"properties":{"id":"DENW37AL1000642x","h":19.3,"min_z":45.6,"max_z":65.0}},{"type":"Feature","id":"DENW37AL100065Pc","geometry":{"type":"Polygon","coordinates":[[[6.974764,50.935399],[6.974798,50.9354],[6.974804,50.935345],[6.974769,50.935343],[6.974764,50.935399]]]},"properties":{"id":"DENW37AL100065Pc","h":8.3,"min_z":46.5,"max_z":54.8}},{"type":"Feature","id":"DENW37AL100064yD","geometry":{"type":"Polygon","coordinates":[[[6.973894,50.9306],[6.973957,50.930627],[6.974001,50.930587],[6.973942,50.93056],[6.973894,50.9306]]]},"properties":{"id":"DENW37AL100064yD","h":2.3,"min_z":46.6,"max_z":48.9}},{"type":"Feature","id":"DENW37AL100064bA","geometry":{"type":"Polygon","coordinates":[[[6.974984,50.938673],[6.974975,50.938732],[6.974974,50.938743],[6.974973,50.938747],[6.975032,50.938753],[6.975033,50.93875],[6.97505,50.938649],[6.974964,50.938643],[6.974955,50.938671],[6.974984,50.938673]]]},"properties":{"id":"DENW37AL100064bA","h":16.6,"min_z":44.5,"max_z":61.0}},{"type":"Feature","id":"DENW37AL100065wP","geometry":{"type":"Polygon","coordinates":[[[6.973302,50.934446],[6.973236,50.934455],[6.973224,50.934456],[6.973209,50.934458],[6.973134,50.934468],[6.973144,50.934509],[6.973143,50.934509],[6.973149,50.934524],[6.973241,50.934511],[6.973252,50.93451],[6.97332,50.9345],[6.973302,50.934446]]]},"properties":{"id":"DENW37AL100065wP","h":16.1,"min_z":46.8,"max_z":62.8}},{"type":"Feature","id":"DENW37AL100064NZ","geometry":{"type":"Polygon","coordinates":[[[6.97654,50.93726],[6.976562,50.9374],[6.976705,50.937391],[6.976683,50.93725],[6.97654,50.93726]]]},"properties":{"id":"DENW37AL100064NZ","h":18.5,"min_z":43.7,"max_z":62.3}},{"type":"Feature","id":"DENW37AL100064HP","geometry":{"type":"Polygon","coordinates":[[[6.975387,50.935426],[6.975385,50.935445],[6.975383,50.935463],[6.97538,50.935493],[6.975442,50.935499],[6.975457,50.935432],[6.975432,50.93543],[6.975387,50.935426]]]},"properties":{"id":"DENW37AL100064HP","h":7.0,"min_z":45.8,"max_z":52.8}},{"type":"Feature","id":"DENW37AL100065LK","geometry":{"type":"Polygon","coordinates":[[[6.971847,50.934024],[6.971935,50.934027],[6.971939,50.933949],[6.971899,50.933948],[6.971851,50.933947],[6.971847,50.934024]]]},"properties":{"id":"DENW37AL100065LK","h":14.8,"min_z":46.4,"max_z":61.2}},{"type":"Feature","id":"DENW37AL100065Mg","geometry":{"type":"Polygon","coordinates":[[[6.975784,50.930597],[6.975759,50.930619],[6.975744,50.930612],[6.97572,50.930633],[6.975736,50.93064],[6.975705,50.930667],[6.975768,50.930695],[6.97583,50.930723],[6.975948,50.930615],[6.975886,50.930588],[6.975809,50.930554],[6.975769,50.93059],[6.975784,50.930597]]]},"properties":{"id":"DENW37AL100065Mg","h":17.0,"min_z":46.5,"max_z":63.5}},{"type":"Feature","id":"DENW37AL100063WT","geometry":{"type":"Polygon","coordinates":[[[6.972354,50.937692],[6.972367,50.937783],[6.972507,50.937774],[6.972493,50.937683],[6.972423,50.937688],[6.972354,50.937692]]]},"properties":{"id":"DENW37AL100063WT","h":16.2,"min_z":45.1,"max_z":61.3}},{"type":"Feature","id":"DENW37AL100064Xh","geometry":{"type":"Polygon","coordinates":[[[6.97267,50.936919],[6.972701,50.93705],[6.972704,50.937061],[6.972749,50.937058],[6.972805,50.937055],[6.9728,50.937023],[6.972784,50.936911],[6.97267,50.936919]]]},"properties":{"id":"DENW37AL100064Xh","h":17.8,"min_z":43.8,"max_z":61.5}},{"type":"Feature","id":"DENW37AL2kl0005k","geometry":{"type":"Polygon","coordinates":[[[6.974297,50.938436],[6.97429,50.93849],[6.974326,50.938492],[6.974357,50.938494],[6.974415,50.938497],[6.974423,50.938443],[6.974297,50.938436]]]},"properties":{"id":"DENW37AL2kl0005k","h":2.9,"min_z":45.0,"max_z":47.8}},{"type":"Feature","id":"DENW37AL100064WR","geometry":{"type":"Polygon","coordinates":[[[6.973629,50.935806],[6.973648,50.935807],[6.973647,50.935818],[6.97378,50.935822],[6.973783,50.935786],[6.973631,50.935781],[6.973629,50.935806]]]},"properties":{"id":"DENW37AL100064WR","h":9.9,"min_z":46.0,"max_z":55.9}},{"type":"Feature","id":"DENW37ALZz0000OG","geometry":{"type":"Polygon","coordinates":[[[6.976583,50.933998],[6.976564,50.933972],[6.976502,50.933991],[6.976524,50.934057],[6.976536,50.934055],[6.976609,50.934048],[6.976614,50.934047],[6.976579,50.933999],[6.976583,50.933998]]]},"properties":{"id":"DENW37ALZz0000OG","h":8.2,"min_z":46.0,"max_z":54.1}},{"type":"Feature","id":"DENW37ALO90000HE","geometry":{"type":"Polygon","coordinates":[[[6.97657,50.933372],[6.976651,50.933336],[6.976635,50.933318],[6.976552,50.933355],[6.97657,50.933372]]]},"properties":{"id":"DENW37ALO90000HE","h":20.5,"min_z":46.0,"max_z":66.5}},{"type":"Feature","id":"DENW37AL100064wE","geometry":{"type":"Polygon","coordinates":[[[6.97309,50.934301],[6.973113,50.934266],[6.973055,50.934248],[6.973014,50.934309],[6.97309,50.934301]]]},"properties":{"id":"DENW37AL100064wE","h":15.3,"min_z":46.6,"max_z":61.9}},{"type":"Feature","id":"DENW37AL100065HE","geometry":{"type":"Polygon","coordinates":[[[6.97856,50.9369],[6.978814,50.93692],[6.978836,50.936819],[6.978571,50.936798],[6.97856,50.9369]]]},"properties":{"id":"DENW37AL100065HE","h":20.9,"min_z":45.7,"max_z":66.7}},{"type":"Feature","id":"DENW37AL100065b3","geometry":{"type":"Polygon","coordinates":[[[6.975238,50.935512],[6.975378,50.935518],[6.97538,50.935493],[6.975383,50.935463],[6.975245,50.935457],[6.975242,50.935479],[6.975238,50.935512]]]},"properties":{"id":"DENW37AL100065b3","h":9.2,"min_z":45.9,"max_z":55.1}},{"type":"Feature","id":"DENW37AL100065FA","geometry":{"type":"Polygon","coordinates":[[[6.97679,50.934447],[6.976533,50.934476],[6.976539,50.934497],[6.976548,50.934528],[6.976556,50.934558],[6.976562,50.934577],[6.976793,50.934552],[6.976841,50.934546],[6.976827,50.934497],[6.97681,50.934438],[6.976789,50.934441],[6.97679,50.934447]]]},"properties":{"id":"DENW37AL100065FA","h":15.8,"min_z":46.1,"max_z":61.9}},{"type":"Feature","id":"DENW37AL3Dz000CO","geometry":{"type":"Polygon","coordinates":[[[6.975681,50.936905],[6.975678,50.936922],[6.975757,50.936927],[6.97576,50.936909],[6.975681,50.936905]]]},"properties":{"id":"DENW37AL3Dz000CO","h":15.5,"min_z":44.6,"max_z":60.0}},{"type":"Feature","id":"DENW37AL100063VZ","geometry":{"type":"Polygon","coordinates":[[[6.973452,50.935228],[6.973472,50.935298],[6.9736,50.935282],[6.973583,50.935228],[6.973461,50.935224],[6.973452,50.935228]]]},"properties":{"id":"DENW37AL100063VZ","h":14.8,"min_z":46.3,"max_z":61.1}},{"type":"Feature","id":"DENW37AL100064l3","geometry":{"type":"Polygon","coordinates":[[[6.975001,50.935934],[6.974992,50.935957],[6.97501,50.93596],[6.974982,50.936044],[6.975051,50.93605],[6.975063,50.936021],[6.975078,50.935984],[6.975093,50.935945],[6.975026,50.935937],[6.975001,50.935934]]]},"properties":{"id":"DENW37AL100064l3","h":8.0,"min_z":45.1,"max_z":53.1}},{"type":"Feature","id":"DENW37AL100064u0","geometry":{"type":"Polygon","coordinates":[[[6.973073,50.93546],[6.973011,50.935466],[6.97302,50.935501],[6.973154,50.935488],[6.973145,50.935453],[6.973103,50.935457],[6.973082,50.935459],[6.973073,50.93546]]]},"properties":{"id":"DENW37AL100064u0","h":3.6,"min_z":46.4,"max_z":50.0}},{"type":"Feature","id":"DENW37AL10006yGJ","geometry":{"type":"Polygon","coordinates":[[[6.97259,50.937518],[6.972599,50.937568],[6.972599,50.937572],[6.972619,50.93757],[6.972854,50.937555],[6.972844,50.937502],[6.972611,50.937517],[6.97259,50.937518]]]},"properties":{"id":"DENW37AL10006yGJ","h":3.1,"min_z":45.0,"max_z":48.1}},{"type":"Feature","id":"DENW37AL100066po","geometry":{"type":"Polygon","coordinates":[[[6.977779,50.93865],[6.977823,50.938777],[6.977845,50.938774],[6.977853,50.938795],[6.977869,50.938793],[6.978008,50.938774],[6.977958,50.938625],[6.977779,50.93865]]]},"properties":{"id":"DENW37AL100066po","h":22.0,"min_z":44.0,"max_z":66.0}},{"type":"Feature","id":"DENW37AL1000666s","geometry":{"type":"Polygon","coordinates":[[[6.97272,50.937657],[6.972676,50.93766],[6.972678,50.937672],[6.972678,50.937672],[6.972722,50.937669],[6.97272,50.937657]]]},"properties":{"id":"DENW37AL1000666s","h":16.1,"min_z":45.2,"max_z":61.3}},{"type":"Feature","id":"DENW37AL100065LD","geometry":{"type":"Polygon","coordinates":[[[6.973659,50.935749],[6.973653,50.935754],[6.973653,50.93576],[6.973633,50.935759],[6.973631,50.935781],[6.973783,50.935786],[6.973796,50.935786],[6.973799,50.935755],[6.973659,50.935749]]]},"properties":{"id":"DENW37AL100065LD","h":13.6,"min_z":45.9,"max_z":59.4}},{"type":"Feature","id":"DENW37AL100063ec","geometry":{"type":"Polygon","coordinates":[[[6.977425,50.938785],[6.977405,50.938716],[6.977394,50.938718],[6.977235,50.938739],[6.977263,50.938808],[6.977265,50.938808],[6.977425,50.938785]]]},"properties":{"id":"DENW37AL100063ec","h":19.7,"min_z":45.5,"max_z":65.2}},{"type":"Feature","id":"DENW37AL10006yF5","geometry":{"type":"Polygon","coordinates":[[[6.973169,50.935116],[6.973023,50.935129],[6.973026,50.935137],[6.973035,50.935137],[6.973047,50.935187],[6.973188,50.935176],[6.973169,50.935116]]]},"properties":{"id":"DENW37AL10006yF5","h":15.6,"min_z":46.3,"max_z":61.9}},{"type":"Feature","id":"DENW37AL100064w0","geometry":{"type":"Polygon","coordinates":[[[6.971175,50.933241],[6.971197,50.933243],[6.971208,50.93316],[6.971187,50.933159],[6.971037,50.933153],[6.971027,50.933232],[6.971175,50.933241]]]},"properties":{"id":"DENW37AL100064w0","h":18.0,"min_z":45.9,"max_z":63.9}},{"type":"Feature","id":"DENW37AL100064Ua","geometry":{"type":"Polygon","coordinates":[[[6.971096,50.93273],[6.971079,50.932764],[6.971133,50.932775],[6.971135,50.932775],[6.971096,50.93273]]]},"properties":{"id":"DENW37AL100064Ua","h":17.8,"min_z":45.5,"max_z":63.3}},{"type":"Feature","id":"DENW37AL100074aw","geometry":{"type":"Polygon","coordinates":[[[6.976791,50.93574],[6.976806,50.935627],[6.976806,50.935627],[6.976791,50.93574],[6.976791,50.93574]]]},"properties":{"id":"DENW37AL100074aw","h":3.1,"min_z":45.3,"max_z":48.4}},{"type":"Feature","id":"DENW37AL100066XX","geometry":{"type":"Polygon","coordinates":[[[6.971033,50.935406],[6.971049,50.935459],[6.971197,50.93545],[6.971259,50.935446],[6.971258,50.93539],[6.971033,50.935406]]]},"properties":{"id":"DENW37AL100066XX","h":15.3,"min_z":45.8,"max_z":61.2}},{"type":"Feature","id":"DENW37AL100066Xn","geometry":{"type":"Polygon","coordinates":[[[6.975477,50.93258],[6.975499,50.93259],[6.975555,50.932614],[6.975637,50.93265],[6.975726,50.932569],[6.975566,50.932499],[6.975477,50.93258]]]},"properties":{"id":"DENW37AL100066Xn","h":24.8,"min_z":45.3,"max_z":70.1}},{"type":"Feature","id":"DENW37AL100064BS","geometry":{"type":"Polygon","coordinates":[[[6.972399,50.937196],[6.972409,50.937233],[6.972478,50.937228],[6.972469,50.937189],[6.972399,50.937196]]]},"properties":{"id":"DENW37AL100064BS","h":2.8,"min_z":43.9,"max_z":46.7}},{"type":"Feature","id":"DENW37AL100065Fj","geometry":{"type":"Polygon","coordinates":[[[6.974148,50.936396],[6.974159,50.936234],[6.974097,50.936234],[6.974082,50.936449],[6.97408,50.936476],[6.974079,50.93649],[6.974142,50.93649],[6.974148,50.936396]]]},"properties":{"id":"DENW37AL100065Fj","h":3.9,"min_z":44.7,"max_z":48.5}},{"type":"Feature","id":"DENW37AL100065RS","geometry":{"type":"Polygon","coordinates":[[[6.973761,50.938676],[6.973849,50.938688],[6.973877,50.938601],[6.973844,50.938597],[6.973792,50.93859],[6.973761,50.938676]]]},"properties":{"id":"DENW37AL100065RS","h":16.1,"min_z":44.7,"max_z":60.8}},{"type":"Feature","id":"DENW37AL1000660u","geometry":{"type":"Polygon","coordinates":[[[6.975231,50.930185],[6.975071,50.930322],[6.975191,50.930377],[6.97522,50.930352],[6.97535,50.930239],[6.975231,50.930185]]]},"properties":{"id":"DENW37AL1000660u","h":18.0,"min_z":46.9,"max_z":64.9}},{"type":"Feature","id":"DENW37AL100063Xu","geometry":{"type":"Polygon","coordinates":[[[6.975334,50.934362],[6.975298,50.934363],[6.975334,50.934398],[6.975345,50.934408],[6.975372,50.934398],[6.975334,50.934362]]]},"properties":{"id":"DENW37AL100063Xu","h":3.0,"min_z":46.0,"max_z":49.1}},{"type":"Feature","id":"DENW37AL100063Yk","geometry":{"type":"Polygon","coordinates":[[[6.97542,50.935203],[6.975512,50.935206],[6.975515,50.935166],[6.975519,50.935129],[6.975485,50.935125],[6.975428,50.935119],[6.97542,50.935203]]]},"properties":{"id":"DENW37AL100063Yk","h":4.9,"min_z":45.4,"max_z":50.2}},{"type":"Feature","id":"DENW37AL1000674U","geometry":{"type":"Polygon","coordinates":[[[6.978427,50.933068],[6.978501,50.933167],[6.978674,50.933114],[6.978601,50.933021],[6.978581,50.933027],[6.978577,50.933021],[6.978427,50.933068]]]},"properties":{"id":"DENW37AL1000674U","h":16.3,"min_z":46.1,"max_z":62.4}},{"type":"Feature","id":"DENW37AL100065vr","geometry":{"type":"Polygon","coordinates":[[[6.974146,50.933663],[6.974116,50.933663],[6.974124,50.933943],[6.974154,50.933943],[6.974146,50.933663]]]},"properties":{"id":"DENW37AL100065vr","h":16.6,"min_z":45.2,"max_z":61.8}},{"type":"Feature","id":"DENW37AL100064Cw","geometry":{"type":"Polygon","coordinates":[[[6.978863,50.936669],[6.978856,50.936722],[6.979047,50.936733],[6.979055,50.936681],[6.978926,50.936673],[6.978863,50.936669]]]},"properties":{"id":"DENW37AL100064Cw","h":2.5,"min_z":45.5,"max_z":47.9}},{"type":"Feature","id":"DENW37AL100066qw","geometry":{"type":"Polygon","coordinates":[[[6.972849,50.934859],[6.972851,50.934868],[6.972858,50.93489],[6.972903,50.934884],[6.972903,50.934882],[6.972924,50.934879],[6.972924,50.934878],[6.972935,50.934876],[6.972926,50.934849],[6.972849,50.934859]]]},"properties":{"id":"DENW37AL100066qw","h":9.8,"min_z":46.6,"max_z":56.4}},{"type":"Feature","id":"DENW37AL100066s5","geometry":{"type":"Polygon","coordinates":[[[6.971683,50.933897],[6.971681,50.933927],[6.971699,50.933928],[6.971698,50.933941],[6.971737,50.933942],[6.971737,50.933938],[6.97174,50.933898],[6.971696,50.933897],[6.971683,50.933897]]]},"properties":{"id":"DENW37AL100066s5","h":5.8,"min_z":46.7,"max_z":52.5}},{"type":"Feature","id":"DENW37AL100063S3","geometry":{"type":"Polygon","coordinates":[[[6.971273,50.935815],[6.971173,50.935825],[6.97116,50.935846],[6.971172,50.935876],[6.971364,50.935857],[6.971354,50.935818],[6.971324,50.935821],[6.971292,50.935824],[6.971273,50.935815]]]},"properties":{"id":"DENW37AL100063S3","h":17.3,"min_z":45.0,"max_z":62.3}},{"type":"Feature","id":"DENW37AL2FH00092","geometry":{"type":"Polygon","coordinates":[[[6.975402,50.93278],[6.975466,50.932809],[6.975557,50.932719],[6.97558,50.932702],[6.975513,50.932672],[6.975402,50.93278]]]},"properties":{"id":"DENW37AL2FH00092","h":2.4,"min_z":45.5,"max_z":47.9}},{"type":"Feature","id":"DENW37AL100066yk","geometry":{"type":"Polygon","coordinates":[[[6.974509,50.938208],[6.9746,50.938211],[6.97461,50.938125],[6.974576,50.938123],[6.974518,50.93812],[6.97451,50.938205],[6.974509,50.938208]]]},"properties":{"id":"DENW37AL100066yk","h":15.1,"min_z":44.9,"max_z":60.0}},{"type":"Feature","id":"DENW37AL100064Fq","geometry":{"type":"Polygon","coordinates":[[[6.973517,50.934531],[6.973567,50.934643],[6.973572,50.934642],[6.973643,50.934632],[6.973593,50.93452],[6.973517,50.934531]]]},"properties":{"id":"DENW37AL100064Fq","h":2.5,"min_z":46.8,"max_z":49.3}},{"type":"Feature","id":"DENW37AL100066bw","geometry":{"type":"Polygon","coordinates":[[[6.974617,50.935942],[6.974617,50.935962],[6.97464,50.935962],[6.97464,50.935967],[6.974644,50.93597],[6.974764,50.935975],[6.974767,50.935948],[6.974762,50.935948],[6.974617,50.935942]]]},"properties":{"id":"DENW37AL100066bw","h":10.2,"min_z":45.9,"max_z":56.1}},{"type":"Feature","id":"DENW37AL1000641i","geometry":{"type":"Polygon","coordinates":[[[6.974912,50.935614],[6.975005,50.935618],[6.975011,50.935534],[6.974966,50.935532],[6.974918,50.935531],[6.974912,50.935614]]]},"properties":{"id":"DENW37AL1000641i","h":14.6,"min_z":45.5,"max_z":60.1}},{"type":"Feature","id":"DENW37AL100067TH","geometry":{"type":"Polygon","coordinates":[[[6.975955,50.934955],[6.976099,50.934971],[6.976108,50.934972],[6.976146,50.934821],[6.975995,50.934806],[6.975955,50.934955]]]},"properties":{"id":"DENW37AL100067TH","h":16.3,"min_z":45.7,"max_z":62.1}},{"type":"Feature","id":"DENW37AL100066FN","geometry":{"type":"Polygon","coordinates":[[[6.978198,50.932307],[6.978179,50.932288],[6.978106,50.932317],[6.978112,50.932323],[6.978037,50.932353],[6.978032,50.932355],[6.978045,50.932367],[6.978198,50.932308],[6.978198,50.932307]]]},"properties":{"id":"DENW37AL100066FN","h":16.4,"min_z":46.5,"max_z":63.0}},{"type":"Feature","id":"DENW37AL100063cl","geometry":{"type":"Polygon","coordinates":[[[6.974005,50.938177],[6.97409,50.938182],[6.974098,50.938096],[6.974021,50.938092],[6.974005,50.938177]]]},"properties":{"id":"DENW37AL100063cl","h":14.6,"min_z":45.1,"max_z":59.6}},{"type":"Feature","id":"DENW37AL100065c7","geometry":{"type":"Polygon","coordinates":[[[6.978382,50.936311],[6.978509,50.936315],[6.978513,50.936265],[6.978513,50.936263],[6.978386,50.936259],[6.978386,50.936261],[6.978383,50.936307],[6.978382,50.936311]]]},"properties":{"id":"DENW37AL100065c7","h":7.5,"min_z":45.9,"max_z":53.4}},{"type":"Feature","id":"DENW37AL100065qa","geometry":{"type":"Polygon","coordinates":[[[6.973839,50.93491],[6.973853,50.934942],[6.974047,50.93494],[6.974105,50.934939],[6.974103,50.934866],[6.973933,50.93487],[6.973822,50.934872],[6.973839,50.93491]]]},"properties":{"id":"DENW37AL100065qa","h":6.3,"min_z":46.3,"max_z":52.5}},{"type":"Feature","id":"DENW37AL100065MH","geometry":{"type":"Polygon","coordinates":[[[6.973479,50.935839],[6.973475,50.935903],[6.973628,50.935908],[6.973631,50.935875],[6.973633,50.935844],[6.973626,50.935844],[6.973479,50.935839]]]},"properties":{"id":"DENW37AL100065MH","h":18.0,"min_z":45.5,"max_z":63.5}},{"type":"Feature","id":"DENW37AL100065DR","geometry":{"type":"Polygon","coordinates":[[[6.971748,50.932778],[6.971839,50.932797],[6.971875,50.932714],[6.971783,50.932695],[6.971748,50.932778]]]},"properties":{"id":"DENW37AL100065DR","h":14.4,"min_z":45.8,"max_z":60.2}},{"type":"Feature","id":"DENW37AL100064n1","geometry":{"type":"Polygon","coordinates":[[[6.974921,50.938426],[6.974915,50.938421],[6.974858,50.938418],[6.974853,50.938448],[6.974943,50.938454],[6.974952,50.938454],[6.974952,50.938428],[6.974921,50.938426]]]},"properties":{"id":"DENW37AL100064n1","h":5.9,"min_z":45.1,"max_z":51.0}},{"type":"Feature","id":"DENW37AL100064Sy","geometry":{"type":"Polygon","coordinates":[[[6.975868,50.937842],[6.975737,50.937912],[6.975878,50.938025],[6.976005,50.938129],[6.976152,50.938048],[6.975868,50.937842]]]},"properties":{"id":"DENW37AL100064Sy","h":12.5,"min_z":44.5,"max_z":56.9}},{"type":"Feature","id":"DENW37AL100064F7","geometry":{"type":"Polygon","coordinates":[[[6.974277,50.935733],[6.974217,50.935736],[6.974218,50.935759],[6.97422,50.935787],[6.97428,50.935784],[6.974362,50.935781],[6.97436,50.935729],[6.974277,50.935733]]]},"properties":{"id":"DENW37AL100064F7","h":17.8,"min_z":45.8,"max_z":63.7}},{"type":"Feature","id":"DENW37AL100066X3","geometry":{"type":"Polygon","coordinates":[[[6.975219,50.935873],[6.975214,50.935884],[6.975254,50.93589],[6.975268,50.935854],[6.975228,50.935848],[6.975219,50.935873]]]},"properties":{"id":"DENW37AL100066X3","h":2.9,"min_z":45.8,"max_z":48.7}},{"type":"Feature","id":"DENW37AL1000641J","geometry":{"type":"Polygon","coordinates":[[[6.974484,50.936436],[6.974484,50.936483],[6.974513,50.936483],[6.974512,50.936438],[6.974484,50.936436]]]},"properties":{"id":"DENW37AL1000641J","h":18.4,"min_z":45.1,"max_z":63.5}},{"type":"Feature","id":"DENW37AL100065Ow","geometry":{"type":"Polygon","coordinates":[[[6.97509,50.937395],[6.975175,50.9374],[6.975265,50.937406],[6.975275,50.937351],[6.975296,50.937237],[6.975295,50.937236],[6.975205,50.937232],[6.97513,50.937227],[6.975119,50.937227],[6.97509,50.937395]]]},"properties":{"id":"DENW37AL100065Ow","h":15.2,"min_z":44.9,"max_z":60.0}},{"type":"Feature","id":"DENW37AL1000661G","geometry":{"type":"Polygon","coordinates":[[[6.978791,50.933842],[6.978835,50.933932],[6.978973,50.933906],[6.97893,50.933818],[6.978928,50.933815],[6.978791,50.933842]]]},"properties":{"id":"DENW37AL1000661G","h":15.6,"min_z":45.3,"max_z":60.9}},{"type":"Feature","id":"DENW37AL100065SG","geometry":{"type":"Polygon","coordinates":[[[6.975447,50.936461],[6.975375,50.936638],[6.97537,50.936668],[6.975466,50.936674],[6.975552,50.93647],[6.975447,50.936461]]]},"properties":{"id":"DENW37AL100065SG","h":21.0,"min_z":44.7,"max_z":65.7}},{"type":"Feature","id":"DENW37AL3qf0005K","geometry":{"type":"Polygon","coordinates":[[[6.974664,50.93856],[6.974669,50.938511],[6.97458,50.938506],[6.974575,50.938556],[6.974664,50.93856]]]},"properties":{"id":"DENW37AL3qf0005K","h":6.7,"min_z":44.6,"max_z":51.3}},{"type":"Feature","id":"DENW37AL100064Mi","geometry":{"type":"Polygon","coordinates":[[[6.975615,50.936278],[6.975622,50.936279],[6.975638,50.936281],[6.975646,50.936253],[6.975623,50.936251],[6.975615,50.936278]]]},"properties":{"id":"DENW37AL100064Mi","h":16.4,"min_z":44.9,"max_z":61.3}},{"type":"Feature","id":"DENW37AL100064Ah","geometry":{"type":"Polygon","coordinates":[[[6.974357,50.93567],[6.974354,50.935616],[6.974321,50.935617],[6.974212,50.935621],[6.974213,50.935645],[6.974214,50.935676],[6.974357,50.93567]]]},"properties":{"id":"DENW37AL100064Ah","h":15.3,"min_z":46.0,"max_z":61.2}},{"type":"Feature","id":"DENW37AL100063aU","geometry":{"type":"Polygon","coordinates":[[[6.972594,50.93436],[6.972595,50.934406],[6.972686,50.934403],[6.97278,50.9344],[6.972764,50.934354],[6.972679,50.934357],[6.972594,50.93436]]]},"properties":{"id":"DENW37AL100063aU","h":2.8,"min_z":46.5,"max_z":49.3}},{"type":"Feature","id":"DENW37AL100063kv","geometry":{"type":"Polygon","coordinates":[[[6.975159,50.93654],[6.975179,50.936543],[6.975173,50.936563],[6.975233,50.93657],[6.975299,50.936577],[6.975324,50.936513],[6.975254,50.936507],[6.975177,50.936499],[6.975169,50.936498],[6.975159,50.93654]]]},"properties":{"id":"DENW37AL100063kv","h":15.8,"min_z":44.9,"max_z":60.7}},{"type":"Feature","id":"DENW37AL100064mA","geometry":{"type":"Polygon","coordinates":[[[6.976768,50.934223],[6.976786,50.934281],[6.976787,50.934285],[6.97682,50.934281],[6.976816,50.934269],[6.976949,50.934253],[6.976946,50.934244],[6.976934,50.934203],[6.976916,50.934146],[6.976752,50.934166],[6.976768,50.934223]]]},"properties":{"id":"DENW37AL100064mA","h":23.4,"min_z":45.9,"max_z":69.3}},{"type":"Feature","id":"DENW37AL100074F0","geometry":{"type":"Polygon","coordinates":[[[6.973797,50.933565],[6.973785,50.933591],[6.973798,50.933594],[6.973869,50.933608],[6.973879,50.933586],[6.973842,50.933577],[6.973797,50.933565]]]},"properties":{"id":"DENW37AL100074F0","h":3.3,"min_z":45.4,"max_z":48.7}},{"type":"Feature","id":"DENW37AL1000662v","geometry":{"type":"Polygon","coordinates":[[[6.97393,50.934819],[6.973928,50.934786],[6.973855,50.934787],[6.973786,50.934789],[6.973789,50.934846],[6.973809,50.934843],[6.973822,50.934872],[6.973876,50.934871],[6.973933,50.93487],[6.973931,50.934837],[6.97393,50.934819]]]},"properties":{"id":"DENW37AL1000662v","h":11.2,"min_z":46.6,"max_z":57.8}},{"type":"Feature","id":"DENW37AL100063c2","geometry":{"type":"Polygon","coordinates":[[[6.97552,50.935384],[6.975517,50.935397],[6.975517,50.935397],[6.975507,50.935436],[6.97562,50.935446],[6.975639,50.935377],[6.975524,50.935366],[6.97552,50.935384]]]},"properties":{"id":"DENW37AL100063c2","h":13.8,"min_z":45.5,"max_z":59.3}},{"type":"Feature","id":"DENW37AL100065h0","geometry":{"type":"Polygon","coordinates":[[[6.977437,50.937286],[6.977526,50.937285],[6.977532,50.937239],[6.977538,50.93718],[6.977454,50.937175],[6.977437,50.937286]]]},"properties":{"id":"DENW37AL100065h0","h":3.1,"min_z":45.7,"max_z":48.8}},{"type":"Feature","id":"DENW37AL100065y2","geometry":{"type":"Polygon","coordinates":[[[6.973593,50.936456],[6.973583,50.93646],[6.973581,50.936481],[6.97358,50.936482],[6.973632,50.936484],[6.973659,50.936485],[6.973658,50.936458],[6.973593,50.936456]]]},"properties":{"id":"DENW37AL100065y2","h":3.5,"min_z":45.2,"max_z":48.7}},{"type":"Feature","id":"DENW37AL1000674G","geometry":{"type":"Polygon","coordinates":[[[6.975206,50.93579],[6.975192,50.935801],[6.975168,50.935864],[6.975219,50.935873],[6.975228,50.935848],[6.975246,50.935801],[6.975249,50.935792],[6.975206,50.93579]]]},"properties":{"id":"DENW37AL1000674G","h":9.3,"min_z":45.7,"max_z":55.0}},{"type":"Feature","id":"DENW37AL100064lh","geometry":{"type":"Polygon","coordinates":[[[6.975983,50.932681],[6.975921,50.932654],[6.975825,50.932742],[6.975853,50.932754],[6.975983,50.932681]]]},"properties":{"id":"DENW37AL100064lh","h":22.6,"min_z":46.3,"max_z":68.9}},{"type":"Feature","id":"DENW37AL1000657x","geometry":{"type":"Polygon","coordinates":[[[6.972335,50.936949],[6.972335,50.936946],[6.972256,50.936951],[6.97228,50.937053],[6.972281,50.93706],[6.972283,50.937071],[6.97228,50.937071],[6.972284,50.937091],[6.972368,50.937083],[6.972361,50.937056],[6.972335,50.936949]]]},"properties":{"id":"DENW37AL1000657x","h":17.1,"min_z":45.6,"max_z":62.7}},{"type":"Feature","id":"DENW37AL100063Q7","geometry":{"type":"Polygon","coordinates":[[[6.975652,50.934506],[6.975652,50.934547],[6.975652,50.934591],[6.97574,50.93459],[6.97574,50.934547],[6.97574,50.934506],[6.975694,50.934506],[6.975652,50.934506]]]},"properties":{"id":"DENW37AL100063Q7","h":14.9,"min_z":45.8,"max_z":60.7}},{"type":"Feature","id":"DENW37AL100066od","geometry":{"type":"Polygon","coordinates":[[[6.972606,50.934719],[6.972639,50.934817],[6.972688,50.934811],[6.972727,50.934805],[6.972696,50.934707],[6.972606,50.934719]]]},"properties":{"id":"DENW37AL100066od","h":15.3,"min_z":46.5,"max_z":61.8}},{"type":"Feature","id":"DENW37AL100066oM","geometry":{"type":"Polygon","coordinates":[[[6.973816,50.933526],[6.973849,50.933533],[6.973898,50.933544],[6.973936,50.933462],[6.973856,50.93344],[6.973816,50.933526]]]},"properties":{"id":"DENW37AL100066oM","h":15.7,"min_z":45.4,"max_z":61.2}},{"type":"Feature","id":"DENW37AL100066JC","geometry":{"type":"Polygon","coordinates":[[[6.975197,50.93112],[6.975137,50.931179],[6.975148,50.931184],[6.975101,50.931229],[6.975157,50.931254],[6.975225,50.931285],[6.975381,50.931138],[6.975311,50.931107],[6.975253,50.931082],[6.975209,50.931125],[6.975197,50.93112]]]},"properties":{"id":"DENW37AL100066JC","h":18.1,"min_z":46.2,"max_z":64.3}},{"type":"Feature","id":"DENW37AL100069AL","geometry":{"type":"Polygon","coordinates":[[[6.973532,50.934939],[6.973507,50.934857],[6.973405,50.934869],[6.97343,50.934951],[6.973532,50.934939]]]},"properties":{"id":"DENW37AL100069AL","h":14.8,"min_z":46.7,"max_z":61.6}},{"type":"Feature","id":"DENW37AL100064Zh","geometry":{"type":"Polygon","coordinates":[[[6.977786,50.938884],[6.97782,50.938974],[6.978008,50.938946],[6.97805,50.938901],[6.978008,50.938774],[6.977869,50.938793],[6.977894,50.938868],[6.977786,50.938884]]]},"properties":{"id":"DENW37AL100064Zh","h":24.0,"min_z":45.0,"max_z":68.9}},{"type":"Feature","id":"DENW37AL100064xi","geometry":{"type":"Polygon","coordinates":[[[6.975459,50.933884],[6.97546,50.93392],[6.975519,50.93392],[6.975498,50.933894],[6.975459,50.933884]]]},"properties":{"id":"DENW37AL100064xi","h":2.8,"min_z":45.6,"max_z":48.5}},{"type":"Feature","id":"DENW37AL100063VK","geometry":{"type":"Polygon","coordinates":[[[6.97299,50.937194],[6.973001,50.937284],[6.97305,50.937281],[6.973036,50.937191],[6.97299,50.937194]]]},"properties":{"id":"DENW37AL100063VK","h":6.2,"min_z":44.9,"max_z":51.1}},{"type":"Feature","id":"DENW37AL1000653X","geometry":{"type":"Polygon","coordinates":[[[6.9753,50.932514],[6.975433,50.932573],[6.975531,50.932484],[6.975398,50.932425],[6.9753,50.932514]]]},"properties":{"id":"DENW37AL1000653X","h":23.3,"min_z":45.3,"max_z":68.6}},{"type":"Feature","id":"DENW37AL100063ow","geometry":{"type":"Polygon","coordinates":[[[6.974466,50.937533],[6.974436,50.937592],[6.974489,50.937613],[6.974569,50.937617],[6.974578,50.937548],[6.974529,50.937544],[6.974466,50.937533]]]},"properties":{"id":"DENW37AL100063ow","h":15.5,"min_z":45.1,"max_z":60.6}},{"type":"Feature","id":"DENW37AL100066wl","geometry":{"type":"Polygon","coordinates":[[[6.974934,50.938508],[6.975073,50.938517],[6.975083,50.938462],[6.974952,50.938454],[6.974943,50.938454],[6.974938,50.938482],[6.974934,50.938508]]]},"properties":{"id":"DENW37AL100066wl","h":17.1,"min_z":44.6,"max_z":61.7}},{"type":"Feature","id":"DENW37AL1000656n","geometry":{"type":"Polygon","coordinates":[[[6.97752,50.937664],[6.97762,50.937663],[6.97762,50.937617],[6.97752,50.937617],[6.97752,50.937664]]]},"properties":{"id":"DENW37AL1000656n","h":19.3,"min_z":45.7,"max_z":65.0}},{"type":"Feature","id":"DENW37AL100063Ry","geometry":{"type":"Polygon","coordinates":[[[6.973147,50.934277],[6.973113,50.934266],[6.97309,50.934301],[6.973132,50.934297],[6.973147,50.934277]]]},"properties":{"id":"DENW37AL100063Ry","h":14.7,"min_z":46.6,"max_z":61.3}},{"type":"Feature","id":"DENW37AL100064x7","geometry":{"type":"Polygon","coordinates":[[[6.973167,50.934578],[6.973205,50.934691],[6.973377,50.934668],[6.973339,50.934555],[6.973167,50.934578]]]},"properties":{"id":"DENW37AL100064x7","h":16.4,"min_z":46.7,"max_z":63.1}},{"type":"Feature","id":"DENW37AL10006yHs","geometry":{"type":"Polygon","coordinates":[[[6.976175,50.937207],[6.976264,50.937213],[6.976272,50.937155],[6.976278,50.937107],[6.97619,50.937102],[6.976175,50.937207]]]},"properties":{"id":"DENW37AL10006yHs","h":3.5,"min_z":44.6,"max_z":48.1}},{"type":"Feature","id":"DENW37AL1000655W","geometry":{"type":"Polygon","coordinates":[[[6.973796,50.935786],[6.973941,50.935791],[6.973937,50.935749],[6.973936,50.93573],[6.973821,50.935725],[6.973801,50.935725],[6.973799,50.935755],[6.973796,50.935786]]]},"properties":{"id":"DENW37AL1000655W","h":6.4,"min_z":46.0,"max_z":52.4}},{"type":"Feature","id":"DENW37AL100065P4","geometry":{"type":"Polygon","coordinates":[[[6.974119,50.937314],[6.974093,50.93744],[6.974081,50.937497],[6.974252,50.937512],[6.974289,50.937329],[6.974153,50.937317],[6.974119,50.937314]]]},"properties":{"id":"DENW37AL100065P4","h":16.6,"min_z":45.0,"max_z":61.6}},{"type":"Feature","id":"DENW37AL10006492","geometry":{"type":"Polygon","coordinates":[[[6.977638,50.938242],[6.97766,50.938365],[6.977706,50.938485],[6.977726,50.938482],[6.977903,50.938458],[6.977861,50.938344],[6.977841,50.938228],[6.977698,50.938238],[6.977638,50.938242]]]},"properties":{"id":"DENW37AL10006492","h":26.2,"min_z":44.3,"max_z":70.5}},{"type":"Feature","id":"DENW37AL10006yIl","geometry":{"type":"Polygon","coordinates":[[[6.974307,50.93836],[6.974278,50.938359],[6.974277,50.938372],[6.974262,50.938371],[6.974256,50.938415],[6.974288,50.938417],[6.974299,50.938417],[6.974305,50.938372],[6.974307,50.93836]]]},"properties":{"id":"DENW37AL10006yIl","h":6.5,"min_z":45.0,"max_z":51.5}},{"type":"Feature","id":"DENW37AL2FE00074","geometry":{"type":"Polygon","coordinates":[[[6.975017,50.936137],[6.975073,50.936146],[6.9751,50.936078],[6.975042,50.936075],[6.975017,50.936137]]]},"properties":{"id":"DENW37AL2FE00074","h":4.4,"min_z":44.3,"max_z":48.7}},{"type":"Feature","id":"DENW37AL100063rp","geometry":{"type":"Polygon","coordinates":[[[6.974456,50.93544],[6.974457,50.93549],[6.974585,50.935492],[6.974584,50.935438],[6.974456,50.93544]]]},"properties":{"id":"DENW37AL100063rp","h":14.6,"min_z":46.2,"max_z":60.8}},{"type":"Feature","id":"DENW37AL100065D3","geometry":{"type":"Polygon","coordinates":[[[6.971116,50.9357],[6.971131,50.935748],[6.971134,50.935747],[6.9713,50.93573],[6.971308,50.935729],[6.971294,50.935681],[6.971116,50.9357]]]},"properties":{"id":"DENW37AL100065D3","h":15.3,"min_z":45.0,"max_z":60.4}},{"type":"Feature","id":"DENW37AL100063YX","geometry":{"type":"Polygon","coordinates":[[[6.973869,50.930866],[6.973967,50.930779],[6.973966,50.930773],[6.973852,50.930722],[6.97385,50.930724],[6.973752,50.930812],[6.973869,50.930866]]]},"properties":{"id":"DENW37AL100063YX","h":19.2,"min_z":46.2,"max_z":65.4}},{"type":"Feature","id":"DENW37AL1000659m","geometry":{"type":"Polygon","coordinates":[[[6.976909,50.932022],[6.976878,50.931998],[6.976818,50.932028],[6.97676,50.932058],[6.976815,50.932101],[6.976818,50.932099],[6.976835,50.932091],[6.976873,50.932072],[6.976937,50.932039],[6.976913,50.93202],[6.976909,50.932022]]]},"properties":{"id":"DENW37AL1000659m","h":12.8,"min_z":45.9,"max_z":58.7}},{"type":"Feature","id":"DENW37AL1000642J","geometry":{"type":"Polygon","coordinates":[[[6.973016,50.937721],[6.973019,50.937741],[6.973041,50.93774],[6.973054,50.93773],[6.973052,50.937719],[6.973016,50.937721]]]},"properties":{"id":"DENW37AL1000642J","h":16.2,"min_z":45.3,"max_z":61.5}},{"type":"Feature","id":"DENW37AL100063co","geometry":{"type":"Polygon","coordinates":[[[6.972849,50.934616],[6.972849,50.934616],[6.972828,50.934543],[6.972827,50.934543],[6.972776,50.934549],[6.972799,50.934623],[6.972849,50.934616]]]},"properties":{"id":"DENW37AL100063co","h":14.5,"min_z":46.7,"max_z":61.1}},{"type":"Feature","id":"DENW37AL100064EK","geometry":{"type":"Polygon","coordinates":[[[6.976972,50.93221],[6.977018,50.932252],[6.977137,50.932196],[6.977106,50.93217],[6.977096,50.932175],[6.977077,50.93216],[6.976972,50.93221]]]},"properties":{"id":"DENW37AL100064EK","h":12.0,"min_z":46.6,"max_z":58.7}},{"type":"Feature","id":"DENW37AL100064Bq","geometry":{"type":"Polygon","coordinates":[[[6.978944,50.934961],[6.978925,50.934871],[6.978924,50.934871],[6.978918,50.93484],[6.978843,50.934851],[6.978839,50.934851],[6.97884,50.934854],[6.978768,50.934864],[6.978768,50.934865],[6.978804,50.935003],[6.978878,50.934996],[6.97895,50.93499],[6.978944,50.934961],[6.978944,50.934961]]]},"properties":{"id":"DENW37AL100064Bq","h":16.6,"min_z":44.6,"max_z":61.2}},{"type":"Feature","id":"DENW37AL100065Pn","geometry":{"type":"Polygon","coordinates":[[[6.977497,50.936887],[6.977508,50.936887],[6.977518,50.936886],[6.977529,50.936884],[6.977539,50.936882],[6.977548,50.936878],[6.977556,50.936874],[6.977564,50.936869],[6.97757,50.936863],[6.977575,50.936857],[6.977578,50.93685],[6.97758,50.936844],[6.977584,50.936844],[6.9776,50.936731],[6.977441,50.936721],[6.977431,50.93672],[6.977427,50.936747],[6.977421,50.936747],[6.977412,50.936806],[6.977286,50.936798],[6.977273,50.936873],[6.977497,50.936887]]]},"properties":{"id":"DENW37AL100065Pn","h":20.0,"min_z":45.4,"max_z":65.4}},{"type":"Feature","id":"DENW37AL100066ZB","geometry":{"type":"Polygon","coordinates":[[[6.972651,50.938496],[6.972693,50.938502],[6.972728,50.938408],[6.972686,50.938401],[6.972651,50.938496]]]},"properties":{"id":"DENW37AL100066ZB","h":15.1,"min_z":45.0,"max_z":60.0}},{"type":"Feature","id":"DENW37AL100063rb","geometry":{"type":"Polygon","coordinates":[[[6.974106,50.934782],[6.974107,50.934808],[6.974168,50.934808],[6.974168,50.934798],[6.974192,50.934798],[6.974192,50.93478],[6.974176,50.93478],[6.974106,50.934782]]]},"properties":{"id":"DENW37AL100063rb","h":3.1,"min_z":46.8,"max_z":49.9}},{"type":"Feature","id":"DENW37AL100069sw","geometry":{"type":"Polygon","coordinates":[[[6.973089,50.933433],[6.973062,50.933486],[6.97309,50.933492],[6.973114,50.933496],[6.97314,50.933443],[6.973089,50.933433]]]},"properties":{"id":"DENW37AL100069sw","h":7.0,"min_z":46.4,"max_z":53.3}},{"type":"Feature","id":"DENW37AL100064jp","geometry":{"type":"Polygon","coordinates":[[[6.972185,50.934424],[6.972164,50.934364],[6.972146,50.934313],[6.972058,50.934318],[6.971974,50.934323],[6.972011,50.934444],[6.972096,50.934434],[6.972136,50.934429],[6.972137,50.93443],[6.972185,50.934424]]]},"properties":{"id":"DENW37AL100064jp","h":14.3,"min_z":46.4,"max_z":60.7}},{"type":"Feature","id":"DENW37AL1000675C","geometry":{"type":"Polygon","coordinates":[[[6.974488,50.935285],[6.974489,50.935316],[6.974489,50.935321],[6.974532,50.935322],[6.974588,50.935322],[6.974631,50.935323],[6.974633,50.935291],[6.974634,50.935265],[6.974596,50.935264],[6.97452,50.935261],[6.974516,50.935263],[6.974487,50.935279],[6.974488,50.935285]]]},"properties":{"id":"DENW37AL1000675C","h":16.2,"min_z":46.2,"max_z":62.5}},{"type":"Feature","id":"DENW37AL10006yFm","geometry":{"type":"Polygon","coordinates":[[[6.972468,50.937526],[6.972476,50.937576],[6.972599,50.937568],[6.97259,50.937518],[6.972468,50.937526]]]},"properties":{"id":"DENW37AL10006yFm","h":2.4,"min_z":45.3,"max_z":47.7}},{"type":"Feature","id":"DENW37AL100065Cr","geometry":{"type":"Polygon","coordinates":[[[6.970939,50.933857],[6.970937,50.933914],[6.971085,50.933914],[6.971085,50.933856],[6.970939,50.933857]]]},"properties":{"id":"DENW37AL100065Cr","h":16.6,"min_z":46.0,"max_z":62.6}},{"type":"Feature","id":"DENW37AL100065rA","geometry":{"type":"Polygon","coordinates":[[[6.976581,50.937509],[6.976594,50.937586],[6.976735,50.937576],[6.976722,50.937499],[6.976581,50.937509]]]},"properties":{"id":"DENW37AL100065rA","h":16.9,"min_z":44.3,"max_z":61.1}},{"type":"Feature","id":"DENW37AL1000653v","geometry":{"type":"Polygon","coordinates":[[[6.973216,50.938069],[6.973176,50.938122],[6.973219,50.938134],[6.973259,50.938081],[6.973216,50.938069]]]},"properties":{"id":"DENW37AL1000653v","h":3.6,"min_z":45.1,"max_z":48.7}},{"type":"Feature","id":"DENW37AL1000662c","geometry":{"type":"Polygon","coordinates":[[[6.977232,50.93516],[6.977234,50.935197],[6.977237,50.935247],[6.977302,50.935246],[6.977466,50.935239],[6.977487,50.93522],[6.977452,50.935059],[6.977318,50.935072],[6.977336,50.935155],[6.977232,50.93516]]]},"properties":{"id":"DENW37AL1000662c","h":21.8,"min_z":45.9,"max_z":67.7}},{"type":"Feature","id":"DENW37AL100068Oj","geometry":{"type":"Polygon","coordinates":[[[6.974808,50.93873],[6.97482,50.938693],[6.974731,50.938681],[6.974718,50.938718],[6.974808,50.93873]]]},"properties":{"id":"DENW37AL100068Oj","h":3.5,"min_z":44.5,"max_z":48.0}},{"type":"Feature","id":"DENW37AL100065s6","geometry":{"type":"Polygon","coordinates":[[[6.971615,50.935464],[6.971613,50.935454],[6.971577,50.935457],[6.971579,50.935466],[6.971591,50.935533],[6.971645,50.935529],[6.971644,50.935527],[6.971634,50.935468],[6.971623,50.935464],[6.971615,50.935464]]]},"properties":{"id":"DENW37AL100065s6","h":2.9,"min_z":45.7,"max_z":48.6}},{"type":"Feature","id":"DENW37AL100063qI","geometry":{"type":"Polygon","coordinates":[[[6.974563,50.931183],[6.974572,50.931187],[6.974659,50.931106],[6.974483,50.931025],[6.974393,50.931106],[6.974563,50.931183]]]},"properties":{"id":"DENW37AL100063qI","h":20.0,"min_z":46.0,"max_z":66.0}},{"type":"Feature","id":"DENW37AL10006yGC","geometry":{"type":"Polygon","coordinates":[[[6.975448,50.934319],[6.975381,50.934319],[6.975386,50.934361],[6.975411,50.934361],[6.975453,50.93436],[6.975475,50.93436],[6.975474,50.934318],[6.975448,50.934319]]]},"properties":{"id":"DENW37AL10006yGC","h":3.5,"min_z":46.1,"max_z":49.6}},{"type":"Feature","id":"DENW37AL100064uu","geometry":{"type":"Polygon","coordinates":[[[6.973051,50.934422],[6.973166,50.934407],[6.973157,50.93438],[6.973149,50.934352],[6.973033,50.934367],[6.973051,50.934422]]]},"properties":{"id":"DENW37AL100064uu","h":14.7,"min_z":46.6,"max_z":61.3}},{"type":"Feature","id":"DENW37AL3qe000AA","geometry":{"type":"Polygon","coordinates":[[[6.971464,50.934152],[6.971368,50.934151],[6.971267,50.934151],[6.971266,50.934163],[6.971264,50.934206],[6.971459,50.934206],[6.971465,50.934206],[6.971464,50.934194],[6.971464,50.934152]]]},"properties":{"id":"DENW37AL3qe000AA","h":3.1,"min_z":46.4,"max_z":49.5}},{"type":"Feature","id":"DENW37AL100063mL","geometry":{"type":"Polygon","coordinates":[[[6.976777,50.930154],[6.976876,50.930203],[6.976882,50.930198],[6.976794,50.930154],[6.97687,50.930092],[6.976859,50.930087],[6.976777,50.930154]]]},"properties":{"id":"DENW37AL100063mL","h":7.1,"min_z":46.1,"max_z":53.2}},{"type":"Feature","id":"DENW37AL100066b6","geometry":{"type":"Polygon","coordinates":[[[6.974727,50.935827],[6.974662,50.935823],[6.974628,50.935824],[6.974629,50.935845],[6.974629,50.935845],[6.974643,50.935845],[6.974643,50.935852],[6.974719,50.935855],[6.97472,50.935848],[6.974754,50.935848],[6.974759,50.935829],[6.974739,50.935828],[6.974727,50.935827]]]},"properties":{"id":"DENW37AL100066b6","h":9.2,"min_z":45.8,"max_z":55.0}},{"type":"Feature","id":"DENW37AL100064mV","geometry":{"type":"Polygon","coordinates":[[[6.974137,50.936552],[6.97414,50.936511],[6.974077,50.93651],[6.974075,50.936549],[6.974137,50.936552]]]},"properties":{"id":"DENW37AL100064mV","h":16.5,"min_z":44.7,"max_z":61.1}},{"type":"Feature","id":"DENW37AL100066Z0","geometry":{"type":"Polygon","coordinates":[[[6.97444,50.933741],[6.974442,50.933806],[6.974446,50.933806],[6.974586,50.933804],[6.974586,50.933783],[6.974617,50.933783],[6.974615,50.933739],[6.974596,50.933739],[6.974588,50.933739],[6.974444,50.933741],[6.97444,50.933741]]]},"properties":{"id":"DENW37AL100066Z0","h":17.0,"min_z":46.1,"max_z":63.0}},{"type":"Feature","id":"DENW37AL100065i7","geometry":{"type":"Polygon","coordinates":[[[6.974842,50.938689],[6.974826,50.938676],[6.97482,50.938693],[6.974808,50.93873],[6.974827,50.938733],[6.974843,50.938735],[6.974856,50.9387],[6.974842,50.938689]]]},"properties":{"id":"DENW37AL100065i7","h":16.4,"min_z":44.4,"max_z":60.8}},{"type":"Feature","id":"DENW37AL1000674K","geometry":{"type":"Polygon","coordinates":[[[6.972439,50.933393],[6.972483,50.93342],[6.972585,50.933353],[6.972541,50.933326],[6.972439,50.933393]]]},"properties":{"id":"DENW37AL1000674K","h":13.1,"min_z":46.0,"max_z":59.1}},{"type":"Feature","id":"DENW37AL100063as","geometry":{"type":"Polygon","coordinates":[[[6.975562,50.934449],[6.975526,50.934449],[6.975527,50.934547],[6.975562,50.934546],[6.975562,50.934449]]]},"properties":{"id":"DENW37AL100063as","h":16.0,"min_z":45.9,"max_z":62.0}},{"type":"Feature","id":"DENW37AL100064lQ","geometry":{"type":"Polygon","coordinates":[[[6.973852,50.93855],[6.973849,50.938561],[6.97384,50.938585],[6.973844,50.938597],[6.973877,50.938601],[6.973889,50.938566],[6.973892,50.938555],[6.973852,50.93855]]]},"properties":{"id":"DENW37AL100064lQ","h":7.9,"min_z":44.8,"max_z":52.7}},{"type":"Feature","id":"DENW37AL100063vS","geometry":{"type":"Polygon","coordinates":[[[6.977056,50.933202],[6.977116,50.933268],[6.977171,50.933337],[6.977311,50.933293],[6.97721,50.933176],[6.977199,50.93318],[6.977183,50.933161],[6.977056,50.933202]]]},"properties":{"id":"DENW37AL100063vS","h":19.3,"min_z":46.4,"max_z":65.7}},{"type":"Feature","id":"DENW37AL100066iR","geometry":{"type":"Polygon","coordinates":[[[6.977701,50.937284],[6.977615,50.937285],[6.977616,50.937339],[6.977617,50.937455],[6.977618,50.937509],[6.977705,50.937509],[6.97779,50.937508],[6.977787,50.937284],[6.977701,50.937284]]]},"properties":{"id":"DENW37AL100066iR","h":24.6,"min_z":45.8,"max_z":70.4}},{"type":"Feature","id":"DENW37AL100063O3","geometry":{"type":"Polygon","coordinates":[[[6.975109,50.933263],[6.975317,50.933328],[6.975384,50.933242],[6.975176,50.933176],[6.975109,50.933263]]]},"properties":{"id":"DENW37AL100063O3","h":18.1,"min_z":45.8,"max_z":63.8}},{"type":"Feature","id":"DENW37AL100064BW","geometry":{"type":"Polygon","coordinates":[[[6.977711,50.932237],[6.977673,50.932204],[6.977596,50.932239],[6.977527,50.93227],[6.977566,50.932305],[6.977575,50.932301],[6.977575,50.932301],[6.977634,50.932274],[6.977635,50.932273],[6.977686,50.93225],[6.977712,50.932238],[6.977711,50.932237]]]},"properties":{"id":"DENW37AL100064BW","h":14.1,"min_z":45.5,"max_z":59.5}},{"type":"Feature","id":"DENW37AL100069Hs","geometry":{"type":"Polygon","coordinates":[[[6.978008,50.935613],[6.978094,50.935608],[6.978142,50.935606],[6.97816,50.935605],[6.978156,50.935579],[6.97815,50.935534],[6.977999,50.935542],[6.978008,50.935613]]]},"properties":{"id":"DENW37AL100069Hs","h":23.4,"min_z":44.8,"max_z":68.2}},{"type":"Feature","id":"DENW37AL100065fe","geometry":{"type":"Polygon","coordinates":[[[6.975041,50.93783],[6.97519,50.937838],[6.975204,50.937761],[6.975053,50.937752],[6.97505,50.937769],[6.975041,50.93783]]]},"properties":{"id":"DENW37AL100065fe","h":17.9,"min_z":44.9,"max_z":62.7}},{"type":"Feature","id":"DENW37AL100063PN","geometry":{"type":"Polygon","coordinates":[[[6.975582,50.935057],[6.97572,50.935072],[6.975739,50.935004],[6.975612,50.93499],[6.975601,50.934989],[6.975582,50.935057]]]},"properties":{"id":"DENW37AL100063PN","h":15.5,"min_z":45.6,"max_z":61.1}},{"type":"Feature","id":"DENW37AL100063mA","geometry":{"type":"Polygon","coordinates":[[[6.971364,50.93593],[6.971245,50.935939],[6.971259,50.935989],[6.971395,50.935974],[6.971384,50.935934],[6.971365,50.935935],[6.971364,50.93593]]]},"properties":{"id":"DENW37AL100063mA","h":11.6,"min_z":45.3,"max_z":56.8}},{"type":"Feature","id":"DENW37AL100063kX","geometry":{"type":"Polygon","coordinates":[[[6.974446,50.933806],[6.974447,50.933875],[6.974588,50.933873],[6.974586,50.933804],[6.974446,50.933806]]]},"properties":{"id":"DENW37AL100063kX","h":16.4,"min_z":46.3,"max_z":62.7}},{"type":"Feature","id":"DENW37AL1000653J","geometry":{"type":"Polygon","coordinates":[[[6.97588,50.932637],[6.975726,50.932569],[6.975633,50.932653],[6.975721,50.932693],[6.975786,50.932723],[6.97588,50.932637]]]},"properties":{"id":"DENW37AL1000653J","h":20.7,"min_z":45.8,"max_z":66.5}},{"type":"Feature","id":"DENW37AL100064pw","geometry":{"type":"Polygon","coordinates":[[[6.975569,50.935112],[6.975578,50.935113],[6.975572,50.935134],[6.9757,50.935147],[6.97572,50.935072],[6.975582,50.935057],[6.975569,50.935112]]]},"properties":{"id":"DENW37AL100064pw","h":15.3,"min_z":45.5,"max_z":60.8}},{"type":"Feature","id":"DENW37AL100063Zg","geometry":{"type":"Polygon","coordinates":[[[6.972366,50.933349],[6.972439,50.933393],[6.972541,50.933326],[6.972468,50.933282],[6.972366,50.933349]]]},"properties":{"id":"DENW37AL100063Zg","h":13.1,"min_z":46.0,"max_z":59.1}},{"type":"Feature","id":"DENW37AL100064Ee","geometry":{"type":"Polygon","coordinates":[[[6.970916,50.934257],[6.970914,50.934277],[6.970922,50.934285],[6.970935,50.934285],[6.970935,50.934251],[6.970925,50.934251],[6.970916,50.934257]]]},"properties":{"id":"DENW37AL100064Ee","h":20.7,"min_z":46.4,"max_z":67.1}},{"type":"Feature","id":"DENW37AL100063mT","geometry":{"type":"Polygon","coordinates":[[[6.974612,50.935157],[6.974613,50.93518],[6.974693,50.935183],[6.974695,50.935159],[6.974612,50.935157]]]},"properties":{"id":"DENW37AL100063mT","h":13.3,"min_z":46.4,"max_z":59.8}},{"type":"Feature","id":"DENW37AL100066yv","geometry":{"type":"Polygon","coordinates":[[[6.97415,50.935248],[6.974147,50.935286],[6.974211,50.935287],[6.974211,50.93525],[6.974152,50.935249],[6.97415,50.935248]]]},"properties":{"id":"DENW37AL100066yv","h":11.0,"min_z":46.4,"max_z":57.5}},{"type":"Feature","id":"DENW37AL100064Bz","geometry":{"type":"Polygon","coordinates":[[[6.972752,50.934319],[6.972755,50.934326],[6.97283,50.934319],[6.972832,50.934319],[6.972907,50.934312],[6.972898,50.934283],[6.972824,50.934291],[6.972823,50.934291],[6.972764,50.93429],[6.972742,50.93429],[6.972752,50.934319]]]},"properties":{"id":"DENW37AL100064Bz","h":14.5,"min_z":46.5,"max_z":61.1}},{"type":"Feature","id":"DENW37AL100065ze","geometry":{"type":"Polygon","coordinates":[[[6.97233,50.933643],[6.972345,50.933636],[6.972382,50.933663],[6.97239,50.933669],[6.972404,50.933662],[6.972394,50.933656],[6.972443,50.933628],[6.972437,50.933623],[6.972293,50.933618],[6.972294,50.933619],[6.97233,50.933643]]]},"properties":{"id":"DENW37AL100065ze","h":8.6,"min_z":46.3,"max_z":54.9}},{"type":"Feature","id":"DENW37AL100066cj","geometry":{"type":"Polygon","coordinates":[[[6.975981,50.933484],[6.975884,50.933622],[6.975902,50.933649],[6.97591,50.933662],[6.97592,50.933667],[6.976063,50.933471],[6.976053,50.933468],[6.976023,50.933474],[6.975981,50.933484]]]},"properties":{"id":"DENW37AL100066cj","h":21.9,"min_z":45.9,"max_z":67.7}},{"type":"Feature","id":"DENW37AL100069UB","geometry":{"type":"Polygon","coordinates":[[[6.976148,50.937099],[6.97619,50.937102],[6.976209,50.936977],[6.976212,50.936958],[6.976249,50.936939],[6.976173,50.936934],[6.976167,50.936975],[6.976148,50.937099]]]},"properties":{"id":"DENW37AL100069UB","h":14.9,"min_z":44.5,"max_z":59.4}},{"type":"Feature","id":"DENWAT01D000AAOf","geometry":{"type":"Polygon","coordinates":[[[6.971531,50.93844],[6.971588,50.938438],[6.971588,50.938438],[6.971531,50.93844]]]},"properties":{"id":"DENWAT01D000AAOf","h":7.9,"min_z":43.6,"max_z":51.5}},{"type":"Feature","id":"DENWAT01D000A9jw","geometry":{"type":"Polygon","coordinates":[[[6.971371,50.938447],[6.971428,50.938445],[6.971428,50.938445],[6.971371,50.938447]]]},"properties":{"id":"DENWAT01D000A9jw","h":8.1,"min_z":43.9,"max_z":51.9}},{"type":"Feature","id":"DENWAT01D000A9LC","geometry":{"type":"Polygon","coordinates":[[[6.97166,50.93841],[6.971605,50.938376],[6.971609,50.938412],[6.97166,50.93841]]]},"properties":{"id":"DENWAT01D000A9LC","h":10.1,"min_z":40.3,"max_z":50.4}},{"type":"Feature","id":"DENWAT01D0001Wmz","geometry":{"type":"Polygon","coordinates":[[[6.962988,50.936081],[6.962807,50.93607],[6.962796,50.936158],[6.962988,50.936081]]]},"properties":{"id":"DENWAT01D0001Wmz","h":7.0,"min_z":49.8,"max_z":56.7}},{"type":"Feature","id":"DENWAT01D000AA0L","geometry":{"type":"Polygon","coordinates":[[[6.971561,50.938378],[6.971525,50.93838],[6.971529,50.938415],[6.971561,50.938378]]]},"properties":{"id":"DENWAT01D000AA0L","h":1.6,"min_z":49.9,"max_z":51.5}},{"type":"Feature","id":"DENWAT01D000A8wW","geometry":{"type":"Polygon","coordinates":[[[6.971285,50.93839],[6.971284,50.93839],[6.971288,50.938425],[6.971285,50.93839]]]},"properties":{"id":"DENWAT01D000A8wW","h":8.7,"min_z":42.8,"max_z":51.5}},{"type":"Feature","id":"DENWAT01D000A8pW","geometry":{"type":"Polygon","coordinates":[[[6.97427,50.931431],[6.974203,50.931395],[6.974202,50.931431],[6.97427,50.931431]]]},"properties":{"id":"DENWAT01D000A8pW","h":4.3,"min_z":49.0,"max_z":53.4}},{"type":"Feature","id":"DENWAT01D0002GEh","geometry":{"type":"Polygon","coordinates":[[[6.974294,50.931683],[6.974274,50.931635],[6.974247,50.931666],[6.974294,50.931683]]]},"properties":{"id":"DENWAT01D0002GEh","h":2.5,"min_z":47.2,"max_z":49.7}},{"type":"Feature","id":"DENWAT01D0002znF","geometry":{"type":"Polygon","coordinates":[[[6.97622,50.931351],[6.976193,50.931319],[6.976046,50.931367],[6.97622,50.931351]]]},"properties":{"id":"DENWAT01D0002znF","h":6.1,"min_z":47.3,"max_z":53.3}},{"type":"Feature","id":"DENWAT01D000A9OI","geometry":{"type":"Polygon","coordinates":[[[6.974403,50.931488],[6.974431,50.93145],[6.974384,50.931471],[6.974403,50.931488],[6.974403,50.931488]]]},"properties":{"id":"DENWAT01D000A9OI","h":2.6,"min_z":46.5,"max_z":49.0}},{"type":"Feature","id":"DENWAT01D0002h6d","geometry":{"type":"Polygon","coordinates":[[[6.974783,50.932245],[6.974727,50.932253],[6.974743,50.932298],[6.974783,50.932245]]]},"properties":{"id":"DENWAT01D0002h6d","h":1.7,"min_z":47.2,"max_z":48.9}},{"type":"Feature","id":"DENWAT01D0002EEB","geometry":{"type":"Polygon","coordinates":[[[6.974611,50.931873],[6.97457,50.931817],[6.97448,50.931829],[6.974611,50.931873]]]},"properties":{"id":"DENWAT01D0002EEB","h":10.2,"min_z":48.0,"max_z":58.2}},{"type":"Feature","id":"DENW37AL100074lV","geometry":{"type":"Polygon","coordinates":[[[6.97554,50.94657],[6.975827,50.946835],[6.975833,50.946833],[6.975551,50.946565],[6.97554,50.94657]]]},"properties":{"id":"DENW37AL100074lV","h":7.9,"min_z":46.0,"max_z":53.9}},{"type":"Feature","id":"DENW37AL2wZ0007j","geometry":{"type":"Polygon","coordinates":[[[6.974738,50.942737],[6.974779,50.942743],[6.97481,50.942651],[6.974769,50.942645],[6.974738,50.942737]]]},"properties":{"id":"DENW37AL2wZ0007j","h":4.0,"min_z":45.7,"max_z":49.8}},{"type":"Feature","id":"DENW37AL100074YE","geometry":{"type":"Polygon","coordinates":[[[6.97587,50.946891],[6.976058,50.947061],[6.976063,50.947056],[6.975885,50.946894],[6.97587,50.946891]]]},"properties":{"id":"DENW37AL100074YE","h":5.9,"min_z":45.8,"max_z":51.7}},{"type":"Feature","id":"DENW37AL10006yHu","geometry":{"type":"Polygon","coordinates":[[[6.976562,50.943101],[6.977356,50.944076],[6.977487,50.944034],[6.976693,50.943059],[6.976562,50.943101]]]},"properties":{"id":"DENW37AL10006yHu","h":14.4,"min_z":46.0,"max_z":60.4}},{"type":"Feature","id":"DENW37AL3P1000Dp","geometry":{"type":"Polygon","coordinates":[[[6.977032,50.941408],[6.97711,50.941575],[6.977335,50.941533],[6.977256,50.941366],[6.977032,50.941408]]]},"properties":{"id":"DENW37AL3P1000Dp","h":9.4,"min_z":45.8,"max_z":55.2}},{"type":"Feature","id":"DENW37AL100074V9","geometry":{"type":"Polygon","coordinates":[[[6.971348,50.942217],[6.971286,50.942221],[6.971123,50.942233],[6.970989,50.942242],[6.970822,50.942254],[6.970764,50.942259],[6.970793,50.942419],[6.970836,50.942654],[6.970893,50.94265],[6.970891,50.942638],[6.970939,50.942634],[6.9709,50.942411],[6.971269,50.942385],[6.971309,50.942608],[6.971359,50.942604],[6.971361,50.942616],[6.971419,50.942612],[6.971377,50.942377],[6.971348,50.942217]]]},"properties":{"id":"DENW37AL100074V9","h":15.6,"min_z":45.8,"max_z":61.4}},{"type":"Feature","id":"DENW37AL10006467","geometry":{"type":"Polygon","coordinates":[[[6.970096,50.940223],[6.97008,50.940224],[6.970074,50.94024],[6.970068,50.940257],[6.970063,50.940274],[6.97006,50.940285],[6.970058,50.940295],[6.970056,50.940306],[6.970054,50.940328],[6.970053,50.940349],[6.970053,50.94037],[6.970055,50.940392],[6.970059,50.940413],[6.970064,50.940434],[6.970068,50.940446],[6.970072,50.940459],[6.970076,50.940471],[6.970083,50.940487],[6.970091,50.940503],[6.9701,50.94052],[6.970116,50.940519],[6.970096,50.940223]]]},"properties":{"id":"DENW37AL10006467","h":31.0,"min_z":42.5,"max_z":73.5}},{"type":"Feature","id":"DENW37AL1000642q","geometry":{"type":"Polygon","coordinates":[[[6.96924,50.940231],[6.969241,50.940242],[6.969243,50.940281],[6.969267,50.94028],[6.969534,50.940273],[6.96953,50.940218],[6.96924,50.940231]]]},"properties":{"id":"DENW37AL1000642q","h":27.7,"min_z":44.1,"max_z":71.8}},{"type":"Feature","id":"DENW37AL100173cq","geometry":{"type":"Polygon","coordinates":[[[6.970298,50.940208],[6.970299,50.940222],[6.970496,50.940362],[6.970521,50.940355],[6.970547,50.940391],[6.970538,50.940393],[6.970754,50.940547],[6.970828,50.940537],[6.970298,50.940208]]]},"properties":{"id":"DENW37AL100173cq","h":8.4,"min_z":45.4,"max_z":53.8}},{"type":"Feature","id":"DENW37AL10006yDv","geometry":{"type":"Polygon","coordinates":[[[6.976363,50.944899],[6.976272,50.944928],[6.976322,50.944991],[6.976606,50.944902],[6.97659,50.944882],[6.976553,50.944837],[6.976481,50.94486],[6.976363,50.944899]]]},"properties":{"id":"DENW37AL10006yDv","h":10.8,"min_z":45.9,"max_z":56.7}},{"type":"Feature","id":"DENW37AL100066hO","geometry":{"type":"Polygon","coordinates":[[[6.972085,50.946071],[6.972169,50.946085],[6.972181,50.946058],[6.972097,50.946043],[6.972085,50.946071]]]},"properties":{"id":"DENW37AL100066hO","h":6.0,"min_z":44.9,"max_z":50.9}},{"type":"Feature","id":"DENW37ALVv00003b","geometry":{"type":"Polygon","coordinates":[[[6.976764,50.947837],[6.976837,50.947809],[6.976759,50.947728],[6.976714,50.947745],[6.976699,50.947751],[6.97672,50.947773],[6.976749,50.947804],[6.976737,50.947808],[6.976764,50.947837]]]},"properties":{"id":"DENW37ALVv00003b","h":3.8,"min_z":45.8,"max_z":49.5}},{"type":"Feature","id":"DENW37AL100065IN","geometry":{"type":"Polygon","coordinates":[[[6.97274,50.945842],[6.972712,50.94586],[6.972717,50.945863],[6.972718,50.94588],[6.972738,50.945892],[6.972764,50.945892],[6.972769,50.945895],[6.972797,50.945877],[6.97274,50.945842]]]},"properties":{"id":"DENW37AL100065IN","h":2.4,"min_z":45.9,"max_z":48.4}},{"type":"Feature","id":"DENW37AL100063Vr","geometry":{"type":"Polygon","coordinates":[[[6.970941,50.945603],[6.970938,50.945589],[6.970932,50.945575],[6.970924,50.945562],[6.970915,50.945549],[6.970904,50.945536],[6.970892,50.945525],[6.970878,50.945514],[6.970863,50.945503],[6.970846,50.945494],[6.970828,50.945485],[6.97081,50.945478],[6.97079,50.945471],[6.970769,50.945465],[6.970748,50.945461],[6.970726,50.945458],[6.970704,50.945456],[6.970682,50.945454],[6.970659,50.945455],[6.970637,50.945456],[6.970623,50.945457],[6.97061,50.945459],[6.970597,50.945461],[6.970583,50.945464],[6.970562,50.94547],[6.970542,50.945476],[6.970522,50.945484],[6.970504,50.945492],[6.970486,50.945502],[6.970471,50.945512],[6.970456,50.945524],[6.970443,50.945536],[6.970432,50.945548],[6.970423,50.945562],[6.970415,50.945575],[6.970409,50.945589],[6.970405,50.945604],[6.970403,50.945618],[6.970403,50.945632],[6.970405,50.945647],[6.970409,50.945661],[6.970415,50.945675],[6.970422,50.945688],[6.970431,50.9457],[6.970441,50.945712],[6.970453,50.945724],[6.970466,50.945735],[6.970481,50.945745],[6.970497,50.945754],[6.970514,50.945763],[6.970532,50.945771],[6.970551,50.945777],[6.970571,50.945783],[6.970588,50.945787],[6.970606,50.945791],[6.970625,50.945793],[6.970644,50.945795],[6.970662,50.945796],[6.970681,50.945796],[6.9707,50.945795],[6.970719,50.945794],[6.970733,50.945792],[6.970747,50.94579],[6.97076,50.945787],[6.970782,50.945782],[6.970803,50.945775],[6.970823,50.945768],[6.970841,50.945759],[6.970859,50.945749],[6.970875,50.945739],[6.97089,50.945727],[6.970903,50.945715],[6.970914,50.945703],[6.970924,50.945689],[6.970932,50.945675],[6.970938,50.945661],[6.970942,50.945647],[6.970944,50.945632],[6.970944,50.945617],[6.970941,50.945603]]]},"properties":{"id":"DENW37AL100063Vr","h":10.3,"min_z":45.5,"max_z":55.8}},{"type":"Feature","id":"DENW37AL1000631Z","geometry":{"type":"Polygon","coordinates":[[[6.974566,50.938955],[6.974463,50.938954],[6.974466,50.939005],[6.974495,50.939393],[6.974286,50.9394],[6.974261,50.939011],[6.974258,50.938965],[6.974218,50.939014],[6.974243,50.939039],[6.974247,50.939083],[6.974226,50.939109],[6.974251,50.939134],[6.974254,50.939178],[6.974233,50.939204],[6.974258,50.939229],[6.97426,50.939273],[6.974245,50.939293],[6.973999,50.939301],[6.974007,50.939408],[6.974057,50.939406],[6.974102,50.939405],[6.974102,50.939419],[6.974176,50.939417],[6.974175,50.939403],[6.974252,50.939401],[6.974294,50.939442],[6.974473,50.939443],[6.974603,50.939434],[6.974733,50.939435],[6.974908,50.939425],[6.974949,50.939375],[6.974924,50.93935],[6.974921,50.939306],[6.974942,50.93928],[6.974917,50.939255],[6.974914,50.939211],[6.974935,50.939185],[6.97491,50.93916],[6.974907,50.939115],[6.974927,50.939089],[6.974902,50.939065],[6.9749,50.939019],[6.974921,50.938994],[6.974873,50.938947],[6.974876,50.938995],[6.974904,50.93938],[6.974704,50.939385],[6.974677,50.939],[6.974673,50.938947],[6.974566,50.938955]]]},"properties":{"id":"DENW37AL1000631Z","h":24.0,"min_z":44.4,"max_z":68.3}},{"type":"Feature","id":"DENW37AL1000675R","geometry":{"type":"Polygon","coordinates":[[[6.970249,50.94586],[6.970169,50.945951],[6.970289,50.945989],[6.970393,50.94586],[6.970249,50.94586]]]},"properties":{"id":"DENW37AL1000675R","h":9.0,"min_z":45.2,"max_z":54.2}},{"type":"Feature","id":"DENW37AL10006yGr","geometry":{"type":"Polygon","coordinates":[[[6.977992,50.943927],[6.978003,50.94394],[6.97802,50.943934],[6.978412,50.944414],[6.978394,50.94442],[6.978404,50.944432],[6.978554,50.944383],[6.978544,50.944371],[6.978525,50.944377],[6.978349,50.944161],[6.97831,50.944113],[6.978133,50.943897],[6.978152,50.943891],[6.978141,50.943878],[6.977992,50.943927]]]},"properties":{"id":"DENW37AL10006yGr","h":10.3,"min_z":46.0,"max_z":56.3}},{"type":"Feature","id":"DENW37AL10006482","geometry":{"type":"Polygon","coordinates":[[[6.976383,50.941169],[6.976247,50.941184],[6.976255,50.941213],[6.97626,50.941233],[6.976397,50.941219],[6.976394,50.94121],[6.976391,50.941198],[6.976383,50.941169]]]},"properties":{"id":"DENW37AL10006482","h":7.4,"min_z":46.2,"max_z":53.6}},{"type":"Feature","id":"DENW37AL100063P3","geometry":{"type":"Polygon","coordinates":[[[6.974147,50.945328],[6.974154,50.945336],[6.974278,50.945288],[6.974269,50.945279],[6.97428,50.945275],[6.974258,50.945252],[6.974123,50.945304],[6.974147,50.945328]]]},"properties":{"id":"DENW37AL100063P3","h":17.7,"min_z":45.3,"max_z":62.9}},{"type":"Feature","id":"DENW37AL100064fS","geometry":{"type":"Polygon","coordinates":[[[6.975047,50.943768],[6.974965,50.943774],[6.97498,50.943858],[6.975063,50.943852],[6.975052,50.943797],[6.975047,50.943768]]]},"properties":{"id":"DENW37AL100064fS","h":28.6,"min_z":44.5,"max_z":73.0}},{"type":"Feature","id":"DENW37AL100065qc","geometry":{"type":"Polygon","coordinates":[[[6.973752,50.939303],[6.973764,50.939477],[6.973815,50.939476],[6.973802,50.939301],[6.973752,50.939303]]]},"properties":{"id":"DENW37AL100065qc","h":9.0,"min_z":45.7,"max_z":54.7}},{"type":"Feature","id":"DENW37AL100065Xi","geometry":{"type":"Polygon","coordinates":[[[6.976467,50.939097],[6.976517,50.939176],[6.976623,50.93915],[6.976738,50.939133],[6.976697,50.939021],[6.976639,50.939028],[6.976656,50.93908],[6.976587,50.93909],[6.976575,50.939073],[6.976467,50.939097]]]},"properties":{"id":"DENW37AL100065Xi","h":22.1,"min_z":45.4,"max_z":67.4}},{"type":"Feature","id":"DENW37AL100063Yh","geometry":{"type":"Polygon","coordinates":[[[6.976213,50.939045],[6.976219,50.939055],[6.976334,50.93922],[6.976517,50.939176],[6.976467,50.939097],[6.976453,50.939074],[6.976415,50.939084],[6.976406,50.93907],[6.976404,50.93907],[6.976397,50.939061],[6.976361,50.93907],[6.97633,50.939024],[6.976264,50.939042],[6.976258,50.939033],[6.976213,50.939045]]]},"properties":{"id":"DENW37AL100063Yh","h":23.7,"min_z":45.0,"max_z":68.7}},{"type":"Feature","id":"DENW37AL100074Ip","geometry":{"type":"Polygon","coordinates":[[[6.971597,50.945559],[6.971589,50.945579],[6.9716,50.945606],[6.971601,50.94566],[6.971743,50.945648],[6.971727,50.945598],[6.971732,50.945574],[6.971712,50.945552],[6.971597,50.945559]]]},"properties":{"id":"DENW37AL100074Ip","h":8.7,"min_z":45.1,"max_z":53.8}},{"type":"Feature","id":"DENW37AL100063iM","geometry":{"type":"Polygon","coordinates":[[[6.972764,50.939101],[6.972766,50.939133],[6.972766,50.939136],[6.972799,50.939135],[6.972802,50.939171],[6.972808,50.939171],[6.972808,50.939168],[6.972977,50.939164],[6.972978,50.939167],[6.972982,50.939167],[6.972975,50.939058],[6.972971,50.939059],[6.972972,50.939074],[6.9728,50.939079],[6.9728,50.939076],[6.972796,50.939077],[6.972797,50.9391],[6.972764,50.939101]]]},"properties":{"id":"DENW37AL100063iM","h":5.7,"min_z":45.5,"max_z":51.2}},{"type":"Feature","id":"DENW37ALWl0000DW","geometry":{"type":"Polygon","coordinates":[[[6.975545,50.940853],[6.975544,50.940849],[6.975542,50.940845],[6.975539,50.940841],[6.975536,50.940838],[6.975533,50.940835],[6.975529,50.940832],[6.975525,50.940829],[6.97552,50.940826],[6.975515,50.940824],[6.97551,50.940822],[6.975504,50.94082],[6.975499,50.940818],[6.975493,50.940817],[6.975487,50.940816],[6.97548,50.940816],[6.975474,50.940815],[6.975468,50.940816],[6.975462,50.940816],[6.975456,50.940817],[6.97501,50.940866],[6.974717,50.940895],[6.974484,50.940919],[6.974359,50.940932],[6.974353,50.940933],[6.974347,50.940934],[6.974341,50.940935],[6.974335,50.940937],[6.97433,50.940939],[6.974325,50.940941],[6.97432,50.940943],[6.974315,50.940946],[6.974311,50.940949],[6.974308,50.940952],[6.974305,50.940956],[6.974302,50.940959],[6.9743,50.940963],[6.974298,50.940967],[6.974297,50.940971],[6.974296,50.940974],[6.974296,50.940978],[6.974297,50.940982],[6.974298,50.940986],[6.974299,50.94099],[6.974301,50.940994],[6.974304,50.940997],[6.974307,50.941001],[6.97431,50.941004],[6.974314,50.941007],[6.974319,50.94101],[6.974323,50.941012],[6.974329,50.941015],[6.974334,50.941017],[6.974339,50.941018],[6.974345,50.94102],[6.974351,50.941021],[6.974357,50.941022],[6.974364,50.941022],[6.97437,50.941022],[6.974376,50.941022],[6.974382,50.941021],[6.974684,50.940992],[6.975142,50.940943],[6.975482,50.940907],[6.975489,50.940906],[6.975495,50.940905],[6.975501,50.940904],[6.975506,50.940902],[6.975512,50.9409],[6.975517,50.940898],[6.975522,50.940896],[6.975526,50.940893],[6.97553,50.94089],[6.975534,50.940887],[6.975537,50.940883],[6.97554,50.94088],[6.975542,50.940876],[6.975544,50.940872],[6.975545,50.940868],[6.975546,50.940865],[6.975546,50.940861],[6.975546,50.940857],[6.975545,50.940853]]]},"properties":{"id":"DENW37ALWl0000DW","h":12.0,"min_z":46.5,"max_z":58.5}},{"type":"Feature","id":"DENW37AL100074Vu","geometry":{"type":"Polygon","coordinates":[[[6.970392,50.946264],[6.970413,50.946238],[6.970416,50.946233],[6.970504,50.946125],[6.970548,50.946072],[6.970458,50.946043],[6.970416,50.946096],[6.970414,50.946095],[6.970416,50.9461],[6.970398,50.946122],[6.970399,50.946124],[6.970308,50.946237],[6.970392,50.946264]]]},"properties":{"id":"DENW37AL100074Vu","h":7.7,"min_z":44.7,"max_z":52.4}},{"type":"Feature","id":"DENW37ALVv00003f","geometry":{"type":"Polygon","coordinates":[[[6.975911,50.947723],[6.975885,50.947733],[6.976056,50.947904],[6.976082,50.947894],[6.975911,50.947723]]]},"properties":{"id":"DENW37ALVv00003f","h":2.9,"min_z":45.6,"max_z":48.5}},{"type":"Feature","id":"DENW37AL27t000D1","geometry":{"type":"Polygon","coordinates":[[[6.972764,50.939101],[6.972766,50.939133],[6.972766,50.939136],[6.972799,50.939135],[6.972797,50.9391],[6.972764,50.939101]]]},"properties":{"id":"DENW37AL27t000D1","h":26.4,"min_z":45.6,"max_z":71.9}},{"type":"Feature","id":"DENW37AL100074is","geometry":{"type":"Polygon","coordinates":[[[6.971015,50.943652],[6.971139,50.943643],[6.971475,50.943619],[6.971599,50.943611],[6.971419,50.942612],[6.971361,50.942616],[6.970893,50.94265],[6.970836,50.942654],[6.971015,50.943652]]]},"properties":{"id":"DENW37AL100074is","h":27.2,"min_z":45.6,"max_z":72.8}},{"type":"Feature","id":"DENW37ALWl0000DV","geometry":{"type":"Polygon","coordinates":[[[6.975444,50.941078],[6.975443,50.941074],[6.975442,50.94107],[6.97544,50.941067],[6.975437,50.941063],[6.975434,50.94106],[6.975431,50.941056],[6.975427,50.941053],[6.975422,50.94105],[6.975418,50.941048],[6.975413,50.941045],[6.975407,50.941043],[6.975402,50.941042],[6.975396,50.94104],[6.97539,50.941039],[6.975384,50.941038],[6.975377,50.941038],[6.975371,50.941038],[6.975365,50.941038],[6.974901,50.941086],[6.974655,50.941111],[6.974286,50.941153],[6.973927,50.941191],[6.973921,50.941192],[6.973915,50.941193],[6.97391,50.941195],[6.973905,50.941197],[6.9739,50.941199],[6.973895,50.941202],[6.973891,50.941204],[6.973887,50.941207],[6.973884,50.941211],[6.973882,50.941214],[6.973879,50.941218],[6.973878,50.941221],[6.973876,50.941225],[6.973876,50.941229],[6.973876,50.941233],[6.973876,50.941236],[6.973877,50.94124],[6.973879,50.941244],[6.973881,50.941248],[6.973884,50.941251],[6.973887,50.941254],[6.973891,50.941257],[6.973895,50.94126],[6.973899,50.941263],[6.973904,50.941265],[6.973909,50.941267],[6.973915,50.941269],[6.97392,50.94127],[6.973926,50.941271],[6.973932,50.941272],[6.973938,50.941272],[6.973944,50.941272],[6.97395,50.941272],[6.974243,50.941247],[6.974607,50.94121],[6.97489,50.94118],[6.975387,50.941128],[6.975393,50.941127],[6.975399,50.941125],[6.975405,50.941124],[6.97541,50.941122],[6.975415,50.94112],[6.97542,50.941117],[6.975425,50.941114],[6.975429,50.941112],[6.975433,50.941108],[6.975436,50.941105],[6.975439,50.941101],[6.975441,50.941098],[6.975443,50.941094],[6.975444,50.94109],[6.975445,50.941086],[6.975445,50.941082],[6.975444,50.941078]]]},"properties":{"id":"DENW37ALWl0000DV","h":12.0,"min_z":46.6,"max_z":58.6}},{"type":"Feature","id":"DENW37AL100074lS","geometry":{"type":"Polygon","coordinates":[[[6.972769,50.945882],[6.972767,50.945878],[6.972764,50.945875],[6.97276,50.945871],[6.972755,50.945868],[6.972753,50.945867],[6.97275,50.945866],[6.972746,50.945865],[6.972743,50.945864],[6.97274,50.945864],[6.972737,50.945863],[6.972733,50.945863],[6.97273,50.945863],[6.972726,50.945863],[6.972721,50.945864],[6.972719,50.945864],[6.972718,50.945865],[6.972714,50.945866],[6.972711,50.945867],[6.972708,50.945868],[6.972706,50.945869],[6.972703,50.945871],[6.972701,50.945872],[6.972699,50.945874],[6.972697,50.945876],[6.972695,50.945878],[6.972694,50.94588],[6.972693,50.945884],[6.972692,50.945887],[6.972692,50.945889],[6.972693,50.945891],[6.972694,50.945896],[6.972696,50.945898],[6.972697,50.9459],[6.972699,50.945902],[6.972701,50.945903],[6.972703,50.945905],[6.972706,50.945907],[6.972709,50.945908],[6.972712,50.945909],[6.972715,50.94591],[6.972718,50.945911],[6.972721,50.945912],[6.972725,50.945912],[6.972728,50.945912],[6.972735,50.945912],[6.972742,50.945911],[6.972746,50.945911],[6.972749,50.94591],[6.972752,50.945909],[6.972755,50.945907],[6.972758,50.945906],[6.97276,50.945904],[6.972762,50.945903],[6.972764,50.945901],[6.972766,50.945899],[6.972767,50.945897],[6.972769,50.945895],[6.972769,50.945893],[6.97277,50.945891],[6.97277,50.945886],[6.972769,50.945882]]]},"properties":{"id":"DENW37AL100074lS","h":2.4,"min_z":46.0,"max_z":48.4}},{"type":"Feature","id":"DENW37AL100063VE","geometry":{"type":"Polygon","coordinates":[[[6.971464,50.945446],[6.971419,50.945189],[6.97131,50.945196],[6.971345,50.945401],[6.971374,50.945573],[6.971615,50.945556],[6.971612,50.945544],[6.971595,50.945438],[6.971566,50.94544],[6.971464,50.945446]]]},"properties":{"id":"DENW37AL100063VE","h":3.3,"min_z":46.2,"max_z":49.5}},{"type":"Feature","id":"DENW37AL100065m3","geometry":{"type":"Polygon","coordinates":[[[6.97115,50.945736],[6.97114,50.945763],[6.971225,50.945776],[6.971234,50.945748],[6.971157,50.945737],[6.97115,50.945736]]]},"properties":{"id":"DENW37AL100065m3","h":3.6,"min_z":45.9,"max_z":49.5}},{"type":"Feature","id":"DENW37ALX30000Eb","geometry":{"type":"Polygon","coordinates":[[[6.970194,50.94072],[6.97021,50.94084],[6.970482,50.940826],[6.970465,50.940705],[6.970398,50.94071],[6.97033,50.940714],[6.970262,50.940717],[6.970194,50.94072]]]},"properties":{"id":"DENW37ALX30000Eb","h":5.2,"min_z":44.7,"max_z":49.9}},{"type":"Feature","id":"DENW37AL100064Yb","geometry":{"type":"Polygon","coordinates":[[[6.970087,50.945944],[6.970087,50.945998],[6.970121,50.945998],[6.970121,50.945944],[6.970087,50.945944]]]},"properties":{"id":"DENW37AL100064Yb","h":6.0,"min_z":46.7,"max_z":52.7}},{"type":"Feature","id":"DENW37AL100064fI","geometry":{"type":"Polygon","coordinates":[[[6.974533,50.943461],[6.974533,50.943465],[6.974277,50.943483],[6.974272,50.943455],[6.974271,50.943446],[6.974266,50.943423],[6.974048,50.943438],[6.974027,50.94344],[6.973929,50.943447],[6.973738,50.943461],[6.973666,50.943466],[6.973512,50.943477],[6.973481,50.943479],[6.973399,50.943485],[6.973424,50.943621],[6.973443,50.94372],[6.973474,50.943896],[6.973488,50.943969],[6.973517,50.944131],[6.973533,50.94413],[6.973553,50.944129],[6.973583,50.944126],[6.973604,50.944124],[6.973694,50.944117],[6.973749,50.944113],[6.973784,50.944111],[6.973828,50.944107],[6.973909,50.944102],[6.973968,50.944097],[6.974007,50.944095],[6.974198,50.944081],[6.974296,50.944074],[6.974363,50.944069],[6.974383,50.944067],[6.974376,50.94403],[6.974369,50.943993],[6.974625,50.943974],[6.974626,50.943977],[6.974645,50.943976],[6.974645,50.943975],[6.974711,50.94397],[6.974721,50.944022],[6.974638,50.944028],[6.974641,50.944044],[6.975092,50.944012],[6.975063,50.943852],[6.97498,50.943858],[6.974965,50.943774],[6.975047,50.943768],[6.97502,50.94362],[6.974938,50.943626],[6.974924,50.94355],[6.974922,50.943542],[6.975005,50.943536],[6.97498,50.943402],[6.974975,50.943375],[6.974605,50.943404],[6.974614,50.943456],[6.974552,50.94346],[6.974552,50.94346],[6.974533,50.943461]]]},"properties":{"id":"DENW37AL100064fI","h":13.7,"min_z":40.5,"max_z":54.2}},{"type":"Feature","id":"DENW37AL2Ow0005Q","geometry":{"type":"Polygon","coordinates":[[[6.976053,50.947163],[6.976021,50.947128],[6.975994,50.947098],[6.975948,50.947118],[6.975929,50.947127],[6.976177,50.947454],[6.976367,50.947429],[6.976356,50.947393],[6.976211,50.947415],[6.976028,50.94717],[6.976053,50.947163]]]},"properties":{"id":"DENW37AL2Ow0005Q","h":3.5,"min_z":45.9,"max_z":49.5}},{"type":"Feature","id":"DENW37AL100074li","geometry":{"type":"Polygon","coordinates":[[[6.971222,50.944121],[6.971566,50.944096],[6.971564,50.944086],[6.97122,50.94411],[6.971222,50.944121]]]},"properties":{"id":"DENW37AL100074li","h":15.5,"min_z":45.4,"max_z":60.9}},{"type":"Feature","id":"DENW37AL100064Z5","geometry":{"type":"Polygon","coordinates":[[[6.975005,50.943536],[6.974922,50.943542],[6.974924,50.94355],[6.974938,50.943626],[6.97502,50.94362],[6.975015,50.943591],[6.975013,50.943582],[6.975008,50.943556],[6.975005,50.943539],[6.975005,50.943536]]]},"properties":{"id":"DENW37AL100064Z5","h":4.7,"min_z":43.7,"max_z":48.4}},{"type":"Feature","id":"DENW37AL40000kvk","geometry":{"type":"Polygon","coordinates":[[[6.97334,50.946719],[6.973352,50.946692],[6.973363,50.946664],[6.973372,50.946635],[6.97338,50.946607],[6.973387,50.946578],[6.973393,50.94655],[6.973398,50.946521],[6.973401,50.946492],[6.973403,50.946463],[6.973403,50.946433],[6.973402,50.946404],[6.9734,50.946374],[6.973397,50.946345],[6.973392,50.946316],[6.973386,50.946287],[6.973378,50.946258],[6.973369,50.946227],[6.973358,50.946197],[6.973345,50.946167],[6.973331,50.946137],[6.973316,50.946108],[6.973299,50.946078],[6.97328,50.94605],[6.973272,50.946038],[6.973212,50.946055],[6.973229,50.946079],[6.973244,50.946104],[6.973258,50.94613],[6.973271,50.946155],[6.973283,50.946181],[6.973294,50.946207],[6.973303,50.946233],[6.973311,50.946255],[6.973317,50.946278],[6.973323,50.946301],[6.973328,50.946327],[6.973332,50.946353],[6.973335,50.94638],[6.973337,50.946406],[6.973338,50.946432],[6.973338,50.946456],[6.973337,50.94648],[6.973335,50.946504],[6.973332,50.946527],[6.973328,50.946551],[6.973324,50.946574],[6.973318,50.946597],[6.973312,50.94662],[6.973305,50.946642],[6.973297,50.946665],[6.973287,50.946689],[6.973276,50.946713],[6.973265,50.946737],[6.973252,50.94676],[6.973237,50.946787],[6.97322,50.946814],[6.973202,50.94684],[6.973182,50.946866],[6.973162,50.946891],[6.97314,50.946916],[6.973151,50.946919],[6.973153,50.946918],[6.973198,50.946931],[6.97322,50.946906],[6.973241,50.94688],[6.97326,50.946854],[6.973279,50.946828],[6.973296,50.946801],[6.973312,50.946774],[6.973326,50.946747],[6.97334,50.946719]]]},"properties":{"id":"DENW37AL40000kvk","h":10.4,"min_z":45.9,"max_z":56.3}},{"type":"Feature","id":"DENW37AL100066FG","geometry":{"type":"Polygon","coordinates":[[[6.973528,50.93921],[6.973532,50.939264],[6.973578,50.939263],[6.973575,50.939209],[6.973528,50.93921]]]},"properties":{"id":"DENW37AL100066FG","h":9.9,"min_z":45.7,"max_z":55.6}},{"type":"Feature","id":"DENW37AL10017gRT","geometry":{"type":"Polygon","coordinates":[[[6.974092,50.941468],[6.973998,50.941574],[6.973915,50.941688],[6.973828,50.941811],[6.973768,50.941909],[6.97368,50.942084],[6.973809,50.942107],[6.973838,50.942039],[6.973909,50.941907],[6.973979,50.941797],[6.974037,50.941712],[6.974108,50.941618],[6.97422,50.941493],[6.974186,50.941479],[6.974169,50.941496],[6.974092,50.941468]]]},"properties":{"id":"DENW37AL10017gRT","h":5.4,"min_z":46.7,"max_z":52.1}},{"type":"Feature","id":"DENW37AL100074gJ","geometry":{"type":"Polygon","coordinates":[[[6.9709,50.942411],[6.970939,50.942634],[6.971309,50.942608],[6.971269,50.942385],[6.9709,50.942411]]]},"properties":{"id":"DENW37AL100074gJ","h":9.2,"min_z":46.4,"max_z":55.6}},{"type":"Feature","id":"DENW37AL100065ac","geometry":{"type":"Polygon","coordinates":[[[6.970878,50.946371],[6.970901,50.946395],[6.970945,50.946443],[6.971018,50.946415],[6.970951,50.946344],[6.970908,50.94636],[6.970878,50.946371]]]},"properties":{"id":"DENW37AL100065ac","h":3.8,"min_z":45.0,"max_z":48.8}},{"type":"Feature","id":"DENW37AL1000654b","geometry":{"type":"Polygon","coordinates":[[[6.973887,50.938915],[6.973831,50.938916],[6.973832,50.938934],[6.973836,50.93899],[6.973865,50.938992],[6.973893,50.938993],[6.973887,50.938915]]]},"properties":{"id":"DENW37AL1000654b","h":12.7,"min_z":45.2,"max_z":57.9}},{"type":"Feature","id":"DENW37AL100064YQ","geometry":{"type":"Polygon","coordinates":[[[6.976279,50.944501],[6.976358,50.944598],[6.977255,50.944306],[6.977176,50.944209],[6.977154,50.944216],[6.977142,50.944201],[6.976326,50.944466],[6.976338,50.944481],[6.976279,50.944501]]]},"properties":{"id":"DENW37AL100064YQ","h":23.2,"min_z":46.1,"max_z":69.2}},{"type":"Feature","id":"DENW37AL20000n54","geometry":{"type":"Polygon","coordinates":[[[6.969226,50.94255],[6.969222,50.94253],[6.968978,50.942548],[6.968982,50.942567],[6.969226,50.94255]]]},"properties":{"id":"DENW37AL20000n54","h":11.1,"min_z":45.4,"max_z":56.5}},{"type":"Feature","id":"DENW37AL100062eg","geometry":{"type":"Polygon","coordinates":[[[6.97338,50.939317],[6.973387,50.939317],[6.973375,50.939144],[6.973362,50.938962],[6.973352,50.938824],[6.973348,50.938824],[6.97338,50.939317]]]},"properties":{"id":"DENW37AL100062eg","h":27.5,"min_z":45.4,"max_z":72.9}},{"type":"Feature","id":"DENW37AL2Ow0005N","geometry":{"type":"Polygon","coordinates":[[[6.975922,50.947085],[6.975915,50.94709],[6.975948,50.947118],[6.975994,50.947098],[6.976003,50.947094],[6.975809,50.946918],[6.975821,50.946913],[6.975765,50.946863],[6.975753,50.946868],[6.975701,50.946891],[6.975922,50.947085]]]},"properties":{"id":"DENW37AL2Ow0005N","h":4.6,"min_z":46.3,"max_z":50.8}},{"type":"Feature","id":"DENW37AL100065oZ","geometry":{"type":"Polygon","coordinates":[[[6.978026,50.942082],[6.978033,50.942107],[6.978051,50.942105],[6.978058,50.942104],[6.978094,50.942101],[6.978087,50.942075],[6.978049,50.942079],[6.978026,50.942082]]]},"properties":{"id":"DENW37AL100065oZ","h":6.0,"min_z":45.8,"max_z":51.8}},{"type":"Feature","id":"DENW37AL100063sB","geometry":{"type":"Polygon","coordinates":[[[6.975627,50.93932],[6.975633,50.939318],[6.975645,50.939331],[6.975668,50.939322],[6.975668,50.939322],[6.975653,50.939305],[6.975627,50.939315],[6.975624,50.939316],[6.975627,50.93932]]]},"properties":{"id":"DENW37AL100063sB","h":22.5,"min_z":45.5,"max_z":67.9}},{"type":"Feature","id":"DENW37AL100066Kj","geometry":{"type":"Polygon","coordinates":[[[6.973512,50.946104],[6.973527,50.946135],[6.973541,50.946166],[6.973553,50.946198],[6.973564,50.94623],[6.973573,50.946262],[6.973581,50.946294],[6.973587,50.946326],[6.973591,50.946358],[6.973594,50.946391],[6.973595,50.946423],[6.973869,50.946419],[6.973865,50.946358],[6.973856,50.946295],[6.973844,50.946233],[6.973825,50.946171],[6.973803,50.94611],[6.973776,50.946049],[6.973565,50.946093],[6.973512,50.946104]]]},"properties":{"id":"DENW37AL100066Kj","h":11.3,"min_z":46.1,"max_z":57.3}},{"type":"Feature","id":"DENW37AL100066Hy","geometry":{"type":"Polygon","coordinates":[[[6.975821,50.946913],[6.975866,50.946893],[6.97581,50.946843],[6.975765,50.946863],[6.975821,50.946913]]]},"properties":{"id":"DENW37AL100066Hy","h":6.4,"min_z":45.8,"max_z":52.2}},{"type":"Feature","id":"DENW37AL2eu000Dg","geometry":{"type":"Polygon","coordinates":[[[6.977057,50.941457],[6.977111,50.941574],[6.977332,50.941532],[6.977304,50.941474],[6.977277,50.941415],[6.977057,50.941457]]]},"properties":{"id":"DENW37AL2eu000Dg","h":9.2,"min_z":46.0,"max_z":55.2}},{"type":"Feature","id":"DENW37AL10006yF8","geometry":{"type":"Polygon","coordinates":[[[6.971712,50.945552],[6.971597,50.945559],[6.971577,50.94558],[6.971565,50.945636],[6.971571,50.945648],[6.971584,50.945671],[6.971604,50.945705],[6.971765,50.945694],[6.971771,50.945646],[6.971775,50.945622],[6.971736,50.945559],[6.971712,50.945552]]]},"properties":{"id":"DENW37AL10006yF8","h":8.0,"min_z":45.1,"max_z":53.1}},{"type":"Feature","id":"DENW37AL100074Pf","geometry":{"type":"Polygon","coordinates":[[[6.973257,50.945929],[6.973217,50.945942],[6.973224,50.945951],[6.973216,50.945954],[6.973256,50.946003],[6.973265,50.946],[6.973272,50.946008],[6.973311,50.945996],[6.973264,50.945938],[6.973257,50.945929]]]},"properties":{"id":"DENW37AL100074Pf","h":15.7,"min_z":46.0,"max_z":61.8}},{"type":"Feature","id":"DENW37AL2MR0007v","geometry":{"type":"Polygon","coordinates":[[[6.968721,50.940067],[6.968736,50.940275],[6.968888,50.940271],[6.968874,50.940063],[6.968721,50.940067]]]},"properties":{"id":"DENW37AL2MR0007v","h":4.8,"min_z":45.5,"max_z":50.3}},{"type":"Feature","id":"DENW37AL100064Wh","geometry":{"type":"Polygon","coordinates":[[[6.972211,50.94504],[6.972212,50.945044],[6.972231,50.945151],[6.972146,50.945157],[6.972202,50.945164],[6.972259,50.945171],[6.972315,50.945179],[6.97237,50.945188],[6.972426,50.945198],[6.972481,50.945209],[6.972535,50.945221],[6.972589,50.945234],[6.972642,50.945248],[6.972695,50.945262],[6.972577,50.945422],[6.972621,50.945435],[6.972664,50.945449],[6.972707,50.945464],[6.972749,50.94548],[6.97279,50.945496],[6.972831,50.945513],[6.972871,50.94553],[6.973035,50.945394],[6.973082,50.945417],[6.973129,50.945441],[6.973175,50.945465],[6.973219,50.94549],[6.973262,50.945516],[6.973304,50.945543],[6.973344,50.945571],[6.973383,50.9456],[6.973421,50.945629],[6.973458,50.945659],[6.973548,50.945616],[6.973512,50.945585],[6.973474,50.945556],[6.973452,50.945539],[6.973435,50.945527],[6.973394,50.945499],[6.973353,50.945471],[6.97331,50.945445],[6.973266,50.945419],[6.973239,50.945403],[6.973211,50.945388],[6.973183,50.945373],[6.973157,50.94536],[6.973129,50.945346],[6.973102,50.945333],[6.973072,50.945172],[6.973064,50.945124],[6.97304,50.944995],[6.973038,50.944984],[6.973038,50.94498],[6.972211,50.94504]]]},"properties":{"id":"DENW37AL100064Wh","h":10.6,"min_z":46.0,"max_z":56.6}},{"type":"Feature","id":"DENW37AL100062py","geometry":{"type":"Polygon","coordinates":[[[6.974995,50.940453],[6.974999,50.940514],[6.975045,50.940513],[6.975042,50.940452],[6.974995,50.940453]]]},"properties":{"id":"DENW37AL100062py","h":3.5,"min_z":46.5,"max_z":50.0}},{"type":"Feature","id":"DENW37ALWI0000JL","geometry":{"type":"Polygon","coordinates":[[[6.971676,50.945403],[6.971701,50.945551],[6.971733,50.945549],[6.971709,50.945401],[6.971676,50.945403]]]},"properties":{"id":"DENW37ALWI0000JL","h":3.2,"min_z":46.2,"max_z":49.4}},{"type":"Feature","id":"DENW37AL100064qT","geometry":{"type":"Polygon","coordinates":[[[6.97202,50.9457],[6.972158,50.945742],[6.972231,50.945647],[6.972093,50.945605],[6.97202,50.9457]]]},"properties":{"id":"DENW37AL100064qT","h":3.1,"min_z":45.7,"max_z":48.9}},{"type":"Feature","id":"DENW37AL2wZ000A4","geometry":{"type":"Polygon","coordinates":[[[6.975075,50.941848],[6.975073,50.94191],[6.975126,50.94191],[6.975128,50.941848],[6.975075,50.941848]]]},"properties":{"id":"DENW37AL2wZ000A4","h":3.9,"min_z":45.9,"max_z":49.8}},{"type":"Feature","id":"DENW37AL2Ow0002n","geometry":{"type":"Polygon","coordinates":[[[6.968699,50.941741],[6.968699,50.941779],[6.968805,50.941779],[6.968806,50.941741],[6.968699,50.941741]]]},"properties":{"id":"DENW37AL2Ow0002n","h":2.5,"min_z":45.8,"max_z":48.3}},{"type":"Feature","id":"DENW37AL100066zu","geometry":{"type":"Polygon","coordinates":[[[6.974866,50.945376],[6.974945,50.945477],[6.974992,50.945462],[6.975046,50.945445],[6.975302,50.945363],[6.975395,50.945334],[6.976215,50.945072],[6.976353,50.945028],[6.976322,50.944991],[6.976272,50.944928],[6.975294,50.945239],[6.975213,50.945265],[6.974943,50.945351],[6.97493,50.945355],[6.97489,50.945368],[6.974866,50.945376]]]},"properties":{"id":"DENW37AL100066zu","h":11.1,"min_z":45.5,"max_z":56.6}},{"type":"Feature","id":"DENW37AL100063WN","geometry":{"type":"Polygon","coordinates":[[[6.971066,50.946908],[6.971085,50.947015],[6.971133,50.947011],[6.971114,50.946904],[6.971066,50.946908]]]},"properties":{"id":"DENW37AL100063WN","h":3.0,"min_z":45.3,"max_z":48.4}},{"type":"Feature","id":"DENW37ALWl0000DX","geometry":{"type":"Polygon","coordinates":[[[6.975971,50.940604],[6.97597,50.9406],[6.975968,50.940596],[6.975966,50.940593],[6.975964,50.940589],[6.975961,50.940586],[6.975957,50.940582],[6.975953,50.940579],[6.975949,50.940576],[6.975944,50.940574],[6.975939,50.940571],[6.975934,50.940569],[6.975928,50.940568],[6.975922,50.940566],[6.975916,50.940565],[6.97591,50.940564],[6.975904,50.940564],[6.975898,50.940564],[6.975891,50.940564],[6.975885,50.940565],[6.975703,50.940585],[6.975508,50.940606],[6.975182,50.940642],[6.974863,50.940676],[6.974496,50.940719],[6.97449,50.94072],[6.974484,50.940721],[6.974478,50.940723],[6.974472,50.940725],[6.974467,50.940727],[6.974462,50.940729],[6.974457,50.940732],[6.974453,50.940735],[6.974449,50.940739],[6.974446,50.940742],[6.974443,50.940746],[6.974441,50.940749],[6.974439,50.940753],[6.974438,50.940757],[6.974437,50.940761],[6.974437,50.940765],[6.974437,50.940769],[6.974438,50.940773],[6.974439,50.940777],[6.974441,50.940781],[6.974444,50.940785],[6.974447,50.940788],[6.97445,50.940792],[6.974454,50.940795],[6.974458,50.940798],[6.974463,50.9408],[6.974468,50.940803],[6.974474,50.940805],[6.974479,50.940807],[6.974485,50.940809],[6.974491,50.94081],[6.974497,50.940811],[6.974504,50.940811],[6.97451,50.940811],[6.974516,50.940811],[6.974523,50.940811],[6.974897,50.940765],[6.975279,50.940723],[6.975588,50.940689],[6.975908,50.940655],[6.975914,50.940654],[6.975921,50.940653],[6.975926,50.940652],[6.975932,50.94065],[6.975938,50.940648],[6.975943,50.940646],[6.975948,50.940643],[6.975952,50.940641],[6.975956,50.940638],[6.97596,50.940634],[6.975963,50.940631],[6.975966,50.940627],[6.975968,50.940624],[6.97597,50.94062],[6.975971,50.940616],[6.975971,50.940612],[6.975971,50.940608],[6.975971,50.940604]]]},"properties":{"id":"DENW37ALWl0000DX","h":11.2,"min_z":47.3,"max_z":58.6}},{"type":"Feature","id":"DENW37AL10017gRS","geometry":{"type":"Polygon","coordinates":[[[6.973764,50.94146],[6.973729,50.9415],[6.973694,50.941544],[6.973648,50.941604],[6.973617,50.941647],[6.973592,50.941684],[6.973563,50.94173],[6.973543,50.941761],[6.973519,50.941803],[6.973499,50.941836],[6.973487,50.941857],[6.973477,50.941876],[6.973466,50.941895],[6.973458,50.94191],[6.973456,50.941914],[6.973442,50.941943],[6.973438,50.941952],[6.973435,50.941958],[6.973416,50.942001],[6.9734,50.942037],[6.97353,50.942059],[6.973554,50.942005],[6.973604,50.941901],[6.973658,50.94181],[6.973715,50.94172],[6.973742,50.941684],[6.973831,50.941557],[6.9739,50.941474],[6.973842,50.941454],[6.973764,50.94146]]]},"properties":{"id":"DENW37AL10017gRS","h":8.9,"min_z":43.2,"max_z":52.1}},{"type":"Feature","id":"DENW37AL100064Kn","geometry":{"type":"Polygon","coordinates":[[[6.976172,50.939433],[6.976172,50.939433],[6.976268,50.939542],[6.976271,50.939541],[6.97641,50.939494],[6.976546,50.939457],[6.976695,50.939423],[6.976698,50.939422],[6.976656,50.939315],[6.976421,50.939381],[6.976184,50.939446],[6.976172,50.939433]]]},"properties":{"id":"DENW37AL100064Kn","h":22.1,"min_z":45.5,"max_z":67.7}},{"type":"Feature","id":"DENW37AL100065RJ","geometry":{"type":"Polygon","coordinates":[[[6.977434,50.945852],[6.977596,50.94605],[6.977646,50.946112],[6.977707,50.946186],[6.977735,50.946221],[6.977782,50.94628],[6.977828,50.946336],[6.977896,50.946419],[6.977899,50.946418],[6.977906,50.946427],[6.977907,50.946427],[6.977437,50.945852],[6.977434,50.945852]]]},"properties":{"id":"DENW37AL100065RJ","h":20.3,"min_z":46.3,"max_z":66.6}},{"type":"Feature","id":"DENW37AL100064y8","geometry":{"type":"Polygon","coordinates":[[[6.976076,50.939179],[6.976155,50.939274],[6.976334,50.93922],[6.976219,50.939055],[6.976213,50.939045],[6.976166,50.939058],[6.976173,50.939068],[6.976103,50.939087],[6.976135,50.939134],[6.976097,50.939144],[6.976103,50.939153],[6.976099,50.939154],[6.976109,50.939168],[6.976076,50.939179]]]},"properties":{"id":"DENW37AL100064y8","h":21.5,"min_z":45.0,"max_z":66.5}},{"type":"Feature","id":"DENW37AL100064cq","geometry":{"type":"Polygon","coordinates":[[[6.974641,50.944044],[6.974638,50.944028],[6.974721,50.944022],[6.974711,50.94397],[6.974645,50.943975],[6.974645,50.943976],[6.974626,50.943977],[6.97464,50.944044],[6.974641,50.944044]]]},"properties":{"id":"DENW37AL100064cq","h":6.8,"min_z":44.2,"max_z":51.0}},{"type":"Feature","id":"DENW37AL1000674p","geometry":{"type":"Polygon","coordinates":[[[6.975428,50.939269],[6.975423,50.939269],[6.975428,50.939144],[6.975432,50.939144],[6.975433,50.939112],[6.975337,50.939111],[6.97526,50.93911],[6.975253,50.939297],[6.97533,50.939298],[6.975413,50.9393],[6.975428,50.9393],[6.975428,50.939269]]]},"properties":{"id":"DENW37AL1000674p","h":21.2,"min_z":45.2,"max_z":66.5}},{"type":"Feature","id":"DENW37AL1000646Q","geometry":{"type":"Polygon","coordinates":[[[6.977939,50.93912],[6.977303,50.939217],[6.977344,50.939323],[6.977536,50.939294],[6.97774,50.939263],[6.977811,50.939252],[6.977978,50.939227],[6.977939,50.93912]]]},"properties":{"id":"DENW37AL1000646Q","h":25.6,"min_z":45.4,"max_z":71.0}},{"type":"Feature","id":"DENW37AL1000655h","geometry":{"type":"Polygon","coordinates":[[[6.972016,50.940321],[6.972012,50.940307],[6.972007,50.940294],[6.97199,50.940285],[6.971971,50.940277],[6.971952,50.940269],[6.971932,50.940263],[6.971911,50.940257],[6.97189,50.940253],[6.971868,50.940249],[6.971846,50.940247],[6.971823,50.940246],[6.971801,50.940246],[6.971779,50.940246],[6.971756,50.940248],[6.971734,50.940251],[6.971714,50.940255],[6.971694,50.94026],[6.971674,50.940265],[6.971655,50.940272],[6.971637,50.940279],[6.97162,50.940287],[6.971604,50.940296],[6.971589,50.940305],[6.971585,50.940317],[6.971583,50.94033],[6.971582,50.940342],[6.971583,50.940355],[6.971585,50.940368],[6.971588,50.94038],[6.971595,50.940378],[6.971597,50.940377],[6.971598,50.940365],[6.971601,50.940352],[6.971605,50.94034],[6.971612,50.940328],[6.97162,50.940317],[6.971629,50.940306],[6.971641,50.940296],[6.971654,50.940286],[6.971668,50.940278],[6.971684,50.94027],[6.9717,50.940263],[6.971718,50.940257],[6.971736,50.940253],[6.971755,50.94025],[6.971775,50.940248],[6.971796,50.940247],[6.971814,50.940247],[6.971832,50.940248],[6.971854,50.94025],[6.971873,50.940253],[6.971891,50.940258],[6.971908,50.940264],[6.971925,50.940271],[6.97194,50.940279],[6.971954,50.940288],[6.971967,50.940297],[6.971978,50.940307],[6.971988,50.940318],[6.971996,50.94033],[6.972002,50.940342],[6.972006,50.940354],[6.972009,50.940367],[6.972009,50.940379],[6.972008,50.940392],[6.972005,50.940403],[6.971999,50.940412],[6.971994,50.940422],[6.971987,50.940431],[6.971978,50.940442],[6.971969,50.940453],[6.971958,50.940462],[6.971946,50.94047],[6.971932,50.940477],[6.971918,50.940484],[6.971903,50.94049],[6.971887,50.940495],[6.971871,50.940499],[6.971854,50.940502],[6.971845,50.940503],[6.971837,50.940504],[6.971826,50.940506],[6.97181,50.940506],[6.971794,50.940506],[6.971777,50.940505],[6.971761,50.940503],[6.971746,50.940501],[6.97173,50.940498],[6.971715,50.940493],[6.971701,50.940489],[6.971693,50.940491],[6.971695,50.940492],[6.971708,50.940498],[6.971724,50.940505],[6.971741,50.940511],[6.971758,50.940516],[6.971776,50.940521],[6.971788,50.940524],[6.971801,50.940526],[6.971813,50.940528],[6.971835,50.940523],[6.971836,50.940523],[6.971857,50.940517],[6.971878,50.940509],[6.971898,50.940501],[6.971916,50.940491],[6.971934,50.940481],[6.97195,50.94047],[6.971964,50.940458],[6.971977,50.940446],[6.971989,50.940432],[6.971998,50.940419],[6.972006,50.940404],[6.972012,50.94039],[6.972016,50.940376],[6.972019,50.940362],[6.97202,50.940349],[6.972019,50.940335],[6.972016,50.940321]]]},"properties":{"id":"DENW37AL1000655h","h":104.5,"min_z":45.5,"max_z":150.0}},{"type":"Feature","id":"DENW37ALVv00003e","geometry":{"type":"Polygon","coordinates":[[[6.976632,50.947806],[6.976662,50.947837],[6.976704,50.947821],[6.976737,50.947808],[6.976749,50.947804],[6.97672,50.947773],[6.976632,50.947806]]]},"properties":{"id":"DENW37ALVv00003e","h":6.0,"min_z":45.9,"max_z":51.9}},{"type":"Feature","id":"DENW37AL100065Mn","geometry":{"type":"Polygon","coordinates":[[[6.971552,50.945355],[6.971557,50.945382],[6.971585,50.94538],[6.971589,50.945406],[6.971595,50.945438],[6.971612,50.945544],[6.971699,50.945538],[6.971661,50.945311],[6.971633,50.945313],[6.971575,50.945317],[6.971581,50.945354],[6.971552,50.945355]]]},"properties":{"id":"DENW37AL100065Mn","h":3.2,"min_z":46.2,"max_z":49.3}},{"type":"Feature","id":"DENW37AL40000kvU","geometry":{"type":"Polygon","coordinates":[[[6.973115,50.945863],[6.973087,50.945838],[6.973057,50.945813],[6.973026,50.945789],[6.972994,50.945765],[6.972961,50.945743],[6.972928,50.945722],[6.972894,50.945701],[6.97286,50.945681],[6.972824,50.945662],[6.972788,50.945644],[6.97275,50.945626],[6.972712,50.945609],[6.972673,50.945593],[6.972632,50.945577],[6.972591,50.945562],[6.97255,50.945548],[6.972508,50.945535],[6.972465,50.945522],[6.972421,50.94551],[6.972377,50.9455],[6.972333,50.94549],[6.972285,50.94548],[6.972237,50.945471],[6.972189,50.945464],[6.97214,50.945457],[6.972091,50.945451],[6.972042,50.945446],[6.971992,50.945442],[6.971977,50.945473],[6.971973,50.945473],[6.971972,50.945481],[6.972018,50.945484],[6.972064,50.945488],[6.97211,50.945494],[6.972156,50.9455],[6.972201,50.945507],[6.972245,50.945515],[6.97229,50.945523],[6.972334,50.945533],[6.972376,50.945543],[6.972417,50.945554],[6.972458,50.945565],[6.972499,50.945578],[6.972539,50.945591],[6.972578,50.945604],[6.972617,50.945619],[6.972655,50.945634],[6.972694,50.945651],[6.972732,50.945668],[6.97277,50.945686],[6.972806,50.945705],[6.972842,50.945725],[6.972876,50.945746],[6.972909,50.945767],[6.97294,50.945787],[6.97297,50.945809],[6.972998,50.94583],[6.973026,50.945852],[6.973053,50.945875],[6.973078,50.945898],[6.973103,50.945922],[6.973126,50.945946],[6.973179,50.945927],[6.973169,50.945915],[6.973143,50.945888],[6.973115,50.945863]]]},"properties":{"id":"DENW37AL40000kvU","h":10.3,"min_z":45.9,"max_z":56.2}},{"type":"Feature","id":"DENW37AL100066rH","geometry":{"type":"Polygon","coordinates":[[[6.973238,50.945764],[6.973202,50.945735],[6.973164,50.945707],[6.973126,50.94568],[6.973086,50.945653],[6.973045,50.945627],[6.973003,50.945602],[6.97296,50.945577],[6.972916,50.945554],[6.972871,50.94553],[6.972831,50.945513],[6.97279,50.945496],[6.972749,50.94548],[6.972707,50.945464],[6.972664,50.945449],[6.972621,50.945435],[6.972577,50.945422],[6.972533,50.945409],[6.972488,50.945396],[6.972442,50.945384],[6.972396,50.945374],[6.972349,50.945364],[6.972301,50.945355],[6.972254,50.945347],[6.972206,50.94534],[6.972205,50.945344],[6.972185,50.945342],[6.972146,50.945157],[6.972141,50.945135],[6.972105,50.945137],[6.971939,50.945149],[6.971904,50.945152],[6.971913,50.9452],[6.971955,50.945434],[6.971962,50.945472],[6.971973,50.945473],[6.971977,50.945473],[6.971992,50.945442],[6.972042,50.945446],[6.972091,50.945451],[6.97214,50.945457],[6.972189,50.945464],[6.972237,50.945471],[6.972285,50.94548],[6.972333,50.94549],[6.972377,50.9455],[6.972421,50.94551],[6.972465,50.945522],[6.972508,50.945535],[6.97255,50.945548],[6.972591,50.945562],[6.972632,50.945577],[6.972673,50.945593],[6.972712,50.945609],[6.97275,50.945626],[6.972788,50.945644],[6.972824,50.945662],[6.97286,50.945681],[6.972894,50.945701],[6.972928,50.945722],[6.972961,50.945743],[6.972994,50.945765],[6.973026,50.945789],[6.973057,50.945813],[6.973087,50.945838],[6.973115,50.945863],[6.973143,50.945888],[6.973169,50.945915],[6.973342,50.945859],[6.973389,50.945844],[6.973288,50.94574],[6.973238,50.945764]]]},"properties":{"id":"DENW37AL100066rH","h":10.9,"min_z":45.9,"max_z":56.8}},{"type":"Feature","id":"DENW37AL2MR0007o","geometry":{"type":"Polygon","coordinates":[[[6.968753,50.940541],[6.968767,50.940749],[6.96892,50.940745],[6.968905,50.940536],[6.968753,50.940541]]]},"properties":{"id":"DENW37AL2MR0007o","h":4.9,"min_z":45.5,"max_z":50.3}},{"type":"Feature","id":"DENW37AL100064KQ","geometry":{"type":"Polygon","coordinates":[[[6.971212,50.946156],[6.971231,50.94618],[6.971309,50.946156],[6.97129,50.946132],[6.971212,50.946156]]]},"properties":{"id":"DENW37AL100064KQ","h":3.6,"min_z":45.0,"max_z":48.6}},{"type":"Feature","id":"DENW37AL100064TK","geometry":{"type":"Polygon","coordinates":[[[6.973344,50.945571],[6.973304,50.945543],[6.973262,50.945516],[6.973219,50.94549],[6.973175,50.945465],[6.973129,50.945441],[6.973082,50.945417],[6.973035,50.945394],[6.972871,50.94553],[6.972916,50.945554],[6.97296,50.945577],[6.973003,50.945602],[6.973045,50.945627],[6.973086,50.945653],[6.973126,50.94568],[6.973164,50.945707],[6.973202,50.945735],[6.973238,50.945764],[6.973288,50.94574],[6.973458,50.945659],[6.973421,50.945629],[6.973383,50.9456],[6.973344,50.945571]]]},"properties":{"id":"DENW37AL100064TK","h":11.5,"min_z":46.0,"max_z":57.5}},{"type":"Feature","id":"DENW37AL100063aJ","geometry":{"type":"Polygon","coordinates":[[[6.975733,50.93929],[6.975823,50.939389],[6.975985,50.93933],[6.975873,50.939198],[6.975779,50.939229],[6.975808,50.939263],[6.975733,50.93929]]]},"properties":{"id":"DENW37AL100063aJ","h":22.5,"min_z":45.3,"max_z":67.8}},{"type":"Feature","id":"DENW37AL1000653V","geometry":{"type":"Polygon","coordinates":[[[6.974412,50.943473],[6.974403,50.943422],[6.974394,50.943374],[6.97426,50.943384],[6.974266,50.943423],[6.974271,50.943446],[6.974272,50.943455],[6.974277,50.943483],[6.974412,50.943473]]]},"properties":{"id":"DENW37AL1000653V","h":10.4,"min_z":44.5,"max_z":54.9}},{"type":"Feature","id":"DENW37AL100063zp","geometry":{"type":"Polygon","coordinates":[[[6.970679,50.945806],[6.97065,50.945843],[6.970609,50.945895],[6.970675,50.945915],[6.97071,50.945926],[6.97072,50.945914],[6.97078,50.945838],[6.970679,50.945806]]]},"properties":{"id":"DENW37AL100063zp","h":7.5,"min_z":45.6,"max_z":53.2}},{"type":"Feature","id":"DENW37AL2wZ0007s","geometry":{"type":"Polygon","coordinates":[[[6.974529,50.942426],[6.974656,50.942437],[6.974718,50.942288],[6.97459,50.942282],[6.974529,50.942426]]]},"properties":{"id":"DENW37AL2wZ0007s","h":28.6,"min_z":45.7,"max_z":74.3}},{"type":"Feature","id":"DENW37ALWl0000DS","geometry":{"type":"Polygon","coordinates":[[[6.976584,50.941068],[6.976603,50.941129],[6.977168,50.941067],[6.977149,50.941008],[6.976584,50.941068]]]},"properties":{"id":"DENW37ALWl0000DS","h":4.3,"min_z":53.9,"max_z":58.1}},{"type":"Feature","id":"DENW37ALWI0000JI","geometry":{"type":"Polygon","coordinates":[[[6.971566,50.94544],[6.971595,50.945438],[6.971585,50.94538],[6.971557,50.945382],[6.971566,50.94544]]]},"properties":{"id":"DENW37ALWI0000JI","h":3.4,"min_z":46.2,"max_z":49.5}},{"type":"Feature","id":"DENW37AL100065vR","geometry":{"type":"Polygon","coordinates":[[[6.973281,50.943731],[6.973286,50.943754],[6.973308,50.94388],[6.973313,50.943907],[6.973459,50.943896],[6.973474,50.943896],[6.973443,50.94372],[6.973312,50.943729],[6.973281,50.943731]]]},"properties":{"id":"DENW37AL100065vR","h":14.2,"min_z":45.6,"max_z":59.8}},{"type":"Feature","id":"DENW37AL3P1000EO","geometry":{"type":"Polygon","coordinates":[[[6.976821,50.941725],[6.97682,50.941726],[6.977002,50.94192],[6.977003,50.94192],[6.976821,50.941725]]]},"properties":{"id":"DENW37AL3P1000EO","h":9.2,"min_z":47.0,"max_z":56.2}},{"type":"Feature","id":"DENW37AL100065WI","geometry":{"type":"Polygon","coordinates":[[[6.973568,50.946639],[6.973557,50.946671],[6.973546,50.946704],[6.973532,50.946737],[6.973518,50.946769],[6.973502,50.946801],[6.973484,50.946833],[6.973466,50.946864],[6.973446,50.946895],[6.973653,50.947013],[6.973687,50.946971],[6.973726,50.946913],[6.97376,50.946853],[6.97379,50.946793],[6.973815,50.946733],[6.973835,50.946672],[6.973568,50.946639]]]},"properties":{"id":"DENW37AL100065WI","h":11.1,"min_z":46.0,"max_z":57.2}},{"type":"Feature","id":"DENW37AL100062l0","geometry":{"type":"Polygon","coordinates":[[[6.972612,50.944671],[6.972629,50.944768],[6.97292,50.944747],[6.972903,50.94465],[6.97284,50.944654],[6.972778,50.944659],[6.972737,50.944662],[6.97268,50.944666],[6.972612,50.944671]]]},"properties":{"id":"DENW37AL100062l0","h":27.5,"min_z":45.4,"max_z":72.8}},{"type":"Feature","id":"DENW37AL100074ER","geometry":{"type":"Polygon","coordinates":[[[6.978,50.942084],[6.978008,50.94211],[6.978033,50.942107],[6.978026,50.942082],[6.978,50.942084]]]},"properties":{"id":"DENW37AL100074ER","h":6.0,"min_z":45.8,"max_z":51.8}},{"type":"Feature","id":"DENW37AL10006yIb","geometry":{"type":"Polygon","coordinates":[[[6.971923,50.941231],[6.971935,50.941275],[6.97212,50.941255],[6.972108,50.941211],[6.971923,50.941231]]]},"properties":{"id":"DENW37AL10006yIb","h":3.3,"min_z":53.7,"max_z":57.0}},{"type":"Feature","id":"DENW37AL100064z9","geometry":{"type":"Polygon","coordinates":[[[6.975428,50.9393],[6.975413,50.9393],[6.975405,50.9393],[6.975399,50.939363],[6.97541,50.939363],[6.975411,50.939339],[6.975427,50.939334],[6.975428,50.9393]]]},"properties":{"id":"DENW37AL100064z9","h":21.5,"min_z":45.2,"max_z":66.7}},{"type":"Feature","id":"DENW37AL100065dY","geometry":{"type":"Polygon","coordinates":[[[6.978307,50.946622],[6.978027,50.946711],[6.978068,50.946763],[6.978141,50.946853],[6.978421,50.946761],[6.978307,50.946622]]]},"properties":{"id":"DENW37AL100065dY","h":11.7,"min_z":46.4,"max_z":58.0}},{"type":"Feature","id":"DENW37AL10006yHH","geometry":{"type":"Polygon","coordinates":[[[6.974394,50.943374],[6.974403,50.943422],[6.974524,50.943413],[6.974525,50.94342],[6.974545,50.943418],[6.974543,50.943409],[6.974526,50.943408],[6.974524,50.943395],[6.974514,50.943396],[6.974508,50.943366],[6.974394,50.943374]]]},"properties":{"id":"DENW37AL10006yHH","h":1.1,"min_z":45.1,"max_z":46.2}},{"type":"Feature","id":"DENW37AL10006486","geometry":{"type":"Polygon","coordinates":[[[6.975381,50.939397],[6.975249,50.939396],[6.975245,50.939493],[6.975231,50.939498],[6.975293,50.939566],[6.975323,50.939569],[6.975577,50.939478],[6.975515,50.93941],[6.975455,50.939433],[6.975435,50.93944],[6.9754,50.93944],[6.97538,50.939439],[6.975381,50.939397]]]},"properties":{"id":"DENW37AL10006486","h":22.6,"min_z":45.3,"max_z":67.9}},{"type":"Feature","id":"DENW37AL100064yw","geometry":{"type":"Polygon","coordinates":[[[6.978446,50.943777],[6.978441,50.943772],[6.978444,50.943771],[6.978409,50.943728],[6.978395,50.943709],[6.978119,50.943371],[6.978105,50.943354],[6.977592,50.942724],[6.977589,50.942725],[6.977581,50.942715],[6.97757,50.942719],[6.977568,50.942718],[6.976671,50.943009],[6.976672,50.943011],[6.97666,50.943015],[6.976666,50.943022],[6.976664,50.943023],[6.976693,50.943059],[6.977487,50.944034],[6.977516,50.94407],[6.977519,50.944069],[6.977525,50.944076],[6.977537,50.944072],[6.977538,50.944074],[6.977992,50.943927],[6.978141,50.943878],[6.978435,50.943782],[6.978434,50.943781],[6.978446,50.943777]]]},"properties":{"id":"DENW37AL100064yw","h":15.6,"min_z":45.9,"max_z":61.5}},{"type":"Feature","id":"DENW37ALWl0000DT","geometry":{"type":"Polygon","coordinates":[[[6.973677,50.941372],[6.973686,50.941415],[6.973935,50.941397],[6.974194,50.941377],[6.974364,50.941363],[6.974606,50.941342],[6.974948,50.941308],[6.975268,50.941275],[6.975253,50.941214],[6.974685,50.941275],[6.974246,50.941319],[6.974023,50.941342],[6.973904,50.941353],[6.973677,50.941372]]]},"properties":{"id":"DENW37ALWl0000DT","h":12.3,"min_z":45.8,"max_z":58.0}},{"type":"Feature","id":"DENW37AL2hU0008y","geometry":{"type":"Polygon","coordinates":[[[6.97641,50.945099],[6.975434,50.945414],[6.976846,50.946775],[6.977469,50.94657],[6.977348,50.946421],[6.977426,50.946396],[6.976551,50.945296],[6.97641,50.945099]]]},"properties":{"id":"DENW37AL2hU0008y","h":24.9,"min_z":45.9,"max_z":70.8}},{"type":"Feature","id":"DENW37AL100063jf","geometry":{"type":"Polygon","coordinates":[[[6.978711,50.943157],[6.978305,50.943289],[6.978176,50.943331],[6.978105,50.943354],[6.978119,50.943371],[6.978395,50.943709],[6.978409,50.943728],[6.97848,50.943705],[6.978609,50.943663],[6.978663,50.943645],[6.978752,50.943616],[6.979015,50.943531],[6.978998,50.94351],[6.978724,50.943174],[6.978711,50.943157]]]},"properties":{"id":"DENW37AL100063jf","h":12.0,"min_z":46.0,"max_z":57.9}},{"type":"Feature","id":"DENW37AL100063lS","geometry":{"type":"Polygon","coordinates":[[[6.976052,50.939635],[6.976255,50.939615],[6.976246,50.939589],[6.976042,50.939608],[6.976052,50.939635]]]},"properties":{"id":"DENW37AL100063lS","h":25.5,"min_z":45.5,"max_z":70.9}},{"type":"Feature","id":"DENW37AL10006yEV","geometry":{"type":"Polygon","coordinates":[[[6.972682,50.947188],[6.972753,50.9472],[6.972758,50.947187],[6.972688,50.947175],[6.972682,50.947188]]]},"properties":{"id":"DENW37AL10006yEV","h":2.3,"min_z":46.0,"max_z":48.3}},{"type":"Feature","id":"DENW37AL10006yEb","geometry":{"type":"Polygon","coordinates":[[[6.969848,50.944419],[6.969851,50.944431],[6.969852,50.944438],[6.969855,50.944454],[6.969856,50.944458],[6.969858,50.944473],[6.969859,50.944478],[6.969862,50.944492],[6.969864,50.944502],[6.970003,50.944491],[6.970007,50.944491],[6.970005,50.944482],[6.970004,50.944481],[6.969994,50.94442],[6.969993,50.944402],[6.969991,50.944401],[6.969879,50.944408],[6.969854,50.94441],[6.969847,50.944411],[6.969848,50.944419]]]},"properties":{"id":"DENW37AL10006yEb","h":67.4,"min_z":45.4,"max_z":112.8}},{"type":"Feature","id":"DENW37AL100074OS","geometry":{"type":"Polygon","coordinates":[[[6.973483,50.939141],[6.973415,50.939143],[6.973416,50.939156],[6.973484,50.939154],[6.973483,50.939141]]]},"properties":{"id":"DENW37AL100074OS","h":7.5,"min_z":45.8,"max_z":53.3}},{"type":"Feature","id":"DENW37AL100065VQ","geometry":{"type":"Polygon","coordinates":[[[6.973938,50.946684],[6.974048,50.946692],[6.974057,50.946658],[6.974065,50.946624],[6.974072,50.94659],[6.974077,50.946555],[6.974081,50.946521],[6.974084,50.946486],[6.974085,50.946452],[6.974085,50.946417],[6.973973,50.946418],[6.973869,50.946419],[6.973595,50.946423],[6.973595,50.946454],[6.973594,50.946485],[6.973591,50.946516],[6.973587,50.946547],[6.973582,50.946577],[6.973575,50.946608],[6.973568,50.946639],[6.973835,50.946672],[6.973938,50.946684]]]},"properties":{"id":"DENW37AL100065VQ","h":10.6,"min_z":46.1,"max_z":56.7}},{"type":"Feature","id":"DENW37AL2wZ0007O","geometry":{"type":"Polygon","coordinates":[[[6.974827,50.942776],[6.974739,50.942779],[6.974773,50.942957],[6.97486,50.94295],[6.974827,50.942776]]]},"properties":{"id":"DENW37AL2wZ0007O","h":60.6,"min_z":45.0,"max_z":105.6}},{"type":"Feature","id":"DENW37AL100066eV","geometry":{"type":"Polygon","coordinates":[[[6.971139,50.943643],[6.97116,50.943759],[6.971496,50.943735],[6.971475,50.943619],[6.971139,50.943643]]]},"properties":{"id":"DENW37AL100066eV","h":26.6,"min_z":46.2,"max_z":72.8}},{"type":"Feature","id":"DENW37AL1000673T","geometry":{"type":"Polygon","coordinates":[[[6.97328,50.94605],[6.973299,50.946078],[6.973316,50.946108],[6.973331,50.946137],[6.973345,50.946167],[6.973358,50.946197],[6.973369,50.946227],[6.973378,50.946258],[6.973386,50.946287],[6.973392,50.946316],[6.973397,50.946345],[6.9734,50.946374],[6.973402,50.946404],[6.973403,50.946433],[6.973403,50.946463],[6.973401,50.946492],[6.973398,50.946521],[6.973393,50.94655],[6.973387,50.946578],[6.97338,50.946607],[6.973372,50.946635],[6.973363,50.946664],[6.973352,50.946692],[6.97334,50.946719],[6.973326,50.946747],[6.973312,50.946774],[6.973296,50.946801],[6.973279,50.946828],[6.97326,50.946854],[6.973241,50.94688],[6.97322,50.946906],[6.973198,50.946931],[6.973153,50.946918],[6.973151,50.946919],[6.973144,50.946925],[6.973523,50.947141],[6.973546,50.947125],[6.973508,50.947103],[6.973616,50.947028],[6.973654,50.94705],[6.973683,50.94703],[6.973653,50.947013],[6.973446,50.946895],[6.973466,50.946864],[6.973484,50.946833],[6.973502,50.946801],[6.973518,50.946769],[6.973532,50.946737],[6.973546,50.946704],[6.973557,50.946671],[6.973568,50.946639],[6.973575,50.946608],[6.973582,50.946577],[6.973587,50.946547],[6.973591,50.946516],[6.973594,50.946485],[6.973595,50.946454],[6.973595,50.946423],[6.973594,50.946391],[6.973591,50.946358],[6.973587,50.946326],[6.973581,50.946294],[6.973573,50.946262],[6.973564,50.94623],[6.973553,50.946198],[6.973541,50.946166],[6.973527,50.946135],[6.973512,50.946104],[6.973565,50.946093],[6.973497,50.94598],[6.973451,50.945995],[6.97328,50.94605]]]},"properties":{"id":"DENW37AL1000673T","h":10.9,"min_z":45.9,"max_z":56.8}},{"type":"Feature","id":"DENW37AL100065K0","geometry":{"type":"Polygon","coordinates":[[[6.969989,50.945531],[6.970044,50.945646],[6.970138,50.945814],[6.970155,50.945843],[6.970162,50.945856],[6.970148,50.945874],[6.970118,50.945909],[6.9701,50.945929],[6.970145,50.945943],[6.970169,50.945951],[6.970249,50.94586],[6.970073,50.945533],[6.970057,50.945503],[6.969983,50.94552],[6.969989,50.945531]]]},"properties":{"id":"DENW37AL100065K0","h":10.2,"min_z":43.9,"max_z":54.1}},{"type":"Feature","id":"DENW37AL10006yEP","geometry":{"type":"Polygon","coordinates":[[[6.97759,50.942482],[6.978058,50.943058],[6.978104,50.943043],[6.978438,50.942935],[6.977969,50.942358],[6.97759,50.942482]]]},"properties":{"id":"DENW37AL10006yEP","h":19.8,"min_z":45.7,"max_z":65.5}},{"type":"Feature","id":"DENW37AL100064WE","geometry":{"type":"Polygon","coordinates":[[[6.976249,50.947358],[6.976284,50.947404],[6.976356,50.947393],[6.976403,50.947386],[6.976385,50.947338],[6.976249,50.947358]]]},"properties":{"id":"DENW37AL100064WE","h":3.7,"min_z":45.7,"max_z":49.4}},{"type":"Feature","id":"DENW37AL100064bS","geometry":{"type":"Polygon","coordinates":[[[6.974938,50.940551],[6.974943,50.94059],[6.974969,50.940584],[6.974984,50.940577],[6.974983,50.940549],[6.974938,50.940551]]]},"properties":{"id":"DENW37AL100064bS","h":28.0,"min_z":45.8,"max_z":73.8}},{"type":"Feature","id":"DENW37AL100063j7","geometry":{"type":"Polygon","coordinates":[[[6.973802,50.9393],[6.973802,50.939301],[6.973815,50.939476],[6.973823,50.939578],[6.974019,50.939573],[6.974012,50.93947],[6.974007,50.939408],[6.973999,50.939301],[6.973998,50.939295],[6.973802,50.9393]]]},"properties":{"id":"DENW37AL100063j7","h":50.4,"min_z":45.7,"max_z":96.1}},{"type":"Feature","id":"DENW37AL20l000DR","geometry":{"type":"Polygon","coordinates":[[[6.976138,50.941743],[6.976319,50.941735],[6.976318,50.941723],[6.976287,50.941724],[6.976277,50.941725],[6.976246,50.941726],[6.976236,50.941726],[6.976206,50.941728],[6.976195,50.941728],[6.976165,50.941729],[6.976124,50.941731],[6.976138,50.941743]]]},"properties":{"id":"DENW37AL20l000DR","h":28.1,"min_z":45.7,"max_z":73.9}},{"type":"Feature","id":"DENW37AL1000652k","geometry":{"type":"Polygon","coordinates":[[[6.977487,50.942486],[6.977493,50.942493],[6.977507,50.942509],[6.97759,50.942482],[6.977571,50.942458],[6.977487,50.942486]]]},"properties":{"id":"DENW37AL1000652k","h":13.2,"min_z":45.9,"max_z":59.1}},{"type":"Feature","id":"DENW37AL100066FS","geometry":{"type":"Polygon","coordinates":[[[6.970866,50.946137],[6.970867,50.946191],[6.970909,50.946191],[6.970941,50.946191],[6.970941,50.946136],[6.970866,50.946137]]]},"properties":{"id":"DENW37AL100066FS","h":3.6,"min_z":45.3,"max_z":48.9}},{"type":"Feature","id":"DENW37AL100064SE","geometry":{"type":"Polygon","coordinates":[[[6.97554,50.94657],[6.97553,50.946574],[6.975398,50.946631],[6.975683,50.946898],[6.975701,50.946891],[6.975765,50.946863],[6.97581,50.946843],[6.975827,50.946835],[6.97554,50.94657]]]},"properties":{"id":"DENW37AL100064SE","h":7.9,"min_z":46.1,"max_z":54.0}},{"type":"Feature","id":"DENW37AL2wZ0008M","geometry":{"type":"Polygon","coordinates":[[[6.975975,50.942287],[6.975955,50.942215],[6.975755,50.942207],[6.975782,50.942306],[6.975961,50.942288],[6.975975,50.942287]]]},"properties":{"id":"DENW37AL2wZ0008M","h":28.7,"min_z":45.7,"max_z":74.4}},{"type":"Feature","id":"DENW37AL100063vL","geometry":{"type":"Polygon","coordinates":[[[6.975149,50.948025],[6.975156,50.948024],[6.975145,50.948041],[6.975213,50.948056],[6.97522,50.948058],[6.975307,50.948019],[6.97535,50.947995],[6.97538,50.947966],[6.975393,50.947934],[6.975454,50.947924],[6.975443,50.947899],[6.975439,50.947888],[6.975434,50.947879],[6.975429,50.947865],[6.975426,50.94786],[6.975415,50.947834],[6.975379,50.94784],[6.97535,50.947844],[6.975346,50.947845],[6.97526,50.947859],[6.975165,50.947875],[6.975166,50.947881],[6.975167,50.947885],[6.975169,50.947904],[6.975172,50.947923],[6.975132,50.94793],[6.975149,50.948025]]]},"properties":{"id":"DENW37AL100063vL","h":12.5,"min_z":45.9,"max_z":58.4}},{"type":"Feature","id":"DENW37AL100064gr","geometry":{"type":"Polygon","coordinates":[[[6.97058,50.946386],[6.970659,50.946412],[6.970712,50.946348],[6.970633,50.946322],[6.97058,50.946386]]]},"properties":{"id":"DENW37AL100064gr","h":2.9,"min_z":45.7,"max_z":48.6}},{"type":"Feature","id":"DENW37ALWI0000Jl","geometry":{"type":"Polygon","coordinates":[[[6.973308,50.94388],[6.973172,50.94389],[6.973182,50.943942],[6.973318,50.943933],[6.973313,50.943907],[6.973308,50.94388]]]},"properties":{"id":"DENW37ALWI0000Jl","h":15.1,"min_z":45.6,"max_z":60.8}},{"type":"Feature","id":"DENW37ALX30000Gj","geometry":{"type":"Polygon","coordinates":[[[6.971162,50.940349],[6.971165,50.940423],[6.971223,50.940422],[6.971219,50.940348],[6.971162,50.940349]]]},"properties":{"id":"DENW37ALX30000Gj","h":3.9,"min_z":45.6,"max_z":49.5}},{"type":"Feature","id":"DENW37AL100066kL","geometry":{"type":"Polygon","coordinates":[[[6.971027,50.946622],[6.97104,50.946677],[6.971097,50.946671],[6.971105,50.946671],[6.971092,50.946616],[6.971027,50.946622]]]},"properties":{"id":"DENW37AL100066kL","h":3.3,"min_z":45.0,"max_z":48.3}},{"type":"Feature","id":"DENW37AL100065l0","geometry":{"type":"Polygon","coordinates":[[[6.970123,50.946],[6.970122,50.946002],[6.970378,50.946084],[6.970376,50.946081],[6.970123,50.946]]]},"properties":{"id":"DENW37AL100065l0","h":8.9,"min_z":45.4,"max_z":54.2}},{"type":"Feature","id":"DENW37AL10006612","geometry":{"type":"Polygon","coordinates":[[[6.97765,50.944677],[6.977652,50.944679],[6.977579,50.944703],[6.97674,50.944976],[6.976727,50.94498],[6.976734,50.944988],[6.976731,50.944989],[6.976891,50.945185],[6.976946,50.945253],[6.977271,50.945652],[6.977274,50.945651],[6.977281,50.94566],[6.977295,50.945655],[6.977296,50.945657],[6.977435,50.945612],[6.979269,50.945015],[6.979559,50.944921],[6.979557,50.944919],[6.979571,50.944915],[6.97957,50.944913],[6.979505,50.944833],[6.97918,50.94443],[6.979099,50.944329],[6.979028,50.944242],[6.979026,50.944243],[6.979018,50.944234],[6.979004,50.944239],[6.979003,50.944237],[6.978554,50.944383],[6.978404,50.944432],[6.97765,50.944677]]]},"properties":{"id":"DENW37AL10006612","h":19.0,"min_z":46.2,"max_z":65.2}},{"type":"Feature","id":"DENW37AL100064G6","geometry":{"type":"Polygon","coordinates":[[[6.974007,50.939408],[6.974012,50.93947],[6.974062,50.939469],[6.974057,50.939406],[6.974007,50.939408]]]},"properties":{"id":"DENW37AL100064G6","h":9.0,"min_z":45.6,"max_z":54.6}},{"type":"Feature","id":"DENW37AL100064zk","geometry":{"type":"Polygon","coordinates":[[[6.973398,50.945841],[6.973389,50.945844],[6.973342,50.945859],[6.973169,50.945915],[6.973179,50.945927],[6.973199,50.945948],[6.973209,50.945945],[6.973216,50.945954],[6.973224,50.945951],[6.973217,50.945942],[6.973257,50.945929],[6.973264,50.945938],[6.973311,50.945996],[6.973272,50.946008],[6.973265,50.946],[6.973256,50.946003],[6.973263,50.946012],[6.973255,50.946014],[6.973272,50.946038],[6.97328,50.94605],[6.973451,50.945995],[6.973497,50.94598],[6.973507,50.945977],[6.973481,50.945944],[6.973425,50.945875],[6.973398,50.945841]]]},"properties":{"id":"DENW37AL100064zk","h":15.8,"min_z":46.0,"max_z":61.9}},{"type":"Feature","id":"DENW37AL1000651i","geometry":{"type":"Polygon","coordinates":[[[6.972535,50.945221],[6.972481,50.945209],[6.972426,50.945198],[6.97237,50.945188],[6.972315,50.945179],[6.972259,50.945171],[6.972202,50.945164],[6.972146,50.945157],[6.972185,50.945342],[6.972205,50.945344],[6.972206,50.94534],[6.972254,50.945347],[6.972301,50.945355],[6.972349,50.945364],[6.972396,50.945374],[6.972442,50.945384],[6.972488,50.945396],[6.972533,50.945409],[6.972577,50.945422],[6.972695,50.945262],[6.972642,50.945248],[6.972589,50.945234],[6.972535,50.945221]]]},"properties":{"id":"DENW37AL1000651i","h":11.4,"min_z":46.0,"max_z":57.4}},{"type":"Feature","id":"DENW37AL100074QP","geometry":{"type":"Polygon","coordinates":[[[6.973508,50.947103],[6.973546,50.947125],[6.973654,50.94705],[6.973616,50.947028],[6.973508,50.947103]]]},"properties":{"id":"DENW37AL100074QP","h":9.9,"min_z":46.1,"max_z":56.0}},{"type":"Feature","id":"DENW37AL100064wf","geometry":{"type":"Polygon","coordinates":[[[6.976562,50.943101],[6.976533,50.943066],[6.97653,50.943067],[6.977382,50.944113],[6.977385,50.944112],[6.977356,50.944076],[6.976562,50.943101]]]},"properties":{"id":"DENW37AL100064wf","h":17.8,"min_z":44.5,"max_z":62.2}},{"type":"Feature","id":"DENW37AL100063rF","geometry":{"type":"Polygon","coordinates":[[[6.975873,50.939198],[6.975985,50.93933],[6.976155,50.939274],[6.976076,50.939179],[6.976011,50.939201],[6.975975,50.93916],[6.975873,50.939198]]]},"properties":{"id":"DENW37AL100063rF","h":23.5,"min_z":45.4,"max_z":68.9}},{"type":"Feature","id":"DENW37AL100066UI","geometry":{"type":"Polygon","coordinates":[[[6.971831,50.939974],[6.971833,50.94],[6.971814,50.94],[6.971812,50.939996],[6.97181,50.939992],[6.971806,50.939988],[6.971802,50.939985],[6.971796,50.939983],[6.97179,50.939981],[6.971783,50.93998],[6.971776,50.93998],[6.97177,50.93998],[6.971763,50.939982],[6.971757,50.939984],[6.971752,50.939987],[6.971748,50.93999],[6.971745,50.939994],[6.971743,50.939998],[6.971742,50.940002],[6.971723,50.940003],[6.971721,50.939977],[6.970907,50.939999],[6.970836,50.940001],[6.970833,50.940001],[6.970823,50.940021],[6.970822,50.940023],[6.970822,50.940025],[6.970821,50.94003],[6.970825,50.940039],[6.97078,50.940059],[6.970782,50.94008],[6.97078,50.94008],[6.970778,50.94008],[6.970775,50.940081],[6.970774,50.940081],[6.970771,50.940082],[6.97077,50.940083],[6.970767,50.940085],[6.970767,50.940085],[6.970765,50.940087],[6.970764,50.940088],[6.970764,50.94009],[6.970764,50.940091],[6.970764,50.940092],[6.970764,50.940093],[6.970764,50.940095],[6.970765,50.940097],[6.970766,50.940098],[6.970767,50.940099],[6.970768,50.9401],[6.970771,50.940102],[6.970772,50.940102],[6.970775,50.940103],[6.970777,50.940104],[6.97078,50.940104],[6.970782,50.940104],[6.970783,50.940104],[6.970785,50.940129],[6.971724,50.940104],[6.971734,50.940251],[6.971756,50.940248],[6.971779,50.940246],[6.971801,50.940246],[6.971823,50.940246],[6.971846,50.940247],[6.971868,50.940249],[6.97189,50.940253],[6.971911,50.940257],[6.971932,50.940263],[6.971952,50.940269],[6.971971,50.940277],[6.97199,50.940285],[6.972007,50.940294],[6.972012,50.940307],[6.972016,50.940321],[6.972019,50.940335],[6.97202,50.940349],[6.972019,50.940362],[6.972016,50.940376],[6.972012,50.94039],[6.972047,50.940378],[6.97206,50.940373],[6.972162,50.940335],[6.972262,50.940295],[6.972357,50.940255],[6.972337,50.939961],[6.971831,50.939974]]]},"properties":{"id":"DENW37AL100066UI","h":101.4,"min_z":44.8,"max_z":146.2}},{"type":"Feature","id":"DENW37AL100063rk","geometry":{"type":"Polygon","coordinates":[[[6.970061,50.942614],[6.96987,50.942628],[6.969903,50.942806],[6.970093,50.942793],[6.970061,50.942614]]]},"properties":{"id":"DENW37AL100063rk","h":22.8,"min_z":45.3,"max_z":68.2}},{"type":"Feature","id":"DENWAT01D0001qJz","geometry":{"type":"Polygon","coordinates":[[[6.976734,50.947346],[6.976781,50.947325],[6.976733,50.947345],[6.976734,50.947346]]]},"properties":{"id":"DENWAT01D0001qJz","h":11.4,"min_z":43.6,"max_z":55.0}},{"type":"Feature","id":"DENWAT01D0007Iev","geometry":{"type":"Polygon","coordinates":[[[6.962416,50.941437],[6.962419,50.941469],[6.962791,50.941435],[6.962416,50.941437]]]},"properties":{"id":"DENWAT01D0007Iev","h":1.5,"min_z":53.1,"max_z":54.5}},{"type":"Feature","id":"DENWAT012JM000Fc","geometry":{"type":"Polygon","coordinates":[[[6.977198,50.940972],[6.977172,50.940975],[6.977201,50.941076],[6.977198,50.940972]]]},"properties":{"id":"DENWAT012JM000Fc","h":6.8,"min_z":52.9,"max_z":59.8}},{"type":"Feature","id":"DENWAT01D0007IX9","geometry":{"type":"Polygon","coordinates":[[[6.97278,50.940965],[6.972791,50.941022],[6.972979,50.940926],[6.97278,50.940965]]]},"properties":{"id":"DENWAT01D0007IX9","h":1.7,"min_z":52.4,"max_z":54.1}},{"type":"Feature","id":"DENW37AL10006yFw","geometry":{"type":"Polygon","coordinates":[[[6.988213,50.936939],[6.988553,50.936971],[6.988564,50.93692],[6.988223,50.936888],[6.988213,50.936939]]]},"properties":{"id":"DENW37AL10006yFw","h":2.4,"min_z":45.8,"max_z":48.2}},{"type":"Feature","id":"DENW37AL100064qb","geometry":{"type":"Polygon","coordinates":[[[6.993206,50.935254],[6.993187,50.935339],[6.993277,50.935347],[6.993331,50.935208],[6.993241,50.935189],[6.993206,50.935254]]]},"properties":{"id":"DENW37AL100064qb","h":2.7,"min_z":46.9,"max_z":49.6}},{"type":"Feature","id":"DENW37AL100064kU","geometry":{"type":"Polygon","coordinates":[[[6.981887,50.934166],[6.981982,50.934166],[6.981982,50.934128],[6.981972,50.934128],[6.981972,50.934111],[6.981904,50.934111],[6.981887,50.934166]]]},"properties":{"id":"DENW37AL100064kU","h":2.5,"min_z":45.9,"max_z":48.4}},{"type":"Feature","id":"DENW37AL1000659O","geometry":{"type":"Polygon","coordinates":[[[6.992328,50.930976],[6.992428,50.931072],[6.992545,50.931026],[6.992442,50.930926],[6.992328,50.930976]]]},"properties":{"id":"DENW37AL1000659O","h":17.6,"min_z":45.2,"max_z":62.8}},{"type":"Feature","id":"DENW37AL100064pU","geometry":{"type":"Polygon","coordinates":[[[6.989546,50.930881],[6.989583,50.93091],[6.98957,50.930916],[6.989637,50.930969],[6.98965,50.930963],[6.989679,50.930987],[6.989796,50.930929],[6.989665,50.930822],[6.989653,50.930827],[6.989546,50.930881]]]},"properties":{"id":"DENW37AL100064pU","h":12.6,"min_z":47.3,"max_z":59.9}},{"type":"Feature","id":"DENW37AL100065n2","geometry":{"type":"Polygon","coordinates":[[[6.984464,50.935803],[6.984621,50.935814],[6.984632,50.935731],[6.984512,50.935724],[6.984476,50.935722],[6.984464,50.935803]]]},"properties":{"id":"DENW37AL100065n2","h":12.4,"min_z":43.7,"max_z":56.1}},{"type":"Feature","id":"DENW37AL100065Gk","geometry":{"type":"Polygon","coordinates":[[[6.99253,50.931169],[6.992634,50.931269],[6.992747,50.931222],[6.992645,50.931123],[6.99253,50.931169]]]},"properties":{"id":"DENW37AL100065Gk","h":17.7,"min_z":45.2,"max_z":62.9}},{"type":"Feature","id":"DENW37AL100064pa","geometry":{"type":"Polygon","coordinates":[[[6.992035,50.931071],[6.991929,50.930974],[6.991821,50.931023],[6.991925,50.931119],[6.992035,50.931071]]]},"properties":{"id":"DENW37AL100064pa","h":17.0,"min_z":45.8,"max_z":62.9}},{"type":"Feature","id":"DENW37AL100063zt","geometry":{"type":"Polygon","coordinates":[[[6.987956,50.936923],[6.988125,50.936939],[6.988132,50.936915],[6.98814,50.936885],[6.988148,50.936857],[6.988178,50.936753],[6.988186,50.936724],[6.988194,50.936697],[6.988201,50.936669],[6.988035,50.936653],[6.987956,50.936923]]]},"properties":{"id":"DENW37AL100063zt","h":19.4,"min_z":45.8,"max_z":65.2}},{"type":"Feature","id":"DENW37AL100065lA","geometry":{"type":"Polygon","coordinates":[[[6.992237,50.931405],[6.992342,50.931502],[6.992454,50.931454],[6.992346,50.931356],[6.992237,50.931405]]]},"properties":{"id":"DENW37AL100065lA","h":17.1,"min_z":45.8,"max_z":62.9}},{"type":"Feature","id":"DENW37AL100063g5","geometry":{"type":"Polygon","coordinates":[[[6.984313,50.936479],[6.984441,50.936474],[6.984438,50.936451],[6.984434,50.936414],[6.984428,50.936414],[6.984307,50.936419],[6.984313,50.936479]]]},"properties":{"id":"DENW37AL100063g5","h":11.8,"min_z":45.1,"max_z":56.9}},{"type":"Feature","id":"DENW37AL10006yFl","geometry":{"type":"Polygon","coordinates":[[[6.99099,50.936312],[6.990989,50.936364],[6.99104,50.93636],[6.991196,50.936347],[6.991186,50.936296],[6.99099,50.936312]]]},"properties":{"id":"DENW37AL10006yFl","h":2.4,"min_z":45.9,"max_z":48.3}},{"type":"Feature","id":"DENW37AL100064hQ","geometry":{"type":"Polygon","coordinates":[[[6.989679,50.930987],[6.989707,50.931009],[6.989695,50.931015],[6.989766,50.931072],[6.989779,50.931066],[6.989813,50.931094],[6.989933,50.931034],[6.989796,50.930929],[6.989679,50.930987]]]},"properties":{"id":"DENW37AL100064hQ","h":12.6,"min_z":47.3,"max_z":59.9}},{"type":"Feature","id":"DENW37AL100063YB","geometry":{"type":"Polygon","coordinates":[[[6.980262,50.933341],[6.980399,50.933313],[6.980394,50.933304],[6.980356,50.933226],[6.980219,50.933253],[6.980262,50.933341]]]},"properties":{"id":"DENW37AL100063YB","h":16.7,"min_z":44.6,"max_z":61.3}},{"type":"Feature","id":"DENW37AL100066pt","geometry":{"type":"Polygon","coordinates":[[[6.983026,50.932376],[6.983001,50.932428],[6.983121,50.932449],[6.983145,50.932397],[6.983026,50.932376]]]},"properties":{"id":"DENW37AL100066pt","h":3.2,"min_z":46.6,"max_z":49.8}},{"type":"Feature","id":"DENW37AL100064Mq","geometry":{"type":"Polygon","coordinates":[[[6.982274,50.936616],[6.982268,50.936685],[6.982251,50.936907],[6.982427,50.936913],[6.982446,50.936624],[6.982345,50.936619],[6.982274,50.936616]]]},"properties":{"id":"DENW37AL100064Mq","h":17.4,"min_z":45.8,"max_z":63.2}},{"type":"Feature","id":"DENW37AL100063Z7","geometry":{"type":"Polygon","coordinates":[[[6.98442,50.935994],[6.984426,50.93607],[6.984444,50.93607],[6.984439,50.935995],[6.984439,50.935994],[6.98442,50.935994]]]},"properties":{"id":"DENW37AL100063Z7","h":12.9,"min_z":44.4,"max_z":57.3}},{"type":"Feature","id":"DENW37AL100064Hu","geometry":{"type":"Polygon","coordinates":[[[6.989324,50.930769],[6.989376,50.930811],[6.989535,50.930732],[6.989484,50.930691],[6.989324,50.930769]]]},"properties":{"id":"DENW37AL100064Hu","h":2.4,"min_z":47.1,"max_z":49.5}},{"type":"Feature","id":"DENW37AL100066W7","geometry":{"type":"Polygon","coordinates":[[[6.979924,50.936603],[6.979948,50.936604],[6.979951,50.936572],[6.979976,50.936573],[6.979978,50.936549],[6.979954,50.936548],[6.979957,50.936524],[6.97996,50.9365],[6.979909,50.936498],[6.979892,50.936497],[6.97985,50.936495],[6.979845,50.936545],[6.97984,50.9366],[6.979924,50.936603]]]},"properties":{"id":"DENW37AL100066W7","h":17.1,"min_z":45.0,"max_z":62.1}},{"type":"Feature","id":"DENW37AL100065Ym","geometry":{"type":"Polygon","coordinates":[[[6.991032,50.936426],[6.991032,50.936428],[6.991031,50.936481],[6.991123,50.936477],[6.991117,50.936421],[6.991039,50.936425],[6.991035,50.936426],[6.991032,50.936426]]]},"properties":{"id":"DENW37AL100065Ym","h":2.5,"min_z":46.0,"max_z":48.5}},{"type":"Feature","id":"DENW37AL100065fI","geometry":{"type":"Polygon","coordinates":[[[6.981972,50.934058],[6.981972,50.934111],[6.981972,50.934128],[6.981982,50.934128],[6.982065,50.934126],[6.982154,50.934124],[6.982147,50.934012],[6.982061,50.934014],[6.981989,50.934016],[6.98199,50.934058],[6.981972,50.934058]]]},"properties":{"id":"DENW37AL100065fI","h":10.7,"min_z":44.6,"max_z":55.4}},{"type":"Feature","id":"DENW37AL100065wh","geometry":{"type":"Polygon","coordinates":[[[6.98277,50.934387],[6.98277,50.934424],[6.98286,50.934424],[6.98286,50.934386],[6.98277,50.934387]]]},"properties":{"id":"DENW37AL100065wh","h":2.5,"min_z":46.3,"max_z":48.8}},{"type":"Feature","id":"DENW37AL100064WN","geometry":{"type":"Polygon","coordinates":[[[6.980857,50.933728],[6.980805,50.933739],[6.980831,50.93379],[6.980849,50.933827],[6.980893,50.933818],[6.980888,50.933808],[6.980933,50.933799],[6.980919,50.933773],[6.980891,50.933717],[6.980854,50.933724],[6.980857,50.933728]]]},"properties":{"id":"DENW37AL100064WN","h":11.7,"min_z":44.6,"max_z":56.3}},{"type":"Feature","id":"DENW37AL100074Ze","geometry":{"type":"Polygon","coordinates":[[[6.981838,50.930639],[6.981848,50.930649],[6.98195,50.930605],[6.98194,50.930595],[6.981838,50.930639]]]},"properties":{"id":"DENW37AL100074Ze","h":14.2,"min_z":47.0,"max_z":61.3}},{"type":"Feature","id":"DENW37AL100063zS","geometry":{"type":"Polygon","coordinates":[[[6.993005,50.931132],[6.993095,50.931234],[6.993209,50.93119],[6.993118,50.931089],[6.993005,50.931132]]]},"properties":{"id":"DENW37AL100063zS","h":17.3,"min_z":45.2,"max_z":62.5}},{"type":"Feature","id":"DENW37AL100063iE","geometry":{"type":"Polygon","coordinates":[[[6.982396,50.932275],[6.982323,50.932208],[6.9823,50.932217],[6.982298,50.932218],[6.982315,50.932234],[6.982323,50.932231],[6.982379,50.932283],[6.982396,50.932275]]]},"properties":{"id":"DENW37AL100063iE","h":16.3,"min_z":46.3,"max_z":62.6}},{"type":"Feature","id":"DENW37AL100064mr","geometry":{"type":"Polygon","coordinates":[[[6.98313,50.932053],[6.983131,50.932053],[6.983166,50.931977],[6.983161,50.931976],[6.98317,50.931956],[6.983175,50.931957],[6.983208,50.931886],[6.983182,50.931881],[6.983112,50.931868],[6.983055,50.931858],[6.982978,50.932025],[6.982982,50.932026],[6.983035,50.932035],[6.983105,50.932048],[6.98313,50.932053]]]},"properties":{"id":"DENW37AL100064mr","h":15.0,"min_z":46.5,"max_z":61.5}},{"type":"Feature","id":"DENW37AL100065Km","geometry":{"type":"Polygon","coordinates":[[[6.982283,50.931516],[6.982271,50.931541],[6.982288,50.931544],[6.982272,50.931578],[6.982255,50.931575],[6.982242,50.931601],[6.982259,50.931604],[6.982217,50.931691],[6.982283,50.931704],[6.98235,50.931718],[6.982369,50.931678],[6.98238,50.93168],[6.982391,50.931654],[6.98238,50.931651],[6.982445,50.93151],[6.982456,50.931512],[6.982468,50.931485],[6.982458,50.931483],[6.982474,50.931448],[6.98241,50.931436],[6.982347,50.931424],[6.9823,50.93152],[6.982283,50.931516]]]},"properties":{"id":"DENW37AL100065Km","h":15.6,"min_z":46.2,"max_z":61.8}},{"type":"Feature","id":"DENW37AL100064r3","geometry":{"type":"Polygon","coordinates":[[[6.983426,50.933225],[6.983446,50.933264],[6.983465,50.933302],[6.983523,50.933291],[6.983525,50.933296],[6.983568,50.933287],[6.983582,50.933284],[6.98356,50.933241],[6.983542,50.933205],[6.983541,50.933202],[6.983426,50.933225]]]},"properties":{"id":"DENW37AL100064r3","h":11.4,"min_z":46.6,"max_z":58.0}},{"type":"Feature","id":"DENW37AL100063dg","geometry":{"type":"Polygon","coordinates":[[[6.988616,50.936987],[6.988778,50.937003],[6.988838,50.936789],[6.988846,50.936761],[6.988853,50.936735],[6.988689,50.936717],[6.988616,50.936987]]]},"properties":{"id":"DENW37AL100063dg","h":19.5,"min_z":45.8,"max_z":65.3}},{"type":"Feature","id":"DENW37AL100063Yr","geometry":{"type":"Polygon","coordinates":[[[6.981853,50.930772],[6.98195,50.930863],[6.982049,50.930821],[6.981952,50.93073],[6.981853,50.930772]]]},"properties":{"id":"DENW37AL100063Yr","h":3.3,"min_z":46.9,"max_z":50.2}},{"type":"Feature","id":"DENW37AL1000642F","geometry":{"type":"Polygon","coordinates":[[[6.981351,50.930647],[6.981363,50.930609],[6.981302,50.930602],[6.981163,50.930661],[6.981387,50.93087],[6.981434,50.930852],[6.981416,50.930834],[6.981529,50.930786],[6.981497,50.930781],[6.981501,50.930769],[6.981478,50.930765],[6.981468,50.930756],[6.981479,50.930719],[6.98142,50.930711],[6.981409,50.930702],[6.981421,50.930664],[6.981361,50.930656],[6.981351,50.930647]]]},"properties":{"id":"DENW37AL1000642F","h":11.4,"min_z":47.0,"max_z":58.3}},{"type":"Feature","id":"DENW37AL100065wd","geometry":{"type":"Polygon","coordinates":[[[6.983609,50.936161],[6.983625,50.936059],[6.98356,50.936055],[6.983562,50.936042],[6.983562,50.936042],[6.983563,50.936039],[6.983541,50.936037],[6.983521,50.936155],[6.983609,50.936161]]]},"properties":{"id":"DENW37AL100065wd","h":11.9,"min_z":44.1,"max_z":56.0}},{"type":"Feature","id":"DENW37AL1TI000K5","geometry":{"type":"Polygon","coordinates":[[[6.981803,50.933045],[6.981631,50.93308],[6.981752,50.933323],[6.982193,50.933235],[6.982071,50.932992],[6.981898,50.933027],[6.981911,50.933053],[6.981817,50.933071],[6.981803,50.933045]]]},"properties":{"id":"DENW37AL1TI000K5","h":11.2,"min_z":45.1,"max_z":56.3}},{"type":"Feature","id":"DENW37AL100065AB","geometry":{"type":"Polygon","coordinates":[[[6.979848,50.934019],[6.979821,50.933967],[6.979813,50.933949],[6.979735,50.933965],[6.979769,50.934035],[6.979848,50.934019]]]},"properties":{"id":"DENW37AL100065AB","h":10.8,"min_z":45.5,"max_z":56.3}},{"type":"Feature","id":"DENW37AL100066jG","geometry":{"type":"Polygon","coordinates":[[[6.991437,50.9324],[6.991512,50.93238],[6.99151,50.932377],[6.991515,50.932376],[6.991489,50.932338],[6.991479,50.932341],[6.991409,50.932361],[6.991399,50.932363],[6.991427,50.932403],[6.991437,50.9324]]]},"properties":{"id":"DENW37AL100066jG","h":12.7,"min_z":46.6,"max_z":59.3}},{"type":"Feature","id":"DENW37AL100065JJ","geometry":{"type":"Polygon","coordinates":[[[6.984998,50.93564],[6.984994,50.935669],[6.985057,50.935673],[6.985096,50.935675],[6.9851,50.935646],[6.984998,50.93564]]]},"properties":{"id":"DENW37AL100065JJ","h":3.9,"min_z":43.6,"max_z":47.5}},{"type":"Feature","id":"DENW37AL100065EJ","geometry":{"type":"Polygon","coordinates":[[[6.98565,50.934941],[6.985629,50.934936],[6.985568,50.934922],[6.985551,50.934918],[6.985547,50.934923],[6.985446,50.934899],[6.985442,50.934905],[6.985449,50.934907],[6.985398,50.934994],[6.985391,50.934992],[6.985387,50.934998],[6.985501,50.935026],[6.985623,50.935055],[6.986148,50.93518],[6.986277,50.935215],[6.986334,50.935119],[6.985642,50.934955],[6.98565,50.934941]]]},"properties":{"id":"DENW37AL100065EJ","h":16.5,"min_z":44.0,"max_z":60.5}},{"type":"Feature","id":"DENW37AL100062lH","geometry":{"type":"Polygon","coordinates":[[[6.986598,50.933252],[6.986608,50.933297],[6.986702,50.933288],[6.986702,50.933287],[6.986692,50.933244],[6.986598,50.933252]]]},"properties":{"id":"DENW37AL100062lH","h":3.0,"min_z":46.7,"max_z":49.7}},{"type":"Feature","id":"DENW37AL100065W4","geometry":{"type":"Polygon","coordinates":[[[6.982402,50.934114],[6.982402,50.934125],[6.982381,50.934136],[6.982341,50.934137],[6.982341,50.934165],[6.982428,50.934164],[6.982428,50.934114],[6.982402,50.934114]]]},"properties":{"id":"DENW37AL100065W4","h":2.7,"min_z":45.8,"max_z":48.5}},{"type":"Feature","id":"DENW37AL100065Oe","geometry":{"type":"Polygon","coordinates":[[[6.990557,50.937417],[6.990627,50.937424],[6.990639,50.937375],[6.990569,50.937368],[6.990557,50.937417]]]},"properties":{"id":"DENW37AL100065Oe","h":2.6,"min_z":45.9,"max_z":48.5}},{"type":"Feature","id":"DENW37AL100063kM","geometry":{"type":"Polygon","coordinates":[[[6.979624,50.936768],[6.979812,50.936779],[6.97982,50.936725],[6.979635,50.936714],[6.979624,50.936768]]]},"properties":{"id":"DENW37AL100063kM","h":3.1,"min_z":44.9,"max_z":48.0}},{"type":"Feature","id":"DENW37AL100064iw","geometry":{"type":"Polygon","coordinates":[[[6.986237,50.935782],[6.986247,50.935823],[6.986304,50.935819],[6.986296,50.935789],[6.986237,50.935782]]]},"properties":{"id":"DENW37AL100064iw","h":5.0,"min_z":43.7,"max_z":48.7}},{"type":"Feature","id":"DENW37AL2Ek0004n","geometry":{"type":"Polygon","coordinates":[[[6.980602,50.933888],[6.980566,50.933895],[6.980581,50.933924],[6.980617,50.933917],[6.980602,50.933888]]]},"properties":{"id":"DENW37AL2Ek0004n","h":6.0,"min_z":45.1,"max_z":51.1}},{"type":"Feature","id":"DENW37AL100065ou","geometry":{"type":"Polygon","coordinates":[[[6.991192,50.932071],[6.991186,50.932074],[6.991158,50.932091],[6.991219,50.932131],[6.991264,50.932117],[6.991237,50.9321],[6.991192,50.932071]]]},"properties":{"id":"DENW37AL100065ou","h":2.4,"min_z":46.7,"max_z":49.1}},{"type":"Feature","id":"DENW37AL100065Md","geometry":{"type":"Polygon","coordinates":[[[6.981977,50.934328],[6.981976,50.934305],[6.981906,50.934307],[6.981907,50.934362],[6.981983,50.93436],[6.981994,50.934359],[6.981992,50.934327],[6.981977,50.934328]]]},"properties":{"id":"DENW37AL100065Md","h":5.2,"min_z":44.0,"max_z":49.2}},{"type":"Feature","id":"DENW37AL1000652n","geometry":{"type":"Polygon","coordinates":[[[6.979246,50.936692],[6.979239,50.936745],[6.97943,50.936756],[6.979437,50.936703],[6.979429,50.936702],[6.979246,50.936692]]]},"properties":{"id":"DENW37AL1000652n","h":3.1,"min_z":44.8,"max_z":47.9}},{"type":"Feature","id":"DENW37AL3tU00007","geometry":{"type":"Polygon","coordinates":[[[6.979546,50.934079],[6.979472,50.934094],[6.979473,50.934094],[6.979484,50.934116],[6.979493,50.934134],[6.979568,50.934119],[6.97956,50.934102],[6.979558,50.934103],[6.979546,50.934079]]]},"properties":{"id":"DENW37AL3tU00007","h":2.7,"min_z":44.8,"max_z":47.5}},{"type":"Feature","id":"DENW37AL1000642P","geometry":{"type":"Polygon","coordinates":[[[6.99117,50.936418],[6.991177,50.936474],[6.991303,50.936468],[6.991296,50.936411],[6.99117,50.936418]]]},"properties":{"id":"DENW37AL1000642P","h":2.6,"min_z":46.0,"max_z":48.6}},{"type":"Feature","id":"DENW37AL100065IV","geometry":{"type":"Polygon","coordinates":[[[6.98312,50.933287],[6.983159,50.933364],[6.983208,50.933354],[6.983208,50.933354],[6.983261,50.933343],[6.983222,50.933266],[6.98312,50.933287]]]},"properties":{"id":"DENW37AL100065IV","h":11.2,"min_z":46.7,"max_z":57.9}},{"type":"Feature","id":"DENW37AL100065VW","geometry":{"type":"Polygon","coordinates":[[[6.992634,50.931269],[6.992734,50.931365],[6.992848,50.93132],[6.992747,50.931222],[6.992634,50.931269]]]},"properties":{"id":"DENW37AL100065VW","h":17.7,"min_z":45.2,"max_z":62.9}},{"type":"Feature","id":"DENW37AL100064L6","geometry":{"type":"Polygon","coordinates":[[[6.981747,50.931763],[6.981734,50.931768],[6.981829,50.931858],[6.981842,50.931852],[6.981747,50.931763]]]},"properties":{"id":"DENW37AL100064L6","h":17.0,"min_z":44.5,"max_z":61.5}},{"type":"Feature","id":"DENW37AL100065Xu","geometry":{"type":"Polygon","coordinates":[[[6.983219,50.933657],[6.983273,50.933657],[6.983306,50.933657],[6.983306,50.93362],[6.983219,50.93362],[6.983219,50.933631],[6.983219,50.933631],[6.983219,50.933657]]]},"properties":{"id":"DENW37AL100065Xu","h":9.5,"min_z":45.8,"max_z":55.3}},{"type":"Feature","id":"DENW37AL100064nE","geometry":{"type":"Polygon","coordinates":[[[6.980085,50.933839],[6.980035,50.933849],[6.980048,50.933876],[6.980069,50.933918],[6.980153,50.933901],[6.980158,50.9339],[6.980137,50.933859],[6.980121,50.933828],[6.980083,50.933836],[6.980085,50.933839]]]},"properties":{"id":"DENW37AL100064nE","h":9.9,"min_z":45.5,"max_z":55.4}},{"type":"Feature","id":"DENW37AL100065P2","geometry":{"type":"Polygon","coordinates":[[[6.980025,50.934833],[6.980032,50.934855],[6.980117,50.934844],[6.980109,50.934822],[6.980025,50.934833]]]},"properties":{"id":"DENW37AL100065P2","h":4.9,"min_z":43.5,"max_z":48.4}},{"type":"Feature","id":"DENW37AL100065S5","geometry":{"type":"Polygon","coordinates":[[[6.985616,50.934138],[6.985502,50.934612],[6.985471,50.93474],[6.985547,50.934747],[6.985716,50.934764],[6.985786,50.93477],[6.985933,50.93417],[6.985616,50.934138]]]},"properties":{"id":"DENW37AL100065S5","h":5.1,"min_z":45.2,"max_z":50.3}},{"type":"Feature","id":"DENW37AL100065v2","geometry":{"type":"Polygon","coordinates":[[[6.980589,50.934626],[6.980516,50.934642],[6.980533,50.934673],[6.980606,50.934657],[6.980589,50.934626]]]},"properties":{"id":"DENW37AL100065v2","h":4.4,"min_z":44.2,"max_z":48.7}},{"type":"Feature","id":"DENW37AL100064cL","geometry":{"type":"Polygon","coordinates":[[[6.98164,50.934183],[6.981582,50.934185],[6.981588,50.934236],[6.981664,50.934233],[6.981674,50.934233],[6.981669,50.934182],[6.98164,50.934183]]]},"properties":{"id":"DENW37AL100064cL","h":4.9,"min_z":44.2,"max_z":49.1}},{"type":"Feature","id":"DENW37AL1000644t","geometry":{"type":"Polygon","coordinates":[[[6.980545,50.934589],[6.980503,50.934512],[6.980487,50.934515],[6.980506,50.934552],[6.980488,50.934556],[6.98051,50.934597],[6.980545,50.934589]]]},"properties":{"id":"DENW37AL1000644t","h":2.5,"min_z":44.5,"max_z":47.0}},{"type":"Feature","id":"DENW37AL100066c6","geometry":{"type":"Polygon","coordinates":[[[6.979186,50.934991],[6.9792,50.935045],[6.979215,50.935044],[6.979219,50.935062],[6.979289,50.935055],[6.979352,50.935049],[6.979352,50.93505],[6.979367,50.935048],[6.979365,50.935039],[6.979347,50.93496],[6.979268,50.934967],[6.979198,50.934974],[6.979201,50.934989],[6.979186,50.934991]]]},"properties":{"id":"DENW37AL100066c6","h":17.2,"min_z":44.1,"max_z":61.4}},{"type":"Feature","id":"DENW37AL100064GI","geometry":{"type":"Polygon","coordinates":[[[6.981942,50.933594],[6.981983,50.933586],[6.981964,50.933548],[6.981943,50.933508],[6.981911,50.933514],[6.981914,50.93352],[6.981858,50.93353],[6.981865,50.933544],[6.981895,50.933604],[6.981901,50.933617],[6.981948,50.933608],[6.981942,50.933594]]]},"properties":{"id":"DENW37AL100064GI","h":11.0,"min_z":44.7,"max_z":55.8}},{"type":"Feature","id":"DENW37AL100065Sj","geometry":{"type":"Polygon","coordinates":[[[6.98261,50.93372],[6.98267,50.933837],[6.982816,50.933808],[6.982756,50.93369],[6.98261,50.93372]]]},"properties":{"id":"DENW37AL100065Sj","h":10.8,"min_z":45.6,"max_z":56.4}},{"type":"Feature","id":"DENW37AL10006yGg","geometry":{"type":"Polygon","coordinates":[[[6.988862,50.936999],[6.989197,50.937031],[6.989207,50.936981],[6.988874,50.93695],[6.988862,50.936999]]]},"properties":{"id":"DENW37AL10006yGg","h":2.4,"min_z":45.9,"max_z":48.3}},{"type":"Feature","id":"DENW37AL2Eq0009P","geometry":{"type":"Polygon","coordinates":[[[6.990989,50.936364],[6.990985,50.936479],[6.991031,50.936481],[6.991032,50.936426],[6.991039,50.936425],[6.99104,50.93636],[6.990989,50.936364]]]},"properties":{"id":"DENW37AL2Eq0009P","h":2.8,"min_z":46.0,"max_z":48.8}},{"type":"Feature","id":"DENW37AL100064zF","geometry":{"type":"Polygon","coordinates":[[[6.980988,50.930917],[6.980929,50.930952],[6.981041,50.93103],[6.981102,50.930994],[6.980988,50.930917]]]},"properties":{"id":"DENW37AL100064zF","h":2.6,"min_z":46.3,"max_z":49.0}},{"type":"Feature","id":"DENW37AL100074kH","geometry":{"type":"Polygon","coordinates":[[[6.983805,50.932341],[6.983777,50.932336],[6.983761,50.932371],[6.983788,50.932376],[6.983805,50.932341]]]},"properties":{"id":"DENW37AL100074kH","h":4.2,"min_z":46.6,"max_z":50.8}},{"type":"Feature","id":"DENW37AL100063ly","geometry":{"type":"Polygon","coordinates":[[[6.980468,50.935329],[6.98023,50.935376],[6.980254,50.935429],[6.980492,50.935381],[6.980491,50.93538],[6.980468,50.935329]]]},"properties":{"id":"DENW37AL100063ly","h":2.5,"min_z":44.6,"max_z":47.1}},{"type":"Feature","id":"DENW37AL100064Ff","geometry":{"type":"Polygon","coordinates":[[[6.991823,50.937211],[6.991814,50.937218],[6.991756,50.937263],[6.991842,50.937307],[6.991845,50.937309],[6.991912,50.937257],[6.991823,50.937211]]]},"properties":{"id":"DENW37AL100064Ff","h":4.0,"min_z":46.5,"max_z":50.4}},{"type":"Feature","id":"DENW37AL100068lz","geometry":{"type":"Polygon","coordinates":[[[6.981673,50.934399],[6.981599,50.934401],[6.981601,50.934432],[6.981622,50.934431],[6.981679,50.93443],[6.981681,50.93443],[6.981679,50.934399],[6.981673,50.934399]]]},"properties":{"id":"DENW37AL100068lz","h":4.4,"min_z":44.5,"max_z":48.9}},{"type":"Feature","id":"DENW37AL100065Ol","geometry":{"type":"Polygon","coordinates":[[[6.982685,50.932131],[6.982806,50.932155],[6.982837,50.932088],[6.982833,50.932087],[6.982827,50.9321],[6.982714,50.932077],[6.98272,50.932064],[6.982717,50.932064],[6.982685,50.932131]]]},"properties":{"id":"DENW37AL100065Ol","h":3.0,"min_z":46.4,"max_z":49.5}},{"type":"Feature","id":"DENW37AL100065v4","geometry":{"type":"Polygon","coordinates":[[[6.979155,50.931761],[6.9792,50.931806],[6.979272,50.931778],[6.979227,50.931732],[6.979155,50.931761]]]},"properties":{"id":"DENW37AL100065v4","h":2.7,"min_z":46.2,"max_z":48.9}},{"type":"Feature","id":"DENW37AL100064nI","geometry":{"type":"Polygon","coordinates":[[[6.979824,50.93485],[6.979834,50.934881],[6.979915,50.934869],[6.979904,50.934839],[6.979824,50.93485]]]},"properties":{"id":"DENW37AL100064nI","h":10.1,"min_z":43.7,"max_z":53.8}},{"type":"Feature","id":"DENW37AL100065TG","geometry":{"type":"Polygon","coordinates":[[[6.982839,50.934188],[6.982839,50.934235],[6.982953,50.934235],[6.982953,50.934186],[6.982952,50.934186],[6.98289,50.934186],[6.98289,50.934188],[6.982839,50.934188]]]},"properties":{"id":"DENW37AL100065TG","h":2.4,"min_z":46.5,"max_z":48.9}},{"type":"Feature","id":"DENW37AL100066q3","geometry":{"type":"Polygon","coordinates":[[[6.981006,50.934504],[6.981032,50.934566],[6.981115,50.934557],[6.981087,50.934491],[6.981006,50.934504]]]},"properties":{"id":"DENW37AL100066q3","h":4.3,"min_z":44.2,"max_z":48.5}},{"type":"Feature","id":"DENW37AL100062jQ","geometry":{"type":"Polygon","coordinates":[[[6.979351,50.937679],[6.979349,50.937695],[6.979347,50.937714],[6.979343,50.937746],[6.979398,50.937749],[6.979407,50.937749],[6.979415,50.937682],[6.979351,50.937679]]]},"properties":{"id":"DENW37AL100062jQ","h":3.6,"min_z":45.2,"max_z":48.8}},{"type":"Feature","id":"DENW37AL100063Nf","geometry":{"type":"Polygon","coordinates":[[[6.980002,50.934763],[6.980025,50.934833],[6.980109,50.934822],[6.980132,50.934819],[6.98011,50.93475],[6.980086,50.934753],[6.980002,50.934763]]]},"properties":{"id":"DENW37AL100063Nf","h":8.7,"min_z":43.0,"max_z":51.7}},{"type":"Feature","id":"DENW37AL100065uw","geometry":{"type":"Polygon","coordinates":[[[6.985824,50.936209],[6.985848,50.936237],[6.985852,50.936236],[6.985863,50.936248],[6.986024,50.936194],[6.986023,50.936193],[6.986022,50.936193],[6.985989,50.936154],[6.985824,50.936209]]]},"properties":{"id":"DENW37AL100065uw","h":19.4,"min_z":43.9,"max_z":63.4}},{"type":"Feature","id":"DENW37AL100065WM","geometry":{"type":"Polygon","coordinates":[[[6.980725,50.933968],[6.980653,50.933983],[6.980728,50.934109],[6.980811,50.934092],[6.980738,50.933965],[6.980725,50.933968]]]},"properties":{"id":"DENW37AL100065WM","h":2.7,"min_z":44.8,"max_z":47.4}},{"type":"Feature","id":"DENW37AL100066mu","geometry":{"type":"Polygon","coordinates":[[[6.979912,50.93316],[6.979868,50.933101],[6.979796,50.933122],[6.979786,50.933124],[6.979711,50.93314],[6.979776,50.93327],[6.979852,50.933255],[6.979929,50.93324],[6.979891,50.933166],[6.979912,50.93316]]]},"properties":{"id":"DENW37AL100066mu","h":16.0,"min_z":45.3,"max_z":61.2}},{"type":"Feature","id":"DENW37AL100064uZ","geometry":{"type":"Polygon","coordinates":[[[6.991625,50.935935],[6.99161,50.935936],[6.991591,50.935939],[6.99159,50.935938],[6.99159,50.935937],[6.991498,50.935949],[6.991534,50.936055],[6.991691,50.936034],[6.99166,50.935939],[6.991655,50.93594],[6.99164,50.935937],[6.991625,50.935935]]]},"properties":{"id":"DENW37AL100064uZ","h":12.8,"min_z":45.9,"max_z":58.7}},{"type":"Feature","id":"DENW37AL100064gx","geometry":{"type":"Polygon","coordinates":[[[6.979474,50.931024],[6.979523,50.931068],[6.979649,50.931012],[6.979601,50.930968],[6.979474,50.931024]]]},"properties":{"id":"DENW37AL100064gx","h":2.6,"min_z":44.5,"max_z":47.1}},{"type":"Feature","id":"DENW37AL100064gY","geometry":{"type":"Polygon","coordinates":[[[6.985985,50.938504],[6.986033,50.938508],[6.986123,50.938516],[6.986182,50.938521],[6.986408,50.938541],[6.986441,50.938389],[6.986018,50.938352],[6.985985,50.938504]]]},"properties":{"id":"DENW37AL100064gY","h":10.4,"min_z":43.2,"max_z":53.6}},{"type":"Feature","id":"DENW37AL100065gA","geometry":{"type":"Polygon","coordinates":[[[6.984586,50.935305],[6.984586,50.935305],[6.985239,50.935426],[6.985235,50.935433],[6.98534,50.935453],[6.985343,50.935446],[6.985432,50.935462],[6.98548,50.935359],[6.985429,50.935349],[6.985287,50.935323],[6.984409,50.935159],[6.984394,50.935192],[6.984361,50.935263],[6.984499,50.935289],[6.984499,50.935289],[6.984586,50.935305]]]},"properties":{"id":"DENW37AL100065gA","h":17.2,"min_z":44.6,"max_z":61.8}},{"type":"Feature","id":"DENW37AL1000645i","geometry":{"type":"Polygon","coordinates":[[[6.980331,50.934243],[6.980328,50.934244],[6.980348,50.934282],[6.980361,50.934279],[6.980368,50.934292],[6.980383,50.934288],[6.980383,50.934288],[6.980356,50.934238],[6.980331,50.934243]]]},"properties":{"id":"DENW37AL1000645i","h":13.3,"min_z":44.5,"max_z":57.9}},{"type":"Feature","id":"DENW37AL100065hO","geometry":{"type":"Polygon","coordinates":[[[6.986094,50.935543],[6.98622,50.935575],[6.986249,50.935582],[6.986261,50.935585],[6.98625,50.935602],[6.986373,50.935633],[6.986417,50.935563],[6.986287,50.93553],[6.9863,50.935513],[6.986139,50.935474],[6.986128,50.935491],[6.986116,50.935509],[6.986094,50.935543]]]},"properties":{"id":"DENW37AL100065hO","h":4.4,"min_z":45.1,"max_z":49.5}},{"type":"Feature","id":"DENW37AL100065E6","geometry":{"type":"Polygon","coordinates":[[[6.979938,50.93534],[6.980191,50.935295],[6.980148,50.935197],[6.979894,50.935242],[6.979938,50.93534]]]},"properties":{"id":"DENW37AL100065E6","h":17.8,"min_z":44.7,"max_z":62.5}},{"type":"Feature","id":"DENW37AL100065wr","geometry":{"type":"Polygon","coordinates":[[[6.979959,50.935693],[6.980342,50.93572],[6.980355,50.935604],[6.979974,50.935576],[6.979959,50.935693]]]},"properties":{"id":"DENW37AL100065wr","h":7.5,"min_z":45.3,"max_z":52.7}},{"type":"Feature","id":"DENW37AL100074Pi","geometry":{"type":"Polygon","coordinates":[[[6.981523,50.930772],[6.981501,50.930769],[6.981497,50.930781],[6.981529,50.930786],[6.98176,50.930687],[6.981749,50.930677],[6.981523,50.930772]]]},"properties":{"id":"DENW37AL100074Pi","h":14.8,"min_z":46.9,"max_z":61.7}},{"type":"Feature","id":"DENW37AL100064cH","geometry":{"type":"Polygon","coordinates":[[[6.979773,50.934519],[6.980037,50.934474],[6.980095,50.934464],[6.980103,50.934462],[6.980057,50.934357],[6.980053,50.934357],[6.980053,50.93436],[6.979732,50.934414],[6.979731,50.934412],[6.979727,50.934413],[6.979773,50.934519]]]},"properties":{"id":"DENW37AL100064cH","h":11.1,"min_z":43.9,"max_z":54.9}},{"type":"Feature","id":"DENW37AL100065E8","geometry":{"type":"Polygon","coordinates":[[[6.981525,50.934586],[6.981527,50.934604],[6.98159,50.934602],[6.981589,50.934584],[6.981525,50.934586]]]},"properties":{"id":"DENW37AL100065E8","h":4.0,"min_z":45.4,"max_z":49.5}},{"type":"Feature","id":"DENW37AL10017Mn8","geometry":{"type":"Polygon","coordinates":[[[6.993255,50.930683],[6.993236,50.930689],[6.993313,50.930778],[6.993331,50.930772],[6.993259,50.930687],[6.993255,50.930683]]]},"properties":{"id":"DENW37AL10017Mn8","h":16.3,"min_z":46.1,"max_z":62.4}},{"type":"Feature","id":"DENW37ALgI0000Ds","geometry":{"type":"Polygon","coordinates":[[[6.985598,50.9348],[6.985568,50.934922],[6.985629,50.934936],[6.985706,50.934807],[6.985599,50.934796],[6.985598,50.9348]]]},"properties":{"id":"DENW37ALgI0000Ds","h":2.8,"min_z":44.7,"max_z":47.5}},{"type":"Feature","id":"DENW37AL100065zu","geometry":{"type":"Polygon","coordinates":[[[6.97901,50.936936],[6.979008,50.936942],[6.979011,50.936942],[6.979199,50.936957],[6.979218,50.93686],[6.97922,50.93685],[6.97903,50.936833],[6.97901,50.936936]]]},"properties":{"id":"DENW37AL100065zu","h":18.4,"min_z":45.5,"max_z":63.9}},{"type":"Feature","id":"DENW37AL100063y7","geometry":{"type":"Polygon","coordinates":[[[6.98196,50.931294],[6.981952,50.931292],[6.98195,50.931296],[6.981904,50.931398],[6.981907,50.931401],[6.981966,50.931412],[6.982031,50.931423],[6.982058,50.931365],[6.982066,50.931367],[6.982077,50.931344],[6.982068,50.931342],[6.982118,50.931234],[6.982127,50.931236],[6.982138,50.931212],[6.982129,50.93121],[6.982155,50.931153],[6.982096,50.931142],[6.982042,50.931131],[6.981988,50.931238],[6.98196,50.931294]]]},"properties":{"id":"DENW37AL100063y7","h":15.5,"min_z":46.1,"max_z":61.6}},{"type":"Feature","id":"DENW37AL1000654M","geometry":{"type":"Polygon","coordinates":[[[6.980737,50.934834],[6.980716,50.934837],[6.980706,50.934839],[6.980672,50.934845],[6.980681,50.934865],[6.980714,50.934859],[6.980746,50.934854],[6.980737,50.934834],[6.980737,50.934834]]]},"properties":{"id":"DENW37AL1000654M","h":14.0,"min_z":44.3,"max_z":58.3}},{"type":"Feature","id":"DENW37AL100065lX","geometry":{"type":"Polygon","coordinates":[[[6.992049,50.933897],[6.992112,50.933959],[6.99213,50.93398],[6.992865,50.933705],[6.992777,50.933619],[6.992049,50.933897]]]},"properties":{"id":"DENW37AL100065lX","h":14.6,"min_z":46.4,"max_z":61.1}},{"type":"Feature","id":"DENW37AL100064oM","geometry":{"type":"Polygon","coordinates":[[[6.981007,50.936907],[6.981083,50.937004],[6.981275,50.936945],[6.981319,50.93689],[6.981166,50.93684],[6.981146,50.936864],[6.981019,50.936903],[6.981007,50.936907]]]},"properties":{"id":"DENW37AL100064oM","h":21.0,"min_z":43.7,"max_z":64.6}},{"type":"Feature","id":"DENW37AL1000641v","geometry":{"type":"Polygon","coordinates":[[[6.980568,50.933474],[6.980536,50.93348],[6.980552,50.933516],[6.980573,50.933565],[6.980705,50.933538],[6.980681,50.93349],[6.980657,50.933443],[6.980562,50.933462],[6.980568,50.933474]]]},"properties":{"id":"DENW37AL1000641v","h":16.4,"min_z":44.7,"max_z":61.1}},{"type":"Feature","id":"DENW37AL100063ZX","geometry":{"type":"Polygon","coordinates":[[[6.9822,50.933059],[6.982224,50.933111],[6.982272,50.933102],[6.982246,50.93305],[6.9822,50.933059]]]},"properties":{"id":"DENW37AL100063ZX","h":2.5,"min_z":45.4,"max_z":47.8}},{"type":"Feature","id":"DENW37AL100064qr","geometry":{"type":"Polygon","coordinates":[[[6.980751,50.933745],[6.980714,50.933752],[6.980736,50.933795],[6.980755,50.933833],[6.9808,50.933824],[6.980806,50.933835],[6.980849,50.933827],[6.980825,50.933777],[6.980805,50.933739],[6.980753,50.93375],[6.980751,50.933745]]]},"properties":{"id":"DENW37AL100064qr","h":11.0,"min_z":44.7,"max_z":55.6}},{"type":"Feature","id":"DENW37AL1000641M","geometry":{"type":"Polygon","coordinates":[[[6.986126,50.938194],[6.986403,50.938246],[6.986442,50.938158],[6.986165,50.93811],[6.986126,50.938194]]]},"properties":{"id":"DENW37AL1000641M","h":3.3,"min_z":45.2,"max_z":48.5}},{"type":"Feature","id":"DENW37AL2Ek0004i","geometry":{"type":"Polygon","coordinates":[[[6.980546,50.933189],[6.980529,50.933154],[6.980361,50.933187],[6.980378,50.933222],[6.980546,50.933189]]]},"properties":{"id":"DENW37AL2Ek0004i","h":3.9,"min_z":44.9,"max_z":48.8}},{"type":"Feature","id":"DENW37AL100063cL","geometry":{"type":"Polygon","coordinates":[[[6.983475,50.935735],[6.983475,50.935735],[6.983534,50.935652],[6.983533,50.935652],[6.983389,50.935611],[6.983331,50.935695],[6.983475,50.935735]]]},"properties":{"id":"DENW37AL100063cL","h":5.3,"min_z":44.9,"max_z":50.2}},{"type":"Feature","id":"DENW37AL100074i2","geometry":{"type":"Polygon","coordinates":[[[6.979387,50.937361],[6.979442,50.937363],[6.979443,50.937357],[6.979388,50.937355],[6.979387,50.937361]]]},"properties":{"id":"DENW37AL100074i2","h":6.0,"min_z":45.6,"max_z":51.6}},{"type":"Feature","id":"DENW37AL100064nQ","geometry":{"type":"Polygon","coordinates":[[[6.980679,50.934656],[6.980677,50.934652],[6.980638,50.934659],[6.980598,50.934665],[6.9806,50.934669],[6.980556,50.934677],[6.980573,50.934717],[6.980556,50.93472],[6.980573,50.934759],[6.980575,50.934758],[6.980674,50.934742],[6.980755,50.934728],[6.980721,50.934649],[6.980679,50.934656]]]},"properties":{"id":"DENW37AL100064nQ","h":14.3,"min_z":44.2,"max_z":58.4}},{"type":"Feature","id":"DENW37AL100065uy","geometry":{"type":"Polygon","coordinates":[[[6.981842,50.933903],[6.981845,50.933943],[6.981974,50.933938],[6.982049,50.933935],[6.982067,50.933935],[6.982058,50.933835],[6.981838,50.933844],[6.981842,50.933903]]]},"properties":{"id":"DENW37AL100065uy","h":11.9,"min_z":44.1,"max_z":56.0}},{"type":"Feature","id":"DENW37AL100065I9","geometry":{"type":"Polygon","coordinates":[[[6.985024,50.935786],[6.985007,50.935785],[6.984995,50.935834],[6.985096,50.93584],[6.985175,50.935845],[6.985192,50.935762],[6.985112,50.935757],[6.985043,50.935753],[6.985031,50.935752],[6.985024,50.935786]]]},"properties":{"id":"DENW37AL100065I9","h":12.9,"min_z":43.7,"max_z":56.6}},{"type":"Feature","id":"DENW37AL100063lM","geometry":{"type":"Polygon","coordinates":[[[6.984201,50.93447],[6.984201,50.93447],[6.984188,50.934489],[6.98405,50.934683],[6.984115,50.934706],[6.984192,50.934734],[6.984424,50.934474],[6.984346,50.934446],[6.984245,50.934409],[6.984201,50.93447]]]},"properties":{"id":"DENW37AL100063lM","h":20.0,"min_z":44.4,"max_z":64.4}},{"type":"Feature","id":"DENW37AL100064h2","geometry":{"type":"Polygon","coordinates":[[[6.984941,50.932631],[6.984921,50.93268],[6.98492,50.932683],[6.984908,50.93271],[6.984907,50.932715],[6.984907,50.93272],[6.984908,50.932725],[6.984909,50.932729],[6.984912,50.932734],[6.985032,50.932756],[6.985034,50.932751],[6.985072,50.932654],[6.984941,50.932631]]]},"properties":{"id":"DENW37AL100064h2","h":4.3,"min_z":46.9,"max_z":51.2}},{"type":"Feature","id":"DENW37AL100066Jg","geometry":{"type":"Polygon","coordinates":[[[6.981083,50.937004],[6.981007,50.936907],[6.980831,50.936964],[6.98083,50.936964],[6.980903,50.937059],[6.980903,50.93706],[6.981083,50.937004]]]},"properties":{"id":"DENW37AL100066Jg","h":21.0,"min_z":43.7,"max_z":64.7}},{"type":"Feature","id":"DENW37AL100064sE","geometry":{"type":"Polygon","coordinates":[[[6.981077,50.93373],[6.981101,50.933777],[6.98111,50.933775],[6.981116,50.933785],[6.981172,50.933773],[6.981167,50.933764],[6.981176,50.933762],[6.981152,50.933715],[6.981138,50.933687],[6.981063,50.933702],[6.981077,50.93373]]]},"properties":{"id":"DENW37AL100064sE","h":11.4,"min_z":44.5,"max_z":56.0}},{"type":"Feature","id":"DENW37AL100064ve","geometry":{"type":"Polygon","coordinates":[[[6.980468,50.935329],[6.980491,50.93538],[6.980572,50.935363],[6.980541,50.935314],[6.980468,50.935329]]]},"properties":{"id":"DENW37AL100064ve","h":2.5,"min_z":44.6,"max_z":47.1}},{"type":"Feature","id":"DENW37AL100067Ds","geometry":{"type":"Polygon","coordinates":[[[6.979062,50.936113],[6.979054,50.936227],[6.979407,50.936237],[6.979407,50.936234],[6.979416,50.936123],[6.979068,50.936113],[6.979062,50.936113]]]},"properties":{"id":"DENW37AL100067Ds","h":7.4,"min_z":45.5,"max_z":52.9}},{"type":"Feature","id":"DENW37AL100064Uj","geometry":{"type":"Polygon","coordinates":[[[6.986398,50.936142],[6.986386,50.936087],[6.986386,50.936087],[6.986326,50.936091],[6.986327,50.936092],[6.986375,50.93615],[6.986397,50.936143],[6.986396,50.936142],[6.986398,50.936142]]]},"properties":{"id":"DENW37AL100064Uj","h":11.5,"min_z":44.1,"max_z":55.6}},{"type":"Feature","id":"DENW37AL100064Ao","geometry":{"type":"Polygon","coordinates":[[[6.981416,50.930834],[6.981434,50.930852],[6.981506,50.93092],[6.981853,50.930772],[6.981952,50.93073],[6.98204,50.930691],[6.982016,50.930668],[6.98195,50.930605],[6.981848,50.930649],[6.98176,50.930687],[6.981529,50.930786],[6.981416,50.930834]]]},"properties":{"id":"DENW37AL100064Ao","h":14.2,"min_z":47.0,"max_z":61.2}},{"type":"Feature","id":"DENW37AL100063ok","geometry":{"type":"Polygon","coordinates":[[[6.982925,50.932709],[6.982856,50.932738],[6.982939,50.932816],[6.982966,50.932805],[6.983007,50.932787],[6.983083,50.932756],[6.983001,50.932677],[6.982925,50.932709]]]},"properties":{"id":"DENW37AL100063ok","h":17.9,"min_z":46.0,"max_z":63.9}},{"type":"Feature","id":"DENW37AL100065Jk","geometry":{"type":"Polygon","coordinates":[[[6.979416,50.934106],[6.979428,50.934128],[6.979484,50.934116],[6.979473,50.934094],[6.979416,50.934106]]]},"properties":{"id":"DENW37AL100065Jk","h":11.3,"min_z":44.9,"max_z":56.1}},{"type":"Feature","id":"DENW37AL100066TJ","geometry":{"type":"Polygon","coordinates":[[[6.979231,50.933754],[6.979233,50.933759],[6.979242,50.933777],[6.979276,50.933847],[6.979409,50.933822],[6.979366,50.933731],[6.979334,50.933737],[6.979333,50.933735],[6.979231,50.933754]]]},"properties":{"id":"DENW37AL100066TJ","h":15.0,"min_z":45.4,"max_z":60.4}},{"type":"Feature","id":"DENW37AL100066wn","geometry":{"type":"Polygon","coordinates":[[[6.982159,50.933552],[6.98212,50.933473],[6.982083,50.93348],[6.982086,50.933486],[6.982086,50.933486],[6.982121,50.93356],[6.982159,50.933552]]]},"properties":{"id":"DENW37AL100066wn","h":12.2,"min_z":44.5,"max_z":56.7}},{"type":"Feature","id":"DENW37AL100065nk","geometry":{"type":"Polygon","coordinates":[[[6.989825,50.936561],[6.990098,50.936588],[6.990099,50.936572],[6.990105,50.936495],[6.990106,50.936485],[6.990107,50.936478],[6.989882,50.936456],[6.989883,50.936449],[6.989851,50.936446],[6.989846,50.93647],[6.989829,50.936545],[6.989825,50.936561]]]},"properties":{"id":"DENW37AL100065nk","h":18.8,"min_z":45.5,"max_z":64.3}},{"type":"Feature","id":"DENW37AL1000645w","geometry":{"type":"Polygon","coordinates":[[[6.97916,50.931135],[6.979581,50.931497],[6.979701,50.931443],[6.979279,50.931079],[6.97916,50.931135]]]},"properties":{"id":"DENW37AL1000645w","h":14.4,"min_z":44.6,"max_z":59.0}},{"type":"Feature","id":"DENW37AL100065qK","geometry":{"type":"Polygon","coordinates":[[[6.982926,50.933375],[6.982945,50.933413],[6.982941,50.933414],[6.98295,50.933431],[6.983014,50.933419],[6.982986,50.933363],[6.982926,50.933375]]]},"properties":{"id":"DENW37AL100065qK","h":2.3,"min_z":46.5,"max_z":48.8}},{"type":"Feature","id":"DENW37AL100063kd","geometry":{"type":"Polygon","coordinates":[[[6.991844,50.931531],[6.991954,50.931625],[6.99206,50.931576],[6.99195,50.931481],[6.991844,50.931531]]]},"properties":{"id":"DENW37AL100063kd","h":16.9,"min_z":45.8,"max_z":62.7}},{"type":"Feature","id":"DENW37AL100065xC","geometry":{"type":"Polygon","coordinates":[[[6.979628,50.930953],[6.979598,50.930966],[6.979601,50.930968],[6.979649,50.931012],[6.979711,50.931068],[6.980005,50.931334],[6.980031,50.931322],[6.979739,50.931055],[6.979628,50.930953]]]},"properties":{"id":"DENW37AL100065xC","h":15.2,"min_z":44.7,"max_z":59.9}},{"type":"Feature","id":"DENW37AL100064Bk","geometry":{"type":"Polygon","coordinates":[[[6.981907,50.934362],[6.981909,50.934418],[6.981987,50.934417],[6.981983,50.93436],[6.981907,50.934362]]]},"properties":{"id":"DENW37AL100064Bk","h":5.0,"min_z":44.1,"max_z":49.1}},{"type":"Feature","id":"DENW37AL10006yEo","geometry":{"type":"Polygon","coordinates":[[[6.984901,50.93314],[6.984959,50.933149],[6.984969,50.933127],[6.98491,50.933117],[6.984901,50.93314]]]},"properties":{"id":"DENW37AL10006yEo","h":2.1,"min_z":47.2,"max_z":49.4}},{"type":"Feature","id":"DENW37AL100064zr","geometry":{"type":"Polygon","coordinates":[[[6.979708,50.937375],[6.979442,50.937363],[6.979387,50.937361],[6.979379,50.937432],[6.979377,50.937454],[6.979623,50.937465],[6.979627,50.937427],[6.979703,50.93743],[6.979706,50.937401],[6.979707,50.937384],[6.979708,50.937375]]]},"properties":{"id":"DENW37AL100064zr","h":9.7,"min_z":45.6,"max_z":55.3}},{"type":"Feature","id":"DENW37AL100063dU","geometry":{"type":"Polygon","coordinates":[[[6.983542,50.933205],[6.983582,50.933284],[6.983568,50.933287],[6.983578,50.933307],[6.983633,50.933295],[6.983583,50.933197],[6.983542,50.933205]]]},"properties":{"id":"DENW37AL100063dU","h":4.0,"min_z":46.8,"max_z":50.8}},{"type":"Feature","id":"DENW37AL100063si","geometry":{"type":"Polygon","coordinates":[[[6.982668,50.931731],[6.982733,50.931743],[6.982815,50.931758],[6.982816,50.931758],[6.982851,50.931682],[6.982845,50.931681],[6.982854,50.931661],[6.98286,50.931662],[6.982892,50.931591],[6.982809,50.931576],[6.982739,50.931563],[6.982663,50.93173],[6.982668,50.931731]]]},"properties":{"id":"DENW37AL100063si","h":15.8,"min_z":46.4,"max_z":62.2}},{"type":"Feature","id":"DENW37AL10006yH7","geometry":{"type":"Polygon","coordinates":[[[6.991587,50.93645],[6.991813,50.936438],[6.991806,50.936388],[6.99158,50.936398],[6.991587,50.93645]]]},"properties":{"id":"DENW37AL10006yH7","h":12.0,"min_z":46.0,"max_z":58.0}},{"type":"Feature","id":"DENW37AL100064FL","geometry":{"type":"Polygon","coordinates":[[[6.985887,50.936],[6.985889,50.936002],[6.985925,50.936044],[6.986032,50.936007],[6.985995,50.935963],[6.985887,50.936]]]},"properties":{"id":"DENW37AL100064FL","h":2.2,"min_z":43.9,"max_z":46.1}},{"type":"Feature","id":"DENW37AL1000649h","geometry":{"type":"Polygon","coordinates":[[[6.981746,50.933839],[6.981748,50.933871],[6.981754,50.933871],[6.981757,50.933906],[6.981797,50.933905],[6.981793,50.933845],[6.981792,50.933837],[6.981746,50.933839]]]},"properties":{"id":"DENW37AL1000649h","h":4.8,"min_z":43.9,"max_z":48.7}},{"type":"Feature","id":"DENW37AL100064EX","geometry":{"type":"Polygon","coordinates":[[[6.982204,50.932126],[6.9823,50.932217],[6.98244,50.932158],[6.982342,50.932067],[6.982204,50.932126]]]},"properties":{"id":"DENW37AL100064EX","h":17.2,"min_z":46.3,"max_z":63.5}},{"type":"Feature","id":"DENW37AL100064t4","geometry":{"type":"Polygon","coordinates":[[[6.982278,50.934817],[6.982276,50.934855],[6.982361,50.934854],[6.982375,50.934854],[6.982375,50.934816],[6.98231,50.934817],[6.982278,50.934817]]]},"properties":{"id":"DENW37AL100064t4","h":2.7,"min_z":46.2,"max_z":48.9}},{"type":"Feature","id":"DENW37AL100064jH","geometry":{"type":"Polygon","coordinates":[[[6.98281,50.93303],[6.982766,50.933038],[6.982707,50.93305],[6.982669,50.933057],[6.982718,50.933159],[6.98286,50.933131],[6.982817,50.933043],[6.98281,50.93303]]]},"properties":{"id":"DENW37AL100064jH","h":14.7,"min_z":46.0,"max_z":60.7}},{"type":"Feature","id":"DENW37AL1000644U","geometry":{"type":"Polygon","coordinates":[[[6.98159,50.934262],[6.981667,50.934259],[6.981664,50.934233],[6.981588,50.934236],[6.98159,50.934262]]]},"properties":{"id":"DENW37AL1000644U","h":4.8,"min_z":44.2,"max_z":49.0}},{"type":"Feature","id":"DENW37AL100065CB","geometry":{"type":"Polygon","coordinates":[[[6.981817,50.935028],[6.981818,50.935114],[6.981857,50.935114],[6.981863,50.935114],[6.981862,50.935028],[6.981817,50.935028]]]},"properties":{"id":"DENW37AL100065CB","h":10.9,"min_z":44.3,"max_z":55.2}},{"type":"Feature","id":"DENW37AL10006yG7","geometry":{"type":"Polygon","coordinates":[[[6.984685,50.933096],[6.984666,50.933135],[6.98472,50.933146],[6.984805,50.933163],[6.984822,50.933124],[6.984685,50.933096]]]},"properties":{"id":"DENW37AL10006yG7","h":2.6,"min_z":47.2,"max_z":49.8}},{"type":"Feature","id":"DENW37AL100065hK","geometry":{"type":"Polygon","coordinates":[[[6.98185,50.934694],[6.98185,50.934724],[6.981854,50.934948],[6.981861,50.934948],[6.982121,50.934946],[6.982117,50.934692],[6.98185,50.934694]]]},"properties":{"id":"DENW37AL100065hK","h":8.5,"min_z":45.8,"max_z":54.3}},{"type":"Feature","id":"DENW37AL100065OU","geometry":{"type":"Polygon","coordinates":[[[6.979699,50.93612],[6.979685,50.93625],[6.979816,50.936255],[6.979816,50.936249],[6.979829,50.936127],[6.97983,50.936122],[6.979699,50.936117],[6.979699,50.93612]]]},"properties":{"id":"DENW37AL100065OU","h":3.4,"min_z":45.5,"max_z":48.9}},{"type":"Feature","id":"DENW37AL100063NV","geometry":{"type":"Polygon","coordinates":[[[6.983307,50.939062],[6.983407,50.939025],[6.983369,50.938984],[6.983269,50.93902],[6.983307,50.939062]]]},"properties":{"id":"DENW37AL100063NV","h":19.0,"min_z":53.0,"max_z":72.0}},{"type":"Feature","id":"DENW37AL100065yu","geometry":{"type":"Polygon","coordinates":[[[6.98016,50.931485],[6.980188,50.931512],[6.980294,50.931471],[6.980263,50.931442],[6.98016,50.931485]]]},"properties":{"id":"DENW37AL100065yu","h":18.3,"min_z":44.9,"max_z":63.2}},{"type":"Feature","id":"DENW37AL100066JN","geometry":{"type":"Polygon","coordinates":[[[6.988595,50.936345],[6.988598,50.936333],[6.988612,50.936275],[6.988569,50.936271],[6.988572,50.93626],[6.988511,50.936254],[6.988489,50.936345],[6.988548,50.936351],[6.988551,50.936341],[6.988595,50.936345]]]},"properties":{"id":"DENW37AL100066JN","h":3.0,"min_z":45.6,"max_z":48.6}},{"type":"Feature","id":"DENW37AL100065GA","geometry":{"type":"Polygon","coordinates":[[[6.981773,50.930578],[6.981684,50.930615],[6.981749,50.930677],[6.98176,50.930687],[6.981848,50.930649],[6.981838,50.930639],[6.981773,50.930578]]]},"properties":{"id":"DENW37AL100065GA","h":3.4,"min_z":46.9,"max_z":50.3}},{"type":"Feature","id":"DENW37AL2L0000Go","geometry":{"type":"Polygon","coordinates":[[[6.987035,50.938937],[6.987055,50.938935],[6.98706,50.93891],[6.987392,50.938876],[6.987394,50.938866],[6.987042,50.938903],[6.987035,50.938937]]]},"properties":{"id":"DENW37AL2L0000Go","h":15.8,"min_z":44.6,"max_z":60.4}},{"type":"Feature","id":"DENW37AL100063jd","geometry":{"type":"Polygon","coordinates":[[[6.982351,50.933859],[6.982268,50.933874],[6.982286,50.933912],[6.982331,50.933913],[6.982375,50.933906],[6.982362,50.933881],[6.982351,50.933859]]]},"properties":{"id":"DENW37AL100063jd","h":1.9,"min_z":44.8,"max_z":46.7}},{"type":"Feature","id":"DENW37AL100064xS","geometry":{"type":"Polygon","coordinates":[[[6.992428,50.931072],[6.99253,50.931169],[6.992645,50.931123],[6.992545,50.931026],[6.992428,50.931072]]]},"properties":{"id":"DENW37AL100064xS","h":17.6,"min_z":45.2,"max_z":62.8}},{"type":"Feature","id":"DENW37AL100063Sm","geometry":{"type":"Polygon","coordinates":[[[6.98253,50.931028],[6.982554,50.931127],[6.982834,50.931101],[6.982811,50.931003],[6.98253,50.931028]]]},"properties":{"id":"DENW37AL100063Sm","h":12.6,"min_z":46.2,"max_z":58.8}},{"type":"Feature","id":"DENW37AL100063ZJ","geometry":{"type":"Polygon","coordinates":[[[6.984582,50.935728],[6.984632,50.935731],[6.984667,50.935733],[6.984672,50.935695],[6.984688,50.935696],[6.984694,50.93565],[6.984678,50.935649],[6.984679,50.935642],[6.984595,50.935638],[6.984525,50.935634],[6.984512,50.935724],[6.984582,50.935728]]]},"properties":{"id":"DENW37AL100063ZJ","h":12.4,"min_z":43.7,"max_z":56.1}},{"type":"Feature","id":"DENW37AL100066U1","geometry":{"type":"Polygon","coordinates":[[[6.982814,50.936685],[6.982815,50.936767],[6.98291,50.936771],[6.982908,50.936685],[6.982814,50.936685]]]},"properties":{"id":"DENW37AL100066U1","h":2.9,"min_z":45.8,"max_z":48.7}},{"type":"Feature","id":"DENW37AL1000669x","geometry":{"type":"Polygon","coordinates":[[[6.97941,50.936234],[6.979407,50.936234],[6.979407,50.936237],[6.97906,50.936227],[6.979054,50.936227],[6.978987,50.936225],[6.978984,50.936267],[6.978986,50.936267],[6.979406,50.936279],[6.97941,50.936234]]]},"properties":{"id":"DENW37AL1000669x","h":3.7,"min_z":45.5,"max_z":49.2}},{"type":"Feature","id":"DENW37AL100065pI","geometry":{"type":"Polygon","coordinates":[[[6.979145,50.932454],[6.979237,50.932548],[6.979359,50.932501],[6.979267,50.932407],[6.979145,50.932454]]]},"properties":{"id":"DENW37AL100065pI","h":19.2,"min_z":45.5,"max_z":64.6}},{"type":"Feature","id":"DENW37AL100067WD","geometry":{"type":"Polygon","coordinates":[[[6.991973,50.935919],[6.992008,50.936085],[6.992157,50.936075],[6.992187,50.936073],[6.992152,50.935907],[6.991994,50.935918],[6.991973,50.935919]]]},"properties":{"id":"DENW37AL100067WD","h":14.4,"min_z":46.3,"max_z":60.7}},{"type":"Feature","id":"DENW37AL100064qX","geometry":{"type":"Polygon","coordinates":[[[6.979269,50.931883],[6.979376,50.931837],[6.979346,50.931806],[6.979237,50.93185],[6.979269,50.931883]]]},"properties":{"id":"DENW37AL100064qX","h":16.6,"min_z":46.0,"max_z":62.6}},{"type":"Feature","id":"DENW37AL100065Hc","geometry":{"type":"Polygon","coordinates":[[[6.980279,50.93418],[6.9803,50.934221],[6.980317,50.934217],[6.980331,50.934243],[6.980356,50.934238],[6.980321,50.934171],[6.980279,50.93418]]]},"properties":{"id":"DENW37AL100065Hc","h":3.2,"min_z":44.6,"max_z":47.8}},{"type":"Feature","id":"DENW37AL10006yEZ","geometry":{"type":"Polygon","coordinates":[[[6.989503,50.937109],[6.989843,50.93714],[6.989855,50.937091],[6.989514,50.937059],[6.989503,50.937109]]]},"properties":{"id":"DENW37AL10006yEZ","h":2.4,"min_z":45.9,"max_z":48.3}},{"type":"Feature","id":"DENW37AL10006yEi","geometry":{"type":"Polygon","coordinates":[[[6.978906,50.937676],[6.9789,50.937727],[6.979343,50.937746],[6.979347,50.937714],[6.979349,50.937695],[6.978906,50.937676]]]},"properties":{"id":"DENW37AL10006yEi","h":4.0,"min_z":43.7,"max_z":47.7}},{"type":"Feature","id":"DENW37AL100063Xw","geometry":{"type":"Polygon","coordinates":[[[6.981974,50.933938],[6.981978,50.933975],[6.982053,50.933972],[6.982049,50.933935],[6.981974,50.933938]]]},"properties":{"id":"DENW37AL100063Xw","h":4.1,"min_z":44.5,"max_z":48.6}},{"type":"Feature","id":"DENW37AL100064rm","geometry":{"type":"Polygon","coordinates":[[[6.989351,50.930446],[6.989386,50.930474],[6.989373,50.930481],[6.989436,50.93053],[6.989449,50.930524],[6.989484,50.930552],[6.9896,50.930494],[6.989607,50.930491],[6.989473,50.930385],[6.989351,50.930446]]]},"properties":{"id":"DENW37AL100064rm","h":12.7,"min_z":47.3,"max_z":60.0}},{"type":"Feature","id":"DENW37ALgI0000E4","geometry":{"type":"Polygon","coordinates":[[[6.984611,50.93473],[6.984433,50.934718],[6.984425,50.934751],[6.984664,50.934767],[6.984696,50.934592],[6.984637,50.934588],[6.984611,50.93473]]]},"properties":{"id":"DENW37ALgI0000E4","h":2.8,"min_z":45.7,"max_z":48.5}},{"type":"Feature","id":"DENW37AL100065zI","geometry":{"type":"Polygon","coordinates":[[[6.979676,50.935282],[6.979699,50.935331],[6.979723,50.935381],[6.979723,50.935383],[6.979729,50.935381],[6.979728,50.935378],[6.979938,50.93534],[6.979917,50.935293],[6.979894,50.935242],[6.979675,50.935281],[6.979676,50.935282]]]},"properties":{"id":"DENW37AL100065zI","h":18.0,"min_z":44.5,"max_z":62.5}},{"type":"Feature","id":"DENW37AL1000642m","geometry":{"type":"Polygon","coordinates":[[[6.983118,50.932788],[6.983083,50.932756],[6.983023,50.932781],[6.982966,50.932805],[6.983047,50.932883],[6.983103,50.932858],[6.983153,50.932837],[6.983163,50.932832],[6.983118,50.932788]]]},"properties":{"id":"DENW37AL1000642m","h":16.2,"min_z":46.5,"max_z":62.7}},{"type":"Feature","id":"DENW37AL100063S0","geometry":{"type":"Polygon","coordinates":[[[6.980262,50.933341],[6.980303,50.933424],[6.980441,50.933398],[6.980399,50.933313],[6.980262,50.933341]]]},"properties":{"id":"DENW37AL100063S0","h":16.8,"min_z":44.6,"max_z":61.4}},{"type":"Feature","id":"DENW37AL100063ga","geometry":{"type":"Polygon","coordinates":[[[6.983054,50.93402],[6.983068,50.933997],[6.983068,50.933997],[6.983004,50.93398],[6.982992,50.933999],[6.98299,50.934004],[6.983054,50.93402]]]},"properties":{"id":"DENW37AL100063ga","h":9.6,"min_z":45.9,"max_z":55.6}},{"type":"Feature","id":"DENW37AL10006423","geometry":{"type":"Polygon","coordinates":[[[6.990931,50.931706],[6.991042,50.931797],[6.991146,50.931746],[6.991035,50.931655],[6.990931,50.931706]]]},"properties":{"id":"DENW37AL10006423","h":16.3,"min_z":46.6,"max_z":62.9}},{"type":"Feature","id":"DENW37AL100063yD","geometry":{"type":"Polygon","coordinates":[[[6.983811,50.935017],[6.983749,50.934999],[6.983326,50.935593],[6.983389,50.935611],[6.983533,50.935652],[6.983594,50.935567],[6.983633,50.935513],[6.983929,50.935097],[6.983956,50.935058],[6.983857,50.93503],[6.983811,50.935017]]]},"properties":{"id":"DENW37AL100063yD","h":21.6,"min_z":43.0,"max_z":64.5}},{"type":"Feature","id":"DENW37AL10006565","geometry":{"type":"Polygon","coordinates":[[[6.991225,50.930693],[6.991323,50.930795],[6.99138,50.930774],[6.991366,50.93076],[6.991398,50.930747],[6.991411,50.930761],[6.991433,50.930753],[6.99142,50.930739],[6.991459,50.930723],[6.991473,50.930738],[6.991515,50.930721],[6.991417,50.930619],[6.991225,50.930693]]]},"properties":{"id":"DENW37AL10006565","h":25.2,"min_z":47.6,"max_z":72.8}},{"type":"Feature","id":"DENW37AL1000642z","geometry":{"type":"Polygon","coordinates":[[[6.982711,50.932599],[6.982855,50.932539],[6.982708,50.932404],[6.982576,50.932459],[6.982568,50.932462],[6.982711,50.932599]]]},"properties":{"id":"DENW37AL1000642z","h":17.4,"min_z":46.4,"max_z":63.8}},{"type":"Feature","id":"DENW37AL100064zT","geometry":{"type":"Polygon","coordinates":[[[6.97943,50.936756],[6.979624,50.936768],[6.979635,50.936714],[6.979437,50.936703],[6.97943,50.936756]]]},"properties":{"id":"DENW37AL100064zT","h":3.1,"min_z":44.9,"max_z":48.0}},{"type":"Feature","id":"DENW37AL100063mi","geometry":{"type":"Polygon","coordinates":[[[6.986821,50.935983],[6.986849,50.935986],[6.986842,50.936015],[6.986888,50.936019],[6.986884,50.936037],[6.987128,50.936061],[6.987129,50.936056],[6.987221,50.936065],[6.987219,50.93607],[6.987282,50.936076],[6.987281,50.93608],[6.987293,50.936081],[6.987293,50.936085],[6.987294,50.936089],[6.987297,50.936092],[6.987301,50.936095],[6.987307,50.936097],[6.987312,50.936098],[6.987319,50.936098],[6.987324,50.936097],[6.98733,50.936095],[6.987334,50.936093],[6.987337,50.936089],[6.987339,50.936085],[6.987352,50.936087],[6.987353,50.936084],[6.987416,50.93609],[6.987417,50.936084],[6.987465,50.936089],[6.987489,50.935991],[6.987442,50.935987],[6.987443,50.935981],[6.987246,50.935961],[6.987245,50.935967],[6.987153,50.935958],[6.987155,50.935952],[6.987035,50.93594],[6.987044,50.935924],[6.987013,50.935921],[6.987032,50.935846],[6.987023,50.935845],[6.987038,50.935787],[6.987047,50.935788],[6.987093,50.935604],[6.987084,50.935603],[6.987092,50.935573],[6.986937,50.935557],[6.986929,50.935587],[6.986921,50.935586],[6.986903,50.935656],[6.986898,50.935656],[6.986896,50.935664],[6.986889,50.935664],[6.986883,50.935665],[6.986878,50.935667],[6.986874,50.93567],[6.986872,50.935674],[6.986871,50.935678],[6.986871,50.935682],[6.986874,50.935685],[6.986878,50.935688],[6.986883,50.935691],[6.986889,50.935692],[6.986887,50.9357],[6.986892,50.935701],[6.986874,50.935771],[6.986883,50.935772],[6.986869,50.93583],[6.98686,50.935829],[6.986821,50.935983]]]},"properties":{"id":"DENW37AL100063mi","h":14.0,"min_z":45.9,"max_z":59.9}},{"type":"Feature","id":"DENW37AL1000670Y","geometry":{"type":"Polygon","coordinates":[[[6.97991,50.933877],[6.979856,50.933888],[6.97987,50.933915],[6.97988,50.933936],[6.979889,50.933953],[6.979981,50.933936],[6.979961,50.933897],[6.979944,50.933863],[6.979907,50.933871],[6.97991,50.933877]]]},"properties":{"id":"DENW37AL1000670Y","h":10.1,"min_z":45.6,"max_z":55.7}},{"type":"Feature","id":"DENW37AL10006yDl","geometry":{"type":"Polygon","coordinates":[[[6.991133,50.936184],[6.991145,50.936235],[6.991263,50.936224],[6.991265,50.936171],[6.991133,50.936184]]]},"properties":{"id":"DENW37AL10006yDl","h":2.3,"min_z":45.9,"max_z":48.2}},{"type":"Feature","id":"DENW37AL2Ek00073","geometry":{"type":"Polygon","coordinates":[[[6.985587,50.93549],[6.985627,50.935498],[6.985667,50.935417],[6.985627,50.935409],[6.985587,50.93549]]]},"properties":{"id":"DENW37AL2Ek00073","h":10.9,"min_z":44.8,"max_z":55.7}},{"type":"Feature","id":"DENW37AL10006yHh","geometry":{"type":"Polygon","coordinates":[[[6.984943,50.933174],[6.984901,50.933144],[6.984874,50.933157],[6.984916,50.933187],[6.984943,50.933174]]]},"properties":{"id":"DENW37AL10006yHh","h":2.3,"min_z":47.2,"max_z":49.5}},{"type":"Feature","id":"DENW37AL100063Pb","geometry":{"type":"Polygon","coordinates":[[[6.979932,50.936731],[6.979829,50.936725],[6.97982,50.936725],[6.979812,50.936779],[6.979999,50.93679],[6.979999,50.936789],[6.980007,50.936736],[6.979932,50.936731]]]},"properties":{"id":"DENW37AL100063Pb","h":2.6,"min_z":45.3,"max_z":47.9}},{"type":"Feature","id":"DENW37AL100064s6","geometry":{"type":"Polygon","coordinates":[[[6.982284,50.931152],[6.982554,50.931127],[6.98253,50.931028],[6.98226,50.931053],[6.982284,50.931152]]]},"properties":{"id":"DENW37AL100064s6","h":12.6,"min_z":46.8,"max_z":59.4}},{"type":"Feature","id":"DENW37AL10006504","geometry":{"type":"Polygon","coordinates":[[[6.984932,50.934167],[6.984897,50.934164],[6.984873,50.934292],[6.984908,50.934295],[6.984901,50.934336],[6.985172,50.934356],[6.985212,50.934142],[6.98494,50.934122],[6.984932,50.934167]]]},"properties":{"id":"DENW37AL10006504","h":7.8,"min_z":46.3,"max_z":54.1}},{"type":"Feature","id":"DENW37AL1000647s","geometry":{"type":"Polygon","coordinates":[[[6.990777,50.930755],[6.99083,50.930812],[6.99083,50.930812],[6.990777,50.930755],[6.990777,50.930755]]]},"properties":{"id":"DENW37AL1000647s","h":2.2,"min_z":47.7,"max_z":49.9}},{"type":"Feature","id":"DENW37AL1UU00075","geometry":{"type":"Polygon","coordinates":[[[6.982382,50.930728],[6.982477,50.930729],[6.982478,50.930627],[6.982383,50.930626],[6.982382,50.930728]]]},"properties":{"id":"DENW37AL1UU00075","h":14.4,"min_z":46.7,"max_z":61.1}},{"type":"Feature","id":"DENW37AL100065Rp","geometry":{"type":"Polygon","coordinates":[[[6.984348,50.935957],[6.984349,50.935979],[6.984417,50.935977],[6.984418,50.935994],[6.98442,50.935994],[6.984439,50.935994],[6.984439,50.935995],[6.98444,50.935995],[6.98443,50.935949],[6.984428,50.935946],[6.984373,50.935957],[6.984348,50.935957]]]},"properties":{"id":"DENW37AL100065Rp","h":4.8,"min_z":44.3,"max_z":49.1}},{"type":"Feature","id":"DENW37AL100063We","geometry":{"type":"Polygon","coordinates":[[[6.979652,50.936485],[6.979648,50.93654],[6.979644,50.936595],[6.979656,50.936595],[6.979656,50.936595],[6.979825,50.936603],[6.979825,50.936603],[6.97984,50.936603],[6.97984,50.9366],[6.979845,50.936549],[6.979845,50.936545],[6.97985,50.936495],[6.979652,50.936485]]]},"properties":{"id":"DENW37AL100063We","h":17.3,"min_z":44.8,"max_z":62.1}},{"type":"Feature","id":"DENW37AL100065iO","geometry":{"type":"Polygon","coordinates":[[[6.983994,50.936096],[6.983823,50.936133],[6.983818,50.936137],[6.983815,50.936142],[6.983814,50.936147],[6.983814,50.936153],[6.983816,50.936158],[6.98382,50.936163],[6.983825,50.936167],[6.983831,50.936171],[6.983838,50.936174],[6.98386,50.936169],[6.983885,50.936215],[6.983983,50.936194],[6.983974,50.936177],[6.983992,50.936173],[6.984023,50.936181],[6.984037,50.93616],[6.984027,50.936157],[6.983994,50.936096]]]},"properties":{"id":"DENW37AL100065iO","h":13.5,"min_z":44.5,"max_z":57.9}},{"type":"Feature","id":"DENW37AL100064Hj","geometry":{"type":"Polygon","coordinates":[[[6.991275,50.935974],[6.990997,50.93601],[6.990994,50.93601],[6.990999,50.936037],[6.991013,50.936109],[6.991011,50.936109],[6.991016,50.936134],[6.991074,50.936127],[6.991073,50.936121],[6.991116,50.936121],[6.991221,50.936108],[6.991221,50.936103],[6.991274,50.936102],[6.991274,50.936089],[6.991272,50.936089],[6.991275,50.935974]]]},"properties":{"id":"DENW37AL100064Hj","h":13.2,"min_z":45.3,"max_z":58.6}},{"type":"Feature","id":"DENW37AL10006yGz","geometry":{"type":"Polygon","coordinates":[[[6.983896,50.936251],[6.98398,50.936242],[6.983964,50.936205],[6.983888,50.936221],[6.983896,50.936251]]]},"properties":{"id":"DENW37AL10006yGz","h":3.0,"min_z":45.4,"max_z":48.4}},{"type":"Feature","id":"DENW37AL100065PR","geometry":{"type":"Polygon","coordinates":[[[6.981372,50.936098],[6.981224,50.936091],[6.981222,50.936104],[6.981218,50.936141],[6.981217,50.936149],[6.9813,50.936153],[6.981365,50.936156],[6.981372,50.936098]]]},"properties":{"id":"DENW37AL100065PR","h":14.9,"min_z":45.5,"max_z":60.3}},{"type":"Feature","id":"DENW37AL100065gI","geometry":{"type":"Polygon","coordinates":[[[6.9912,50.936652],[6.991325,50.936645],[6.991324,50.936631],[6.991198,50.936638],[6.9912,50.936652]]]},"properties":{"id":"DENW37AL100065gI","h":18.2,"min_z":46.0,"max_z":64.2}},{"type":"Feature","id":"DENW37AL100064Bt","geometry":{"type":"Polygon","coordinates":[[[6.97958,50.933383],[6.979518,50.933396],[6.979538,50.933434],[6.9796,50.933421],[6.97958,50.933383]]]},"properties":{"id":"DENW37AL100064Bt","h":10.5,"min_z":45.1,"max_z":55.6}},{"type":"Feature","id":"DENW37AL100065J1","geometry":{"type":"Polygon","coordinates":[[[6.991417,50.930619],[6.991515,50.930721],[6.99156,50.930704],[6.991546,50.93069],[6.991577,50.930678],[6.991591,50.930692],[6.991617,50.930682],[6.991604,50.930667],[6.991652,50.930649],[6.991666,50.930663],[6.991709,50.930646],[6.99161,50.930544],[6.991417,50.930619]]]},"properties":{"id":"DENW37AL100065J1","h":25.2,"min_z":47.6,"max_z":72.8}},{"type":"Feature","id":"DENW37AL100065Yk","geometry":{"type":"Polygon","coordinates":[[[6.979339,50.932652],[6.979395,50.932709],[6.979417,50.932739],[6.979549,50.932699],[6.979527,50.932669],[6.979459,50.932604],[6.979339,50.932652]]]},"properties":{"id":"DENW37AL100065Yk","h":19.2,"min_z":45.4,"max_z":64.6}},{"type":"Feature","id":"DENW37AL1000655A","geometry":{"type":"Polygon","coordinates":[[[6.991033,50.930768],[6.991131,50.93087],[6.991182,50.93085],[6.991169,50.930836],[6.991203,50.930823],[6.991216,50.930837],[6.991237,50.930829],[6.991224,50.930815],[6.991263,50.9308],[6.991276,50.930814],[6.991323,50.930795],[6.991225,50.930693],[6.991033,50.930768]]]},"properties":{"id":"DENW37AL1000655A","h":25.3,"min_z":47.5,"max_z":72.8}},{"type":"Feature","id":"DENW37AL1000660D","geometry":{"type":"Polygon","coordinates":[[[6.983492,50.931957],[6.983506,50.931959],[6.983529,50.931963],[6.983529,50.931963],[6.983553,50.931911],[6.983577,50.931858],[6.983554,50.931854],[6.98354,50.931852],[6.983525,50.931884],[6.983527,50.931884],[6.983517,50.931905],[6.983508,50.931924],[6.983506,50.931924],[6.983492,50.931957]]]},"properties":{"id":"DENW37AL1000660D","h":17.5,"min_z":46.2,"max_z":63.7}},{"type":"Feature","id":"DENW37AL100065EG","geometry":{"type":"Polygon","coordinates":[[[6.979624,50.935292],[6.979431,50.935331],[6.979477,50.935427],[6.979672,50.935391],[6.979624,50.935292]]]},"properties":{"id":"DENW37AL100065EG","h":18.3,"min_z":44.3,"max_z":62.6}},{"type":"Feature","id":"DENW37AL100064tM","geometry":{"type":"Polygon","coordinates":[[[6.982601,50.93339],[6.982601,50.93339],[6.982578,50.933395],[6.982564,50.933398],[6.98261,50.93349],[6.982712,50.93347],[6.982708,50.933461],[6.982666,50.933377],[6.982601,50.93339]]]},"properties":{"id":"DENW37AL100064tM","h":11.4,"min_z":45.6,"max_z":56.9}},{"type":"Feature","id":"DENW37AL100066Z9","geometry":{"type":"Polygon","coordinates":[[[6.9896,50.930494],[6.989484,50.930552],[6.989506,50.93057],[6.989493,50.930576],[6.989575,50.930641],[6.989705,50.930588],[6.989629,50.930509],[6.989607,50.930491],[6.9896,50.930494]]]},"properties":{"id":"DENW37AL100066Z9","h":12.6,"min_z":47.4,"max_z":60.0}},{"type":"Feature","id":"DENW37AL10006yEQ","geometry":{"type":"Polygon","coordinates":[[[6.985291,50.935317],[6.985433,50.935343],[6.985456,50.935309],[6.98532,50.935276],[6.985291,50.935317]]]},"properties":{"id":"DENW37AL10006yEQ","h":11.9,"min_z":44.7,"max_z":56.7}},{"type":"Feature","id":"DENW37AL100065nO","geometry":{"type":"Polygon","coordinates":[[[6.982276,50.934855],[6.982277,50.934914],[6.982361,50.934914],[6.982361,50.934854],[6.982276,50.934855]]]},"properties":{"id":"DENW37AL100065nO","h":2.7,"min_z":46.2,"max_z":48.9}},{"type":"Feature","id":"DENW37AL100065Dc","geometry":{"type":"Polygon","coordinates":[[[6.99161,50.930544],[6.991709,50.930646],[6.991767,50.930624],[6.991753,50.930609],[6.991779,50.930599],[6.991793,50.930614],[6.991813,50.930606],[6.991799,50.930591],[6.99184,50.930575],[6.991854,50.93059],[6.991901,50.930572],[6.99188,50.93055],[6.991803,50.930469],[6.99161,50.930544]]]},"properties":{"id":"DENW37AL100065Dc","h":25.2,"min_z":47.6,"max_z":72.8}},{"type":"Feature","id":"DENW37AL100065LV","geometry":{"type":"Polygon","coordinates":[[[6.980261,50.934019],[6.980273,50.934047],[6.980355,50.934033],[6.980344,50.934006],[6.980261,50.934019]]]},"properties":{"id":"DENW37AL100065LV","h":2.9,"min_z":44.7,"max_z":47.7}},{"type":"Feature","id":"DENW37AL10006yG3","geometry":{"type":"Polygon","coordinates":[[[6.978848,50.93762],[6.979355,50.937641],[6.979361,50.937588],[6.978855,50.937567],[6.978848,50.93762]]]},"properties":{"id":"DENW37AL10006yG3","h":2.6,"min_z":45.1,"max_z":47.7}},{"type":"Feature","id":"DENW37AL100074Ws","geometry":{"type":"Polygon","coordinates":[[[6.980007,50.937457],[6.980038,50.937461],[6.980042,50.937449],[6.980011,50.937444],[6.980007,50.937457]]]},"properties":{"id":"DENW37AL100074Ws","h":3.2,"min_z":45.5,"max_z":48.6}},{"type":"Feature","id":"DENW37AL100068E6","geometry":{"type":"Polygon","coordinates":[[[6.980197,50.933892],[6.980223,50.933943],[6.980273,50.933933],[6.980248,50.933882],[6.980197,50.933892]]]},"properties":{"id":"DENW37AL100068E6","h":4.6,"min_z":45.4,"max_z":50.0}},{"type":"Feature","id":"DENW37AL100066zj","geometry":{"type":"Polygon","coordinates":[[[6.979619,50.935008],[6.979619,50.935008],[6.979612,50.934993],[6.979525,50.935008],[6.979532,50.935024],[6.979532,50.935024],[6.979619,50.935008]]]},"properties":{"id":"DENW37AL100066zj","h":17.6,"min_z":44.0,"max_z":61.7}},{"type":"Feature","id":"DENW37AL100065gk","geometry":{"type":"Polygon","coordinates":[[[6.980485,50.934174],[6.980469,50.934144],[6.980458,50.934146],[6.980456,50.934142],[6.980391,50.934156],[6.980321,50.934171],[6.980356,50.934238],[6.980427,50.934223],[6.980492,50.934209],[6.980475,50.934177],[6.980485,50.934174]]]},"properties":{"id":"DENW37AL100065gk","h":12.8,"min_z":44.7,"max_z":57.5}},{"type":"Feature","id":"DENW37AL100064SM","geometry":{"type":"Polygon","coordinates":[[[6.982801,50.933442],[6.982806,50.933451],[6.982811,50.933462],[6.982886,50.933447],[6.982875,50.933427],[6.982801,50.933442]]]},"properties":{"id":"DENW37AL100064SM","h":4.4,"min_z":46.7,"max_z":51.0}},{"type":"Feature","id":"DENW37AL100063xd","geometry":{"type":"Polygon","coordinates":[[[6.981014,50.936541],[6.981015,50.936633],[6.981186,50.936636],[6.981193,50.936642],[6.981233,50.936655],[6.981244,50.936643],[6.98131,50.936562],[6.981259,50.936546],[6.981228,50.936545],[6.981228,50.936537],[6.981064,50.936535],[6.981064,50.936541],[6.981014,50.936541]]]},"properties":{"id":"DENW37AL100063xd","h":17.0,"min_z":44.8,"max_z":61.9}},{"type":"Feature","id":"DENW37AL10017eYi","geometry":{"type":"Polygon","coordinates":[[[6.990681,50.936035],[6.990641,50.936038],[6.990649,50.936088],[6.990658,50.936138],[6.9907,50.936136],[6.990681,50.936035]]]},"properties":{"id":"DENW37AL10017eYi","h":16.0,"min_z":46.0,"max_z":62.0}},{"type":"Feature","id":"DENW37AL2Ek00077","geometry":{"type":"Polygon","coordinates":[[[6.986063,50.93535],[6.986023,50.935431],[6.986066,50.935439],[6.986106,50.935359],[6.986063,50.93535]]]},"properties":{"id":"DENW37AL2Ek00077","h":10.7,"min_z":45.0,"max_z":55.7}},{"type":"Feature","id":"DENW37AL10006579","geometry":{"type":"Polygon","coordinates":[[[6.99216,50.936101],[6.992157,50.936075],[6.992008,50.936085],[6.991977,50.936087],[6.992013,50.936294],[6.992054,50.93629],[6.99212,50.936286],[6.992191,50.936281],[6.992188,50.936267],[6.99216,50.936101]]]},"properties":{"id":"DENW37AL10006579","h":14.5,"min_z":46.3,"max_z":60.8}},{"type":"Feature","id":"DENW37AL100065Bn","geometry":{"type":"Polygon","coordinates":[[[6.991573,50.937186],[6.991435,50.937219],[6.991474,50.937281],[6.991496,50.937276],[6.991612,50.937249],[6.991578,50.937194],[6.991573,50.937186]]]},"properties":{"id":"DENW37AL100065Bn","h":4.0,"min_z":46.4,"max_z":50.4}},{"type":"Feature","id":"DENW37ALfg00008T","geometry":{"type":"Polygon","coordinates":[[[6.980037,50.934474],[6.980055,50.934515],[6.980113,50.934504],[6.980095,50.934464],[6.980037,50.934474]]]},"properties":{"id":"DENW37ALfg00008T","h":6.6,"min_z":44.2,"max_z":50.7}},{"type":"Feature","id":"DENW37AL1000658N","geometry":{"type":"Polygon","coordinates":[[[6.992841,50.930782],[6.992711,50.930643],[6.9926,50.930686],[6.992723,50.930823],[6.992841,50.930782]]]},"properties":{"id":"DENW37AL1000658N","h":17.3,"min_z":45.2,"max_z":62.5}},{"type":"Feature","id":"DENW37AL100064zB","geometry":{"type":"Polygon","coordinates":[[[6.98161,50.934751],[6.98161,50.934867],[6.981746,50.934866],[6.98175,50.934866],[6.981748,50.934749],[6.981746,50.934749],[6.98161,50.934751]]]},"properties":{"id":"DENW37AL100064zB","h":4.7,"min_z":45.8,"max_z":50.5}},{"type":"Feature","id":"DENW37AL1000657z","geometry":{"type":"Polygon","coordinates":[[[6.991146,50.937785],[6.99103,50.937771],[6.990988,50.937788],[6.991154,50.937952],[6.991268,50.937907],[6.991222,50.937861],[6.991146,50.937785]]]},"properties":{"id":"DENW37AL1000657z","h":5.2,"min_z":46.4,"max_z":51.6}},{"type":"Feature","id":"DENW37AL100067Vc","geometry":{"type":"Polygon","coordinates":[[[6.980718,50.934115],[6.980734,50.934146],[6.980746,50.934143],[6.98073,50.934113],[6.980718,50.934115]]]},"properties":{"id":"DENW37AL100067Vc","h":12.8,"min_z":44.7,"max_z":57.6}},{"type":"Feature","id":"DENW37AL100074WN","geometry":{"type":"Polygon","coordinates":[[[6.982494,50.934567],[6.982494,50.93458],[6.982506,50.93458],[6.982584,50.93458],[6.982584,50.934567],[6.982494,50.934567]]]},"properties":{"id":"DENW37AL100074WN","h":2.0,"min_z":44.5,"max_z":46.5}},{"type":"Feature","id":"DENW37AL100065kj","geometry":{"type":"Polygon","coordinates":[[[6.979176,50.934076],[6.979125,50.934087],[6.979141,50.934118],[6.979159,50.934155],[6.979248,50.934137],[6.979229,50.9341],[6.979211,50.934065],[6.979174,50.934073],[6.979176,50.934076]]]},"properties":{"id":"DENW37AL100065kj","h":11.1,"min_z":45.0,"max_z":56.1}},{"type":"Feature","id":"DENW37AL2iS0001A","geometry":{"type":"Polygon","coordinates":[[[6.988356,50.93851],[6.987718,50.938398],[6.987718,50.9384],[6.987635,50.938792],[6.987624,50.938842],[6.987661,50.938838],[6.987748,50.938426],[6.988324,50.938528],[6.988364,50.938679],[6.988399,50.938675],[6.988356,50.938513],[6.988356,50.93851]]]},"properties":{"id":"DENW37AL2iS0001A","h":25.3,"min_z":44.8,"max_z":70.1}},{"type":"Feature","id":"DENW37AL100066Hw","geometry":{"type":"Polygon","coordinates":[[[6.981269,50.932326],[6.981275,50.932362],[6.981319,50.932389],[6.981363,50.932377],[6.981395,50.93242],[6.98138,50.932445],[6.981366,50.93247],[6.981354,50.932473],[6.981333,50.932479],[6.981346,50.932497],[6.981372,50.932533],[6.981386,50.932551],[6.981418,50.932542],[6.981498,50.932561],[6.981529,50.932603],[6.981485,50.932616],[6.98149,50.932655],[6.981531,50.932682],[6.981561,50.932723],[6.981566,50.932759],[6.981606,50.932785],[6.981611,50.93282],[6.981651,50.932846],[6.981655,50.932882],[6.981695,50.932908],[6.9817,50.932943],[6.981743,50.932971],[6.981869,50.932934],[6.981861,50.932925],[6.981891,50.932916],[6.981899,50.932927],[6.982006,50.932895],[6.982,50.932857],[6.981956,50.932828],[6.981955,50.932828],[6.981937,50.932803],[6.981938,50.932802],[6.981932,50.932763],[6.981892,50.932738],[6.981886,50.932702],[6.981848,50.932677],[6.981885,50.932649],[6.981885,50.932613],[6.981922,50.932585],[6.981922,50.932547],[6.981812,50.932522],[6.981807,50.932531],[6.981781,50.932525],[6.981787,50.932516],[6.981732,50.932503],[6.981688,50.93248],[6.981632,50.93248],[6.981588,50.93247],[6.981579,50.932472],[6.981554,50.932437],[6.981563,50.932435],[6.981579,50.932408],[6.981615,50.93238],[6.981615,50.932344],[6.981635,50.932309],[6.981621,50.932306],[6.98163,50.93229],[6.981645,50.932293],[6.981685,50.932224],[6.981638,50.932199],[6.981581,50.932199],[6.981537,50.932175],[6.98148,50.932176],[6.981476,50.93214],[6.981436,50.932114],[6.98143,50.932078],[6.981388,50.932051],[6.981386,50.932051],[6.981367,50.932024],[6.981368,50.932024],[6.981362,50.931985],[6.981319,50.931958],[6.981213,50.931989],[6.981221,50.932],[6.981191,50.932009],[6.981184,50.931999],[6.981058,50.932036],[6.981064,50.932075],[6.981104,50.9321],[6.981109,50.932135],[6.981149,50.932161],[6.981154,50.932197],[6.981194,50.932222],[6.981199,50.932258],[6.981239,50.932284],[6.981269,50.932326]]]},"properties":{"id":"DENW37AL100066Hw","h":13.0,"min_z":43.0,"max_z":56.0}},{"type":"Feature","id":"DENW37AL10006446","geometry":{"type":"Polygon","coordinates":[[[6.983028,50.933355],[6.982986,50.933363],[6.983014,50.933419],[6.983061,50.933409],[6.983049,50.933386],[6.983044,50.933387],[6.983028,50.933355]]]},"properties":{"id":"DENW37AL10006446","h":2.2,"min_z":46.6,"max_z":48.8}},{"type":"Feature","id":"DENW37AL10006yGa","geometry":{"type":"Polygon","coordinates":[[[6.97907,50.934371],[6.979118,50.934554],[6.979119,50.93456],[6.979133,50.934558],[6.979089,50.934389],[6.979157,50.934382],[6.979219,50.934375],[6.97922,50.934375],[6.979284,50.934638],[6.979356,50.93463],[6.979331,50.934537],[6.979331,50.934534],[6.979314,50.934536],[6.979267,50.934359],[6.979264,50.934347],[6.97918,50.934356],[6.979183,50.934366],[6.979158,50.934369],[6.979155,50.934359],[6.979151,50.934359],[6.979075,50.934367],[6.979076,50.934371],[6.97907,50.934371]]]},"properties":{"id":"DENW37AL10006yGa","h":17.2,"min_z":44.2,"max_z":61.4}},{"type":"Feature","id":"DENW37AL100066kN","geometry":{"type":"Polygon","coordinates":[[[6.982401,50.932313],[6.982408,50.93231],[6.982426,50.932302],[6.982409,50.932286],[6.982383,50.932297],[6.982401,50.932313]]]},"properties":{"id":"DENW37AL100066kN","h":17.2,"min_z":46.4,"max_z":63.6}},{"type":"Feature","id":"DENW37AL100066Dq","geometry":{"type":"Polygon","coordinates":[[[6.979657,50.934984],[6.979664,50.935],[6.979704,50.935091],[6.979925,50.935052],[6.979876,50.934945],[6.979657,50.934984]]]},"properties":{"id":"DENW37AL100066Dq","h":18.5,"min_z":44.0,"max_z":62.6}},{"type":"Feature","id":"DENW37AL100068fo","geometry":{"type":"Polygon","coordinates":[[[6.99158,50.936395],[6.99146,50.936402],[6.991468,50.936459],[6.991587,50.936452],[6.991587,50.93645],[6.99158,50.936398],[6.99158,50.936395]]]},"properties":{"id":"DENW37AL100068fo","h":2.6,"min_z":46.1,"max_z":48.7}},{"type":"Feature","id":"DENW37ALfg00007x","geometry":{"type":"Polygon","coordinates":[[[6.980558,50.932864],[6.980599,50.932852],[6.980614,50.932847],[6.980577,50.932797],[6.98052,50.93272],[6.980464,50.932737],[6.980558,50.932864]]]},"properties":{"id":"DENW37ALfg00007x","h":6.7,"min_z":43.2,"max_z":49.8}},{"type":"Feature","id":"DENW37AL100064gH","geometry":{"type":"Polygon","coordinates":[[[6.984017,50.936283],[6.984017,50.936278],[6.984012,50.936278],[6.984007,50.936273],[6.984001,50.936274],[6.983972,50.936275],[6.983973,50.936279],[6.983965,50.93628],[6.983966,50.936285],[6.9839,50.936288],[6.98391,50.936373],[6.984009,50.936368],[6.984088,50.936364],[6.984083,50.93628],[6.984017,50.936283]]]},"properties":{"id":"DENW37AL100064gH","h":14.8,"min_z":45.2,"max_z":60.0}},{"type":"Feature","id":"DENW37AL1000650Y","geometry":{"type":"Polygon","coordinates":[[[6.988637,50.932132],[6.988561,50.932064],[6.988545,50.932071],[6.988622,50.932139],[6.988637,50.932132]]]},"properties":{"id":"DENW37AL1000650Y","h":73.8,"min_z":46.6,"max_z":120.5}},{"type":"Feature","id":"DENW37AL100064jN","geometry":{"type":"Polygon","coordinates":[[[6.986955,50.934034],[6.98705,50.934044],[6.987063,50.933991],[6.986969,50.933982],[6.986955,50.934034]]]},"properties":{"id":"DENW37AL100064jN","h":3.2,"min_z":46.3,"max_z":49.5}},{"type":"Feature","id":"DENW37AL1000658u","geometry":{"type":"Polygon","coordinates":[[[6.984671,50.936638],[6.984705,50.936678],[6.984758,50.93674],[6.984819,50.93672],[6.984732,50.936617],[6.984671,50.936638]]]},"properties":{"id":"DENW37AL1000658u","h":7.2,"min_z":45.0,"max_z":52.2}},{"type":"Feature","id":"DENW37AL100064IA","geometry":{"type":"Polygon","coordinates":[[[6.981192,50.931554],[6.9812,50.931562],[6.981293,50.931523],[6.981284,50.931515],[6.981192,50.931554]]]},"properties":{"id":"DENW37AL100064IA","h":15.3,"min_z":46.2,"max_z":61.5}},{"type":"Feature","id":"DENW37AL100063NX","geometry":{"type":"Polygon","coordinates":[[[6.991296,50.936411],[6.991303,50.936468],[6.991424,50.936461],[6.991418,50.936405],[6.991296,50.936411]]]},"properties":{"id":"DENW37AL100063NX","h":2.6,"min_z":46.1,"max_z":48.7}},{"type":"Feature","id":"DENW37AL100064io","geometry":{"type":"Polygon","coordinates":[[[6.990684,50.936051],[6.990701,50.936135],[6.990997,50.936111],[6.991011,50.936109],[6.991013,50.936109],[6.990999,50.936037],[6.990994,50.93601],[6.990681,50.936037],[6.990684,50.936051]]]},"properties":{"id":"DENW37AL100064io","h":16.0,"min_z":46.1,"max_z":62.0}},{"type":"Feature","id":"DENW37AL100063pf","geometry":{"type":"Polygon","coordinates":[[[6.98116,50.93467],[6.981039,50.934693],[6.981062,50.934747],[6.981063,50.93475],[6.981068,50.934749],[6.981067,50.934747],[6.98118,50.934727],[6.981181,50.934729],[6.981186,50.934729],[6.98116,50.93467]]]},"properties":{"id":"DENW37AL100063pf","h":4.5,"min_z":44.0,"max_z":48.5}},{"type":"Feature","id":"DENW37AL100064vW","geometry":{"type":"Polygon","coordinates":[[[6.980252,50.934114],[6.980269,50.934147],[6.980262,50.934148],[6.980279,50.93418],[6.980321,50.934171],[6.980295,50.934123],[6.980278,50.934092],[6.980244,50.934099],[6.980252,50.934114]]]},"properties":{"id":"DENW37AL100064vW","h":11.7,"min_z":44.5,"max_z":56.3}},{"type":"Feature","id":"DENW37AL100065KM","geometry":{"type":"Polygon","coordinates":[[[6.986332,50.935819],[6.986332,50.935816],[6.986304,50.935819],[6.986247,50.935823],[6.986215,50.935826],[6.986216,50.935833],[6.986246,50.93598],[6.986256,50.936031],[6.986269,50.936096],[6.986273,50.936095],[6.986326,50.936091],[6.986386,50.936087],[6.986386,50.936087],[6.986387,50.936087],[6.986386,50.936084],[6.986386,50.936084],[6.986331,50.935819],[6.986332,50.935819]]]},"properties":{"id":"DENW37AL100065KM","h":12.5,"min_z":42.9,"max_z":55.4}},{"type":"Feature","id":"DENW37AL100065Mz","geometry":{"type":"Polygon","coordinates":[[[6.985774,50.934115],[6.985795,50.934117],[6.985801,50.934095],[6.98578,50.934093],[6.985774,50.934115]]]},"properties":{"id":"DENW37AL100065Mz","h":3.5,"min_z":46.0,"max_z":49.5}},{"type":"Feature","id":"DENW37AL1000653G","geometry":{"type":"Polygon","coordinates":[[[6.984273,50.935982],[6.984274,50.936],[6.984418,50.935994],[6.984417,50.935977],[6.984349,50.935979],[6.984273,50.935982]]]},"properties":{"id":"DENW37AL1000653G","h":12.6,"min_z":44.7,"max_z":57.3}},{"type":"Feature","id":"DENW37AL100063eK","geometry":{"type":"Polygon","coordinates":[[[6.983127,50.931871],[6.983208,50.931886],[6.983209,50.931883],[6.983204,50.931882],[6.983213,50.931862],[6.983218,50.931863],[6.983253,50.931787],[6.983172,50.931772],[6.9831,50.931759],[6.983055,50.931858],[6.983127,50.931871]]]},"properties":{"id":"DENW37AL100063eK","h":15.5,"min_z":46.6,"max_z":62.1}},{"type":"Feature","id":"DENW37AL100066FK","geometry":{"type":"Polygon","coordinates":[[[6.979293,50.932962],[6.979478,50.932905],[6.979416,50.932822],[6.97923,50.932877],[6.979293,50.932962]]]},"properties":{"id":"DENW37AL100066FK","h":16.4,"min_z":46.0,"max_z":62.3}},{"type":"Feature","id":"DENW37ALfg00007v","geometry":{"type":"Polygon","coordinates":[[[6.980792,50.932862],[6.980751,50.932807],[6.980599,50.932852],[6.98064,50.932907],[6.980792,50.932862]]]},"properties":{"id":"DENW37ALfg00007v","h":7.5,"min_z":43.9,"max_z":51.4}},{"type":"Feature","id":"DENW37AL100063xv","geometry":{"type":"Polygon","coordinates":[[[6.990862,50.937839],[6.991027,50.938003],[6.991154,50.937952],[6.990988,50.937788],[6.990862,50.937839]]]},"properties":{"id":"DENW37AL100063xv","h":13.4,"min_z":46.4,"max_z":59.8}},{"type":"Feature","id":"DENW37AL100074Wy","geometry":{"type":"Polygon","coordinates":[[[6.983726,50.932512],[6.983699,50.932507],[6.983683,50.932543],[6.98371,50.932548],[6.983726,50.932512]]]},"properties":{"id":"DENW37AL100074Wy","h":4.2,"min_z":46.5,"max_z":50.8}},{"type":"Feature","id":"DENW37ALdC0000F2","geometry":{"type":"Polygon","coordinates":[[[6.985504,50.932747],[6.985418,50.932527],[6.985418,50.932527],[6.985504,50.932747],[6.985504,50.932747]]]},"properties":{"id":"DENW37ALdC0000F2","h":3.1,"min_z":46.8,"max_z":49.9}},{"type":"Feature","id":"DENW37AL300001D0","geometry":{"type":"Polygon","coordinates":[[[6.982677,50.937713],[6.98268,50.937724],[6.982697,50.937793],[6.983024,50.939066],[6.983036,50.939114],[6.983078,50.939278],[6.98312,50.939273],[6.983078,50.939109],[6.983066,50.939062],[6.982739,50.937788],[6.982722,50.937719],[6.982698,50.937627],[6.982656,50.937632],[6.982677,50.937713]]]},"properties":{"id":"DENW37AL300001D0","h":72.0,"min_z":49.5,"max_z":121.5}},{"type":"Feature","id":"DENW37AL100066KY","geometry":{"type":"Polygon","coordinates":[[[6.991332,50.931571],[6.991442,50.931667],[6.991545,50.931618],[6.991433,50.931524],[6.991332,50.931571]]]},"properties":{"id":"DENW37AL100066KY","h":16.2,"min_z":46.6,"max_z":62.7}},{"type":"Feature","id":"DENW37AL100064jl","geometry":{"type":"Polygon","coordinates":[[[6.980041,50.933465],[6.980004,50.933391],[6.979928,50.933406],[6.979852,50.933421],[6.979919,50.933556],[6.979933,50.933553],[6.979995,50.933541],[6.980083,50.933523],[6.980053,50.933463],[6.980041,50.933465]]]},"properties":{"id":"DENW37AL100064jl","h":15.9,"min_z":45.3,"max_z":61.2}},{"type":"Feature","id":"DENW37AL100066IJ","geometry":{"type":"Polygon","coordinates":[[[6.983389,50.935855],[6.983417,50.93586],[6.983452,50.935812],[6.983427,50.935802],[6.983389,50.935855]]]},"properties":{"id":"DENW37AL100066IJ","h":9.0,"min_z":44.5,"max_z":53.6}},{"type":"Feature","id":"DENW37AL100064J2","geometry":{"type":"Polygon","coordinates":[[[6.983654,50.932048],[6.98358,50.932209],[6.983594,50.932211],[6.983622,50.93215],[6.98362,50.932149],[6.983622,50.932145],[6.983638,50.93215],[6.983642,50.932147],[6.983645,50.932143],[6.983648,50.932139],[6.98365,50.932134],[6.983651,50.93213],[6.983653,50.932126],[6.983653,50.932121],[6.983653,50.932117],[6.983635,50.932116],[6.983637,50.932112],[6.983639,50.932113],[6.983667,50.932051],[6.983654,50.932048]]]},"properties":{"id":"DENW37AL100064J2","h":17.5,"min_z":46.2,"max_z":63.7}},{"type":"Feature","id":"DENW37AL100074oa","geometry":{"type":"Polygon","coordinates":[[[6.986028,50.938534],[6.986118,50.938542],[6.986118,50.938539],[6.986123,50.938516],[6.986033,50.938508],[6.986028,50.938531],[6.986028,50.938534]]]},"properties":{"id":"DENW37AL100074oa","h":6.0,"min_z":44.9,"max_z":50.9}},{"type":"Feature","id":"DENW37AL100065W1","geometry":{"type":"Polygon","coordinates":[[[6.984313,50.936479],[6.984319,50.936543],[6.984448,50.936536],[6.984441,50.936474],[6.984313,50.936479]]]},"properties":{"id":"DENW37AL100065W1","h":11.5,"min_z":45.4,"max_z":56.9}},{"type":"Feature","id":"DENW37AL100064uz","geometry":{"type":"Polygon","coordinates":[[[6.979417,50.932739],[6.97946,50.932796],[6.979454,50.932811],[6.979416,50.932822],[6.979478,50.932905],[6.979663,50.932849],[6.979549,50.932699],[6.979417,50.932739]]]},"properties":{"id":"DENW37AL100064uz","h":19.4,"min_z":45.4,"max_z":64.8}},{"type":"Feature","id":"DENW37AL2Ek0004l","geometry":{"type":"Polygon","coordinates":[[[6.982857,50.934235],[6.982859,50.934291],[6.982859,50.934305],[6.982903,50.934305],[6.982902,50.934235],[6.982857,50.934235]]]},"properties":{"id":"DENW37AL2Ek0004l","h":2.8,"min_z":46.5,"max_z":49.2}},{"type":"Feature","id":"DENW37AL1UU0007T","geometry":{"type":"Polygon","coordinates":[[[6.982551,50.930627],[6.982551,50.930642],[6.982661,50.930643],[6.982661,50.930628],[6.982551,50.930627]]]},"properties":{"id":"DENW37AL1UU0007T","h":3.1,"min_z":46.6,"max_z":49.8}},{"type":"Feature","id":"DENW37AL100063Qw","geometry":{"type":"Polygon","coordinates":[[[6.989445,50.930867],[6.989493,50.930906],[6.989546,50.930881],[6.989653,50.930827],[6.989618,50.930798],[6.989601,50.930785],[6.989445,50.930867]]]},"properties":{"id":"DENW37AL100063Qw","h":2.3,"min_z":47.2,"max_z":49.5}},{"type":"Feature","id":"DENW37AL100066kU","geometry":{"type":"Polygon","coordinates":[[[6.983326,50.932698],[6.983447,50.93272],[6.983478,50.932653],[6.983474,50.932652],[6.983469,50.932665],[6.983354,50.932643],[6.983359,50.93263],[6.983356,50.93263],[6.983326,50.932698]]]},"properties":{"id":"DENW37AL100066kU","h":3.0,"min_z":46.6,"max_z":49.6}},{"type":"Feature","id":"DENW37AL100064z3","geometry":{"type":"Polygon","coordinates":[[[6.991442,50.931667],[6.991551,50.931763],[6.991656,50.931715],[6.991545,50.931618],[6.991442,50.931667]]]},"properties":{"id":"DENW37AL100064z3","h":16.1,"min_z":46.6,"max_z":62.7}},{"type":"Feature","id":"DENW37AL10006yFd","geometry":{"type":"Polygon","coordinates":[[[6.990994,50.936197],[6.990992,50.93625],[6.991045,50.936245],[6.991033,50.936194],[6.990994,50.936197]]]},"properties":{"id":"DENW37AL10006yFd","h":2.4,"min_z":45.9,"max_z":48.3}},{"type":"Feature","id":"DENW37AL100074u6","geometry":{"type":"Polygon","coordinates":[[[6.982487,50.933799],[6.982508,50.933842],[6.982535,50.933837],[6.982514,50.933794],[6.982487,50.933799]]]},"properties":{"id":"DENW37AL100074u6","h":3.3,"min_z":45.9,"max_z":49.2}},{"type":"Feature","id":"DENW37AL100064G0","geometry":{"type":"Polygon","coordinates":[[[6.988748,50.936193],[6.988728,50.936259],[6.9888,50.936265],[6.988815,50.936202],[6.988816,50.936199],[6.988748,50.936193]]]},"properties":{"id":"DENW37AL100064G0","h":48.3,"min_z":45.5,"max_z":93.8}},{"type":"Feature","id":"DENW37AL100063iI","geometry":{"type":"Polygon","coordinates":[[[6.980027,50.932428],[6.979832,50.932486],[6.979904,50.932584],[6.9801,50.932526],[6.980027,50.932428]]]},"properties":{"id":"DENW37AL100063iI","h":19.7,"min_z":45.3,"max_z":65.1}},{"type":"Feature","id":"DENW37AL100065ZB","geometry":{"type":"Polygon","coordinates":[[[6.986371,50.93316],[6.986376,50.933182],[6.986384,50.933219],[6.986586,50.933201],[6.986598,50.933252],[6.986692,50.933244],[6.986691,50.933237],[6.986667,50.933134],[6.986371,50.93316]]]},"properties":{"id":"DENW37AL100065ZB","h":3.1,"min_z":46.6,"max_z":49.7}},{"type":"Feature","id":"DENW37AL100064Yx","geometry":{"type":"Polygon","coordinates":[[[6.981752,50.933647],[6.981756,50.933655],[6.981785,50.933649],[6.981786,50.933651],[6.981831,50.933642],[6.981827,50.933632],[6.981752,50.933647]]]},"properties":{"id":"DENW37AL100064Yx","h":12.5,"min_z":44.2,"max_z":56.8}},{"type":"Feature","id":"DENW37AL100065mh","geometry":{"type":"Polygon","coordinates":[[[6.982292,50.933743],[6.982351,50.933859],[6.982362,50.933881],[6.982479,50.933857],[6.982483,50.933864],[6.982493,50.933862],[6.98251,50.933858],[6.982507,50.933851],[6.982512,50.93385],[6.982508,50.933842],[6.982487,50.933799],[6.982444,50.933713],[6.982292,50.933743]]]},"properties":{"id":"DENW37AL100065mh","h":7.9,"min_z":45.2,"max_z":53.1}},{"type":"Feature","id":"DENW37AL100063kZ","geometry":{"type":"Polygon","coordinates":[[[6.989914,50.934238],[6.989912,50.934243],[6.989921,50.934244],[6.989922,50.934238],[6.989914,50.934238]]]},"properties":{"id":"DENW37AL100063kZ","h":18.0,"min_z":46.5,"max_z":64.5}},{"type":"Feature","id":"DENW37AL100067AY","geometry":{"type":"Polygon","coordinates":[[[6.981032,50.934566],[6.981045,50.934596],[6.981126,50.934583],[6.981115,50.934557],[6.981032,50.934566]]]},"properties":{"id":"DENW37AL100067AY","h":4.2,"min_z":44.2,"max_z":48.4}},{"type":"Feature","id":"DENW37AL100064oC","geometry":{"type":"Polygon","coordinates":[[[6.992442,50.930926],[6.992318,50.930805],[6.992204,50.930857],[6.992328,50.930976],[6.992442,50.930926]]]},"properties":{"id":"DENW37AL100064oC","h":17.6,"min_z":45.2,"max_z":62.8}},{"type":"Feature","id":"DENW37AL1000660s","geometry":{"type":"Polygon","coordinates":[[[6.987483,50.935907],[6.987579,50.935918],[6.987587,50.935885],[6.987492,50.935874],[6.987483,50.935907]]]},"properties":{"id":"DENW37AL1000660s","h":5.0,"min_z":45.9,"max_z":50.9}},{"type":"Feature","id":"DENW37AL100065cy","geometry":{"type":"Polygon","coordinates":[[[6.98915,50.937824],[6.989776,50.937933],[6.989912,50.937956],[6.989976,50.937809],[6.989214,50.937677],[6.98915,50.937824]]]},"properties":{"id":"DENW37AL100065cy","h":12.5,"min_z":45.1,"max_z":57.6}},{"type":"Feature","id":"DENW37AL100064oG","geometry":{"type":"Polygon","coordinates":[[[6.979055,50.936681],[6.979047,50.936733],[6.979239,50.936745],[6.979246,50.936692],[6.979178,50.936688],[6.979055,50.936681]]]},"properties":{"id":"DENW37AL100064oG","h":3.1,"min_z":44.8,"max_z":47.9}},{"type":"Feature","id":"DENW37AL10006yEt","geometry":{"type":"Polygon","coordinates":[[[6.980028,50.937402],[6.980011,50.937444],[6.980042,50.937449],[6.980038,50.937461],[6.980266,50.937497],[6.980294,50.937502],[6.980315,50.937447],[6.980028,50.937402]]]},"properties":{"id":"DENW37AL10006yEt","h":3.0,"min_z":45.6,"max_z":48.6}},{"type":"Feature","id":"DENW37AL100065Mb","geometry":{"type":"Polygon","coordinates":[[[6.991322,50.93143],[6.991212,50.931337],[6.991111,50.931384],[6.991221,50.931477],[6.991322,50.93143]]]},"properties":{"id":"DENW37AL100065Mb","h":16.1,"min_z":46.7,"max_z":62.8}},{"type":"Feature","id":"DENW37AL100065Xk","geometry":{"type":"Polygon","coordinates":[[[6.981718,50.933654],[6.981677,50.933662],[6.981681,50.933671],[6.981686,50.93368],[6.981737,50.933669],[6.981734,50.933665],[6.981724,50.933667],[6.981722,50.933662],[6.981756,50.933655],[6.981752,50.933647],[6.981718,50.933654]]]},"properties":{"id":"DENW37AL100065Xk","h":12.5,"min_z":44.3,"max_z":56.8}},{"type":"Feature","id":"DENW37AL1000653d","geometry":{"type":"Polygon","coordinates":[[[6.981572,50.933586],[6.981576,50.933593],[6.981549,50.933599],[6.981568,50.933638],[6.981585,50.933672],[6.981631,50.933663],[6.981639,50.933679],[6.981681,50.933671],[6.981677,50.933662],[6.981656,50.933621],[6.98164,50.933589],[6.981633,50.933574],[6.981572,50.933586]]]},"properties":{"id":"DENW37AL1000653d","h":11.7,"min_z":44.4,"max_z":56.1}},{"type":"Feature","id":"DENW37AL100064cj","geometry":{"type":"Polygon","coordinates":[[[6.989736,50.930576],[6.98986,50.930526],[6.98986,50.930526],[6.989903,50.930508],[6.989826,50.93043],[6.989629,50.930509],[6.989705,50.930588],[6.989736,50.930576],[6.989736,50.930576]]]},"properties":{"id":"DENW37AL100064cj","h":12.9,"min_z":47.4,"max_z":60.3}},{"type":"Feature","id":"DENW37AL100066fY","geometry":{"type":"Polygon","coordinates":[[[6.980397,50.936132],[6.980502,50.936134],[6.980513,50.936059],[6.980418,50.936053],[6.980397,50.936132]]]},"properties":{"id":"DENW37AL100066fY","h":2.9,"min_z":45.5,"max_z":48.4}},{"type":"Feature","id":"DENW37AL100064qd","geometry":{"type":"Polygon","coordinates":[[[6.982479,50.933857],[6.982362,50.933881],[6.982477,50.933877],[6.982496,50.933869],[6.982493,50.933862],[6.982483,50.933864],[6.982479,50.933857]]]},"properties":{"id":"DENW37AL100064qd","h":3.2,"min_z":45.2,"max_z":48.4}},{"type":"Feature","id":"DENW37AL100063kr","geometry":{"type":"Polygon","coordinates":[[[6.983023,50.931141],[6.983061,50.931163],[6.983074,50.931155],[6.983106,50.931174],[6.983093,50.931183],[6.98313,50.931205],[6.983143,50.931196],[6.983173,50.931214],[6.98316,50.931223],[6.983197,50.931245],[6.98321,50.931236],[6.983239,50.931254],[6.983227,50.931263],[6.983264,50.931285],[6.983277,50.931277],[6.983307,50.931295],[6.983294,50.931303],[6.983302,50.931308],[6.983304,50.931306],[6.983334,50.931325],[6.983332,50.931326],[6.983368,50.931348],[6.98337,50.931347],[6.983401,50.931365],[6.983398,50.931366],[6.983435,50.931388],[6.983448,50.93138],[6.983478,50.931398],[6.983465,50.931406],[6.983502,50.931428],[6.983515,50.93142],[6.983545,50.931438],[6.983532,50.931447],[6.983569,50.931469],[6.983582,50.93146],[6.983613,50.931479],[6.983601,50.931488],[6.983638,50.93151],[6.98375,50.931436],[6.983674,50.93139],[6.983668,50.931394],[6.983445,50.93126],[6.983452,50.931254],[6.983455,50.931256],[6.983458,50.931254],[6.983371,50.931201],[6.983367,50.931203],[6.98337,50.931205],[6.983362,50.93121],[6.983206,50.931116],[6.983212,50.931112],[6.983136,50.931066],[6.983023,50.931141]]]},"properties":{"id":"DENW37AL100063kr","h":9.0,"min_z":46.7,"max_z":55.7}},{"type":"Feature","id":"DENW37AL100064Vq","geometry":{"type":"Polygon","coordinates":[[[6.982588,50.937037],[6.982475,50.937033],[6.98247,50.937085],[6.982461,50.937197],[6.982791,50.937209],[6.982801,50.937102],[6.982724,50.937099],[6.982583,50.937094],[6.982588,50.937037]]]},"properties":{"id":"DENW37AL100064Vq","h":17.1,"min_z":45.7,"max_z":62.8}},{"type":"Feature","id":"DENW37AL100064nU","geometry":{"type":"Polygon","coordinates":[[[6.985406,50.936393],[6.985482,50.936483],[6.985562,50.936456],[6.985487,50.936366],[6.985483,50.936367],[6.985406,50.936393]]]},"properties":{"id":"DENW37AL100064nU","h":38.1,"min_z":44.3,"max_z":82.4}},{"type":"Feature","id":"DENW37AL100063U6","geometry":{"type":"Polygon","coordinates":[[[6.992342,50.934094],[6.992645,50.934599],[6.992799,50.934562],[6.992495,50.934055],[6.992342,50.934094]]]},"properties":{"id":"DENW37AL100063U6","h":13.9,"min_z":47.4,"max_z":61.3}},{"type":"Feature","id":"DENW37AL100065Tr","geometry":{"type":"Polygon","coordinates":[[[6.983167,50.933379],[6.983159,50.933364],[6.983076,50.933381],[6.983084,50.933396],[6.983167,50.933379]]]},"properties":{"id":"DENW37AL100065Tr","h":11.4,"min_z":46.6,"max_z":58.0}},{"type":"Feature","id":"DENW37AL100066XC","geometry":{"type":"Polygon","coordinates":[[[6.981511,50.935418],[6.981512,50.935645],[6.981828,50.935643],[6.981824,50.935416],[6.981754,50.935416],[6.981511,50.935418]]]},"properties":{"id":"DENW37AL100066XC","h":7.1,"min_z":45.7,"max_z":52.8}},{"type":"Feature","id":"DENW37AL100065oh","geometry":{"type":"Polygon","coordinates":[[[6.983363,50.933323],[6.983465,50.933302],[6.983426,50.933225],[6.983324,50.933246],[6.983363,50.933323]]]},"properties":{"id":"DENW37AL100065oh","h":11.5,"min_z":46.5,"max_z":58.1}},{"type":"Feature","id":"DENW37AL10017eXs","geometry":{"type":"Polygon","coordinates":[[[6.990544,50.936175],[6.990546,50.936189],[6.990402,50.936197],[6.990383,50.936217],[6.990385,50.936234],[6.990447,50.936237],[6.990617,50.936244],[6.990672,50.936246],[6.990662,50.936168],[6.990643,50.936169],[6.990639,50.936139],[6.990555,50.936144],[6.990559,50.936174],[6.990544,50.936175]]]},"properties":{"id":"DENW37AL10017eXs","h":3.4,"min_z":45.8,"max_z":49.2}},{"type":"Feature","id":"DENW37AL10006477","geometry":{"type":"Polygon","coordinates":[[[6.990428,50.936518],[6.990519,50.936528],[6.99053,50.936458],[6.990433,50.936448],[6.990428,50.936518]]]},"properties":{"id":"DENW37AL10006477","h":3.1,"min_z":45.6,"max_z":48.7}},{"type":"Feature","id":"DENW37AL100063kU","geometry":{"type":"Polygon","coordinates":[[[6.9877,50.936096],[6.988095,50.93614],[6.988285,50.935385],[6.988312,50.935277],[6.988326,50.935222],[6.988327,50.935215],[6.987931,50.935176],[6.98783,50.935578],[6.987828,50.935588],[6.987749,50.935902],[6.9877,50.936096]]]},"properties":{"id":"DENW37AL100063kU","h":19.5,"min_z":44.4,"max_z":64.0}},{"type":"Feature","id":"DENW37AL100066y8","geometry":{"type":"Polygon","coordinates":[[[6.983003,50.935918],[6.982875,50.935912],[6.982864,50.935998],[6.983038,50.936007],[6.983044,50.93596],[6.982998,50.935957],[6.983003,50.935918]]]},"properties":{"id":"DENW37AL100066y8","h":3.6,"min_z":45.5,"max_z":49.1}},{"type":"Feature","id":"DENW37AL10006yGG","geometry":{"type":"Polygon","coordinates":[[[6.985476,50.935068],[6.985598,50.935096],[6.985623,50.935055],[6.985501,50.935026],[6.985476,50.935068]]]},"properties":{"id":"DENW37AL10006yGG","h":12.1,"min_z":44.6,"max_z":56.7}},{"type":"Feature","id":"DENW37AL100062lD","geometry":{"type":"Polygon","coordinates":[[[6.98076,50.932975],[6.980923,50.932925],[6.981031,50.932893],[6.981106,50.93287],[6.981088,50.932845],[6.981077,50.93283],[6.981045,50.932788],[6.980863,50.932842],[6.980792,50.932862],[6.98064,50.932907],[6.980596,50.93292],[6.980436,50.932968],[6.980467,50.933012],[6.980468,50.933013],[6.980496,50.933053],[6.980629,50.933013],[6.98076,50.932975]]]},"properties":{"id":"DENW37AL100062lD","h":22.1,"min_z":43.5,"max_z":65.6}},{"type":"Feature","id":"DENW37AL100067AM","geometry":{"type":"Polygon","coordinates":[[[6.983683,50.932543],[6.983653,50.932608],[6.98368,50.932613],[6.983695,50.932581],[6.98371,50.932548],[6.983683,50.932543]]]},"properties":{"id":"DENW37AL100067AM","h":19.0,"min_z":44.5,"max_z":63.6}},{"type":"Feature","id":"DENW37AL100063gM","geometry":{"type":"Polygon","coordinates":[[[6.984077,50.936513],[6.984097,50.936511],[6.984093,50.936437],[6.983919,50.936445],[6.98392,50.936457],[6.983922,50.936475],[6.983928,50.936526],[6.984077,50.936513]]]},"properties":{"id":"DENW37AL100063gM","h":15.5,"min_z":45.3,"max_z":60.8}},{"type":"Feature","id":"DENW37AL100066Vy","geometry":{"type":"Polygon","coordinates":[[[6.979171,50.934866],[6.979181,50.934908],[6.979175,50.934909],[6.979181,50.934934],[6.979187,50.934933],[6.979198,50.934974],[6.979347,50.93496],[6.979319,50.934851],[6.979171,50.934866]]]},"properties":{"id":"DENW37AL100066Vy","h":16.8,"min_z":44.1,"max_z":60.9}},{"type":"Feature","id":"DENW37AL100063u1","geometry":{"type":"Polygon","coordinates":[[[6.989813,50.931094],[6.989847,50.93112],[6.989835,50.931127],[6.989907,50.931185],[6.98992,50.931178],[6.989947,50.9312],[6.990065,50.931141],[6.989933,50.931034],[6.989813,50.931094]]]},"properties":{"id":"DENW37AL100063u1","h":12.5,"min_z":47.4,"max_z":59.9}},{"type":"Feature","id":"DENW37AL100063Wc","geometry":{"type":"Polygon","coordinates":[[[6.989885,50.936073],[6.98975,50.936079],[6.989777,50.936175],[6.989889,50.936171],[6.989885,50.936073]]]},"properties":{"id":"DENW37AL100063Wc","h":16.2,"min_z":45.8,"max_z":62.1}},{"type":"Feature","id":"DENW37AL100063nw","geometry":{"type":"Polygon","coordinates":[[[6.989911,50.937117],[6.99008,50.937134],[6.99013,50.936948],[6.990139,50.936918],[6.990146,50.936892],[6.990153,50.936864],[6.989987,50.936847],[6.989911,50.937117]]]},"properties":{"id":"DENW37AL100063nw","h":19.4,"min_z":45.8,"max_z":65.2}},{"type":"Feature","id":"DENW37AL100063XG","geometry":{"type":"Polygon","coordinates":[[[6.981513,50.938616],[6.981524,50.938646],[6.981535,50.938676],[6.981549,50.938706],[6.981563,50.938735],[6.981579,50.938764],[6.981631,50.93885],[6.981635,50.93885],[6.98166,50.938847],[6.981642,50.938822],[6.981624,50.938797],[6.981608,50.938771],[6.981594,50.938745],[6.98158,50.938718],[6.981567,50.938692],[6.981556,50.938665],[6.981545,50.938638],[6.981539,50.93862],[6.981536,50.938611],[6.981528,50.938584],[6.981501,50.938477],[6.981494,50.938451],[6.98149,50.938437],[6.981486,50.93842],[6.981459,50.938422],[6.981323,50.938436],[6.981295,50.938439],[6.98129,50.93844],[6.981294,50.938457],[6.981332,50.938604],[6.981339,50.938631],[6.981348,50.938658],[6.981358,50.938685],[6.981368,50.938712],[6.98138,50.938738],[6.981393,50.938765],[6.981407,50.938791],[6.981422,50.938817],[6.981427,50.938826],[6.981431,50.938831],[6.981438,50.938843],[6.981451,50.938862],[6.981455,50.938868],[6.981456,50.938868],[6.981456,50.938868],[6.98148,50.938866],[6.981373,50.93865],[6.981327,50.938492],[6.981345,50.938491],[6.981476,50.938477],[6.981504,50.938586],[6.981513,50.938616]]]},"properties":{"id":"DENW37AL100063XG","h":51.2,"min_z":45.2,"max_z":96.4}},{"type":"Feature","id":"DENW37AL100066J8","geometry":{"type":"Polygon","coordinates":[[[6.979634,50.934088],[6.979708,50.934073],[6.979697,50.934049],[6.979695,50.934049],[6.979622,50.934064],[6.979634,50.934088]]]},"properties":{"id":"DENW37AL100066J8","h":10.6,"min_z":45.1,"max_z":55.7}},{"type":"Feature","id":"DENW37AL10006yEl","geometry":{"type":"Polygon","coordinates":[[[6.988825,50.934303],[6.988798,50.934417],[6.988798,50.934417],[6.988936,50.934431],[6.988936,50.934431],[6.988964,50.934317],[6.988825,50.934303]]]},"properties":{"id":"DENW37AL10006yEl","h":13.1,"min_z":46.6,"max_z":59.7}},{"type":"Feature","id":"DENW37AL100064zt","geometry":{"type":"Polygon","coordinates":[[[6.990559,50.931085],[6.990481,50.931006],[6.990287,50.931082],[6.990365,50.931162],[6.990409,50.931144],[6.990418,50.931154],[6.990548,50.931104],[6.990537,50.931093],[6.990559,50.931085]]]},"properties":{"id":"DENW37AL100064zt","h":12.6,"min_z":47.3,"max_z":59.9}},{"type":"Feature","id":"DENW37AL100065TX","geometry":{"type":"Polygon","coordinates":[[[6.988439,50.935238],[6.988428,50.935288],[6.988428,50.935288],[6.988413,50.935351],[6.989006,50.935411],[6.989034,50.935297],[6.989034,50.935296],[6.988595,50.935253],[6.988439,50.935238]]]},"properties":{"id":"DENW37AL100065TX","h":13.1,"min_z":43.0,"max_z":56.1}},{"type":"Feature","id":"DENW37AL1000649K","geometry":{"type":"Polygon","coordinates":[[[6.979852,50.935884],[6.979495,50.93587],[6.979496,50.935864],[6.979487,50.935864],[6.979468,50.936052],[6.9795,50.936053],[6.979497,50.936077],[6.979839,50.936091],[6.979849,50.935992],[6.97986,50.935879],[6.979853,50.935878],[6.979852,50.935884]]]},"properties":{"id":"DENW37AL1000649K","h":7.6,"min_z":45.5,"max_z":53.1}},{"type":"Feature","id":"DENW37AL300001D9","geometry":{"type":"Polygon","coordinates":[[[6.983369,50.938984],[6.983269,50.93902],[6.983307,50.939062],[6.983407,50.939025],[6.983369,50.938984]]]},"properties":{"id":"DENW37AL300001D9","h":29.9,"min_z":53.0,"max_z":82.9}},{"type":"Feature","id":"DENW37AL100063L9","geometry":{"type":"Polygon","coordinates":[[[6.987813,50.936911],[6.987807,50.936934],[6.987809,50.936935],[6.987809,50.936935],[6.987832,50.936937],[6.987838,50.936913],[6.987815,50.936911],[6.987815,50.936911],[6.987813,50.936911]]]},"properties":{"id":"DENW37AL100063L9","h":2.7,"min_z":45.9,"max_z":48.6}},{"type":"Feature","id":"DENW37AL1ty000Mh","geometry":{"type":"Polygon","coordinates":[[[6.985405,50.939036],[6.985424,50.939112],[6.985802,50.939072],[6.985821,50.938993],[6.985755,50.939],[6.985755,50.939],[6.985405,50.939036]]]},"properties":{"id":"DENW37AL1ty000Mh","h":3.9,"min_z":45.4,"max_z":49.3}},{"type":"Feature","id":"DENW37AL100065re","geometry":{"type":"Polygon","coordinates":[[[6.982807,50.933339],[6.982811,50.933349],[6.982828,50.93338],[6.982898,50.933366],[6.982892,50.933355],[6.982877,50.933325],[6.982807,50.933339]]]},"properties":{"id":"DENW37AL100065re","h":10.1,"min_z":46.6,"max_z":56.7}},{"type":"Feature","id":"DENW37AL100066KT","geometry":{"type":"Polygon","coordinates":[[[6.981409,50.933707],[6.981415,50.93372],[6.98147,50.93371],[6.981463,50.933696],[6.981409,50.933707]]]},"properties":{"id":"DENW37AL100066KT","h":12.9,"min_z":44.0,"max_z":56.9}},{"type":"Feature","id":"DENW37AL100064vT","geometry":{"type":"Polygon","coordinates":[[[6.983268,50.937023],[6.98327,50.937023],[6.983309,50.93702],[6.983301,50.936976],[6.983259,50.936978],[6.983268,50.937023]]]},"properties":{"id":"DENW37AL100064vT","h":5.8,"min_z":45.7,"max_z":51.5}},{"type":"Feature","id":"DENW37AL100064cx","geometry":{"type":"Polygon","coordinates":[[[6.982308,50.93468],[6.982308,50.934714],[6.982309,50.934769],[6.98231,50.934817],[6.982375,50.934816],[6.982397,50.934816],[6.982398,50.934802],[6.982398,50.934769],[6.982398,50.934739],[6.982398,50.934679],[6.982308,50.93468]]]},"properties":{"id":"DENW37AL100064cx","h":7.9,"min_z":45.8,"max_z":53.7}},{"type":"Feature","id":"DENW37AL100065tg","geometry":{"type":"Polygon","coordinates":[[[6.982711,50.932599],[6.982856,50.932738],[6.983001,50.932677],[6.982855,50.932539],[6.982711,50.932599]]]},"properties":{"id":"DENW37AL100065tg","h":18.0,"min_z":46.0,"max_z":64.0}},{"type":"Feature","id":"DENW37AL100065L9","geometry":{"type":"Polygon","coordinates":[[[6.983325,50.932617],[6.983447,50.932351],[6.983297,50.932323],[6.983256,50.932413],[6.983244,50.93241],[6.983204,50.932498],[6.983216,50.9325],[6.983175,50.93259],[6.983325,50.932617]]]},"properties":{"id":"DENW37AL100065L9","h":15.9,"min_z":46.6,"max_z":62.5}},{"type":"Feature","id":"DENW37AL100064La","geometry":{"type":"Polygon","coordinates":[[[6.990447,50.936237],[6.990433,50.936448],[6.99053,50.936458],[6.990597,50.936465],[6.990617,50.936244],[6.990447,50.936237]]]},"properties":{"id":"DENW37AL100064La","h":4.8,"min_z":45.6,"max_z":50.4}},{"type":"Feature","id":"DENW37AL1000642b","geometry":{"type":"Polygon","coordinates":[[[6.982666,50.9319],[6.982668,50.9319],[6.982732,50.931912],[6.982761,50.931851],[6.982789,50.931856],[6.982802,50.931826],[6.982788,50.931824],[6.982815,50.931758],[6.982739,50.931744],[6.982668,50.931731],[6.982596,50.931886],[6.982666,50.9319]]]},"properties":{"id":"DENW37AL1000642b","h":16.1,"min_z":46.4,"max_z":62.4}},{"type":"Feature","id":"DENW37AL100063ia","geometry":{"type":"Polygon","coordinates":[[[6.981827,50.933632],[6.981901,50.933617],[6.981865,50.933544],[6.98179,50.933559],[6.981827,50.933632]]]},"properties":{"id":"DENW37AL100063ia","h":12.3,"min_z":44.5,"max_z":56.8}},{"type":"Feature","id":"DENW37AL100065dT","geometry":{"type":"Polygon","coordinates":[[[6.981527,50.933286],[6.98151,50.933252],[6.981468,50.93326],[6.981485,50.933294],[6.981527,50.933286]]]},"properties":{"id":"DENW37AL100065dT","h":11.7,"min_z":45.5,"max_z":57.2}},{"type":"Feature","id":"DENW37AL100064Lx","geometry":{"type":"Polygon","coordinates":[[[6.991938,50.930506],[6.992003,50.930481],[6.992016,50.930496],[6.992059,50.93048],[6.991966,50.930383],[6.991786,50.930452],[6.991803,50.930469],[6.991864,50.930533],[6.991938,50.930506]]]},"properties":{"id":"DENW37AL100064Lx","h":25.4,"min_z":47.6,"max_z":73.0}},{"type":"Feature","id":"DENW37AL100065FN","geometry":{"type":"Polygon","coordinates":[[[6.991814,50.937218],[6.991746,50.937183],[6.991733,50.937164],[6.991684,50.937158],[6.991661,50.937174],[6.991578,50.937194],[6.991612,50.937249],[6.991496,50.937276],[6.991506,50.937293],[6.991551,50.937298],[6.991811,50.937324],[6.99182,50.937325],[6.991842,50.937307],[6.991756,50.937263],[6.991814,50.937218]]]},"properties":{"id":"DENW37AL100065FN","h":3.4,"min_z":46.4,"max_z":49.8}},{"type":"Feature","id":"DENW37AL100065EE","geometry":{"type":"Polygon","coordinates":[[[6.990841,50.930842],[6.990938,50.930945],[6.990992,50.930924],[6.990979,50.93091],[6.991006,50.9309],[6.991018,50.930913],[6.991045,50.930903],[6.991032,50.93089],[6.991073,50.930874],[6.991087,50.930887],[6.991131,50.93087],[6.991033,50.930768],[6.990841,50.930842]]]},"properties":{"id":"DENW37AL100065EE","h":25.3,"min_z":47.5,"max_z":72.8}},{"type":"Feature","id":"DENW37AL1000672V","geometry":{"type":"Polygon","coordinates":[[[6.982955,50.932998],[6.982949,50.932991],[6.98294,50.932994],[6.982946,50.933003],[6.982951,50.933014],[6.982972,50.933054],[6.982997,50.933105],[6.983007,50.933103],[6.983088,50.933088],[6.983061,50.933038],[6.98304,50.932999],[6.983032,50.932984],[6.982955,50.932998]]]},"properties":{"id":"DENW37AL1000672V","h":14.1,"min_z":46.6,"max_z":60.7}},{"type":"Feature","id":"DENW37AL100066tk","geometry":{"type":"Polygon","coordinates":[[[6.980682,50.933764],[6.980628,50.933775],[6.980672,50.933862],[6.98076,50.933844],[6.980755,50.933833],[6.980717,50.933757],[6.980714,50.933752],[6.98068,50.933759],[6.980682,50.933764]]]},"properties":{"id":"DENW37AL100066tk","h":12.5,"min_z":44.6,"max_z":57.1}},{"type":"Feature","id":"DENW37AL100065Q2","geometry":{"type":"Polygon","coordinates":[[[6.979267,50.934359],[6.979314,50.934536],[6.979331,50.934534],[6.979331,50.934537],[6.979367,50.934533],[6.979361,50.934511],[6.979319,50.934354],[6.979267,50.934359]]]},"properties":{"id":"DENW37AL100065Q2","h":4.9,"min_z":44.3,"max_z":49.2}},{"type":"Feature","id":"DENW37AL100064uA","geometry":{"type":"Polygon","coordinates":[[[6.984295,50.936308],[6.9844,50.936304],[6.984429,50.936303],[6.984423,50.936238],[6.984422,50.93623],[6.984288,50.936236],[6.984295,50.936308]]]},"properties":{"id":"DENW37AL100064uA","h":12.6,"min_z":44.5,"max_z":57.1}},{"type":"Feature","id":"DENW37AL100074OB","geometry":{"type":"Polygon","coordinates":[[[6.982228,50.934657],[6.982228,50.934666],[6.982229,50.93468],[6.982229,50.934715],[6.982308,50.934714],[6.982308,50.93468],[6.982308,50.934656],[6.982228,50.934657]]]},"properties":{"id":"DENW37AL100074OB","h":4.6,"min_z":45.8,"max_z":50.4}},{"type":"Feature","id":"DENW37AL100063lv","geometry":{"type":"Polygon","coordinates":[[[6.989452,50.936126],[6.98943,50.936142],[6.98941,50.936219],[6.989419,50.93622],[6.989574,50.936234],[6.989581,50.936202],[6.989637,50.936192],[6.98969,50.936182],[6.989719,50.936177],[6.989734,50.936177],[6.989708,50.93608],[6.989452,50.936126]]]},"properties":{"id":"DENW37AL100063lv","h":15.7,"min_z":45.7,"max_z":61.4}},{"type":"Feature","id":"DENW37AL100064cg","geometry":{"type":"Polygon","coordinates":[[[6.991221,50.931477],[6.991332,50.931571],[6.991433,50.931524],[6.991322,50.93143],[6.991221,50.931477]]]},"properties":{"id":"DENW37AL100064cg","h":16.1,"min_z":46.6,"max_z":62.7}},{"type":"Feature","id":"DENW37AL100065Gd","geometry":{"type":"Polygon","coordinates":[[[6.979977,50.93468],[6.980052,50.934668],[6.980108,50.934658],[6.980078,50.934589],[6.980011,50.934601],[6.979953,50.934611],[6.979977,50.93468]]]},"properties":{"id":"DENW37AL100065Gd","h":8.6,"min_z":44.0,"max_z":52.6}},{"type":"Feature","id":"DENW37AL100063jQ","geometry":{"type":"Polygon","coordinates":[[[6.981319,50.93689],[6.981436,50.936746],[6.981284,50.936696],[6.981166,50.93684],[6.981319,50.93689]]]},"properties":{"id":"DENW37AL100063jQ","h":19.5,"min_z":45.2,"max_z":64.7}},{"type":"Feature","id":"DENW37AL100063VG","geometry":{"type":"Polygon","coordinates":[[[6.982128,50.937061],[6.982128,50.937061],[6.982149,50.936807],[6.982007,50.936801],[6.981977,50.9368],[6.981967,50.936918],[6.981946,50.937177],[6.982117,50.937183],[6.982128,50.937061]]]},"properties":{"id":"DENW37AL100063VG","h":17.2,"min_z":45.6,"max_z":62.8}},{"type":"Feature","id":"DENW37AL100066Kq","geometry":{"type":"Polygon","coordinates":[[[6.989732,50.936249],[6.989669,50.936243],[6.989664,50.936266],[6.989727,50.936271],[6.989732,50.936249]]]},"properties":{"id":"DENW37AL100066Kq","h":2.8,"min_z":45.6,"max_z":48.4}},{"type":"Feature","id":"DENW37AL100066i6","geometry":{"type":"Polygon","coordinates":[[[6.989594,50.936421],[6.989565,50.936535],[6.989825,50.936561],[6.989851,50.936446],[6.989852,50.936445],[6.989752,50.936436],[6.989594,50.936421]]]},"properties":{"id":"DENW37AL100066i6","h":18.9,"min_z":45.4,"max_z":64.3}},{"type":"Feature","id":"DENW37AL100065m1","geometry":{"type":"Polygon","coordinates":[[[6.98017,50.935248],[6.980191,50.935295],[6.980344,50.935268],[6.980346,50.935272],[6.980437,50.935256],[6.980414,50.935204],[6.980392,50.935154],[6.980148,50.935197],[6.98017,50.935248]]]},"properties":{"id":"DENW37AL100065m1","h":17.8,"min_z":44.7,"max_z":62.6}},{"type":"Feature","id":"DENW37AL100065CS","geometry":{"type":"Polygon","coordinates":[[[6.981494,50.933605],[6.981459,50.933612],[6.981479,50.933651],[6.981497,50.933689],[6.981585,50.933672],[6.981566,50.933634],[6.981549,50.933599],[6.981497,50.933609],[6.981494,50.933605]]]},"properties":{"id":"DENW37AL100065CS","h":12.5,"min_z":44.3,"max_z":56.8}},{"type":"Feature","id":"DENW37AL100063UU","geometry":{"type":"Polygon","coordinates":[[[6.980368,50.934811],[6.980311,50.934826],[6.980317,50.934836],[6.980317,50.934836],[6.980374,50.934822],[6.980368,50.934811]]]},"properties":{"id":"DENW37AL100063UU","h":18.8,"min_z":43.4,"max_z":62.2}},{"type":"Feature","id":"DENW37AL100064pK","geometry":{"type":"Polygon","coordinates":[[[6.992069,50.936404],[6.992069,50.936403],[6.992083,50.936402],[6.992054,50.93629],[6.992013,50.936294],[6.991945,50.936298],[6.991928,50.936299],[6.991949,50.93641],[6.99196,50.93641],[6.992069,50.936404]]]},"properties":{"id":"DENW37AL100064pK","h":26.5,"min_z":45.9,"max_z":72.3}},{"type":"Feature","id":"DENW37AL100064bk","geometry":{"type":"Polygon","coordinates":[[[6.991512,50.931246],[6.991623,50.931341],[6.991729,50.931291],[6.99165,50.931224],[6.991618,50.931196],[6.991512,50.931246]]]},"properties":{"id":"DENW37AL100064bk","h":16.9,"min_z":45.8,"max_z":62.7}},{"type":"Feature","id":"DENW37AL10006yHU","geometry":{"type":"Polygon","coordinates":[[[6.984953,50.932796],[6.984828,50.9331],[6.984881,50.933109],[6.984912,50.933114],[6.985037,50.93281],[6.985035,50.93281],[6.984953,50.932796]]]},"properties":{"id":"DENW37AL10006yHU","h":3.0,"min_z":47.2,"max_z":50.2}},{"type":"Feature","id":"DENW37AL9u0000Ne","geometry":{"type":"Polygon","coordinates":[[[6.991729,50.938749],[6.991739,50.938719],[6.991737,50.938719],[6.991728,50.938748],[6.991547,50.938725],[6.991547,50.938726],[6.991729,50.938749]]]},"properties":{"id":"DENW37AL9u0000Ne","h":20.6,"min_z":46.4,"max_z":67.0}},{"type":"Feature","id":"DENW37AL100065Ci","geometry":{"type":"Polygon","coordinates":[[[6.980437,50.936976],[6.980431,50.937045],[6.980474,50.937046],[6.98048,50.936977],[6.980437,50.936976]]]},"properties":{"id":"DENW37AL100065Ci","h":26.1,"min_z":45.2,"max_z":71.2}},{"type":"Feature","id":"DENW37AL100065k5","geometry":{"type":"Polygon","coordinates":[[[6.982303,50.933645],[6.982331,50.933702],[6.982439,50.933684],[6.982408,50.933624],[6.982303,50.933645]]]},"properties":{"id":"DENW37AL100065k5","h":3.6,"min_z":45.8,"max_z":49.4}},{"type":"Feature","id":"DENW37AL100065Kh","geometry":{"type":"Polygon","coordinates":[[[6.980082,50.932314],[6.980042,50.932326],[6.980094,50.932396],[6.980134,50.932384],[6.980112,50.932355],[6.980082,50.932314]]]},"properties":{"id":"DENW37AL100065Kh","h":10.6,"min_z":45.2,"max_z":55.8}},{"type":"Feature","id":"DENW37AL10017Mnx","geometry":{"type":"Polygon","coordinates":[[[6.993221,50.930643],[6.993202,50.930649],[6.993236,50.930689],[6.993255,50.930683],[6.993221,50.930643]]]},"properties":{"id":"DENW37AL10017Mnx","h":16.3,"min_z":46.2,"max_z":62.5}},{"type":"Feature","id":"DENW37AL100063i2","geometry":{"type":"Polygon","coordinates":[[[6.991049,50.936975],[6.990972,50.937278],[6.991098,50.937291],[6.991112,50.937235],[6.991085,50.937233],[6.9911,50.937174],[6.991135,50.937034],[6.991157,50.937036],[6.991163,50.937036],[6.991176,50.936988],[6.991049,50.936975]]]},"properties":{"id":"DENW37AL100063i2","h":24.0,"min_z":45.9,"max_z":69.8}},{"type":"Feature","id":"DENW37AL100064XV","geometry":{"type":"Polygon","coordinates":[[[6.987383,50.935544],[6.987369,50.9356],[6.987513,50.935615],[6.987463,50.935814],[6.987322,50.9358],[6.987308,50.935855],[6.987492,50.935874],[6.987587,50.935885],[6.987749,50.935902],[6.987828,50.935588],[6.98756,50.935561],[6.987383,50.935544]]]},"properties":{"id":"DENW37AL100064XV","h":9.3,"min_z":44.4,"max_z":53.8}},{"type":"Feature","id":"DENW37AL1000680C","geometry":{"type":"Polygon","coordinates":[[[6.986023,50.936193],[6.986024,50.936194],[6.98604,50.936213],[6.986044,50.936211],[6.986109,50.936288],[6.98611,50.936288],[6.986408,50.936188],[6.986375,50.93615],[6.986327,50.936092],[6.986282,50.936107],[6.986212,50.936131],[6.986023,50.936193]]]},"properties":{"id":"DENW37AL1000680C","h":28.8,"min_z":42.9,"max_z":71.8}},{"type":"Feature","id":"DENW37AL100063Uq","geometry":{"type":"Polygon","coordinates":[[[6.984819,50.93672],[6.984886,50.936697],[6.984799,50.936595],[6.984732,50.936617],[6.984819,50.93672]]]},"properties":{"id":"DENW37AL100063Uq","h":10.3,"min_z":45.0,"max_z":55.3}},{"type":"Feature","id":"DENW37AL100065yG","geometry":{"type":"Polygon","coordinates":[[[6.979238,50.934747],[6.979217,50.934749],[6.979184,50.934752],[6.979143,50.934757],[6.979153,50.934797],[6.979142,50.934798],[6.979152,50.93484],[6.979164,50.934839],[6.979171,50.934866],[6.979244,50.934859],[6.979319,50.934851],[6.979291,50.934742],[6.979238,50.934747]]]},"properties":{"id":"DENW37AL100065yG","h":17.0,"min_z":44.1,"max_z":61.1}},{"type":"Feature","id":"DENW37AL2Ek0006g","geometry":{"type":"Polygon","coordinates":[[[6.984114,50.93661],[6.984025,50.936618],[6.984033,50.936654],[6.984122,50.936646],[6.984114,50.93661]]]},"properties":{"id":"DENW37AL2Ek0006g","h":3.3,"min_z":45.6,"max_z":49.0}},{"type":"Feature","id":"DENW37AL100063Wp","geometry":{"type":"Polygon","coordinates":[[[6.980088,50.936627],[6.980035,50.936625],[6.980035,50.936625],[6.980088,50.936627],[6.980088,50.936627]]]},"properties":{"id":"DENW37AL100063Wp","h":2.9,"min_z":45.4,"max_z":48.3}},{"type":"Feature","id":"DENW37AL1000650I","geometry":{"type":"Polygon","coordinates":[[[6.979248,50.934137],[6.979262,50.934166],[6.979351,50.934149],[6.979337,50.934122],[6.979336,50.934119],[6.979248,50.934137]]]},"properties":{"id":"DENW37AL1000650I","h":10.8,"min_z":44.8,"max_z":55.6}},{"type":"Feature","id":"DENW37AL100065Is","geometry":{"type":"Polygon","coordinates":[[[6.983193,50.936015],[6.98291,50.936001],[6.98291,50.936002],[6.982911,50.936002],[6.982911,50.936051],[6.983115,50.936051],[6.983108,50.936181],[6.983104,50.936182],[6.983109,50.936461],[6.98312,50.937005],[6.983195,50.937005],[6.983195,50.936981],[6.983195,50.936955],[6.983193,50.936638],[6.983192,50.936461],[6.983191,50.936371],[6.98319,50.936224],[6.983193,50.936044],[6.983193,50.936015]]]},"properties":{"id":"DENW37AL100065Is","h":3.0,"min_z":45.4,"max_z":48.4}},{"type":"Feature","id":"DENW37AL100063tH","geometry":{"type":"Polygon","coordinates":[[[6.987532,50.936603],[6.987534,50.936593],[6.987504,50.93659],[6.987502,50.9366],[6.987529,50.936602],[6.987532,50.936603]]]},"properties":{"id":"DENW37AL100063tH","h":21.6,"min_z":45.7,"max_z":67.2}},{"type":"Feature","id":"DENW37AL100065Ea","geometry":{"type":"Polygon","coordinates":[[[6.980159,50.933821],[6.980121,50.933828],[6.98014,50.933865],[6.980158,50.9339],[6.980197,50.933892],[6.980248,50.933882],[6.98023,50.933846],[6.980214,50.933813],[6.980161,50.933824],[6.980159,50.933821]]]},"properties":{"id":"DENW37AL100065Ea","h":10.6,"min_z":45.5,"max_z":56.1}},{"type":"Feature","id":"DENW37AL100063k5","geometry":{"type":"Polygon","coordinates":[[[6.982685,50.934338],[6.982686,50.934387],[6.98277,50.934387],[6.98286,50.934386],[6.982859,50.934337],[6.982859,50.934291],[6.982685,50.934291],[6.982685,50.934338]]]},"properties":{"id":"DENW37AL100063k5","h":10.3,"min_z":46.1,"max_z":56.4}},{"type":"Feature","id":"DENW37AL100066w1","geometry":{"type":"Polygon","coordinates":[[[6.984278,50.936075],[6.984279,50.936087],[6.984278,50.936142],[6.98443,50.936136],[6.984426,50.93607],[6.984278,50.936075]]]},"properties":{"id":"DENW37AL100066w1","h":12.8,"min_z":44.5,"max_z":57.3}},{"type":"Feature","id":"DENW37ALgI0000Dv","geometry":{"type":"Polygon","coordinates":[[[6.980397,50.936132],[6.980391,50.936157],[6.980508,50.936162],[6.980508,50.936138],[6.980502,50.936134],[6.980397,50.936132]]]},"properties":{"id":"DENW37ALgI0000Dv","h":2.8,"min_z":45.6,"max_z":48.3}},{"type":"Feature","id":"DENW37AL100063Zl","geometry":{"type":"Polygon","coordinates":[[[6.981901,50.934307],[6.981906,50.934307],[6.981976,50.934305],[6.982058,50.934303],[6.982053,50.93423],[6.981896,50.934234],[6.981901,50.934307]]]},"properties":{"id":"DENW37AL100063Zl","h":10.6,"min_z":44.1,"max_z":54.8}},{"type":"Feature","id":"DENW37AL1000662U","geometry":{"type":"Polygon","coordinates":[[[6.980303,50.933424],[6.98034,50.9335],[6.98045,50.933476],[6.980429,50.933429],[6.980454,50.933424],[6.980441,50.933398],[6.980303,50.933424]]]},"properties":{"id":"DENW37AL1000662U","h":16.5,"min_z":44.6,"max_z":61.1}},{"type":"Feature","id":"DENW37AL100063bg","geometry":{"type":"Polygon","coordinates":[[[6.9805,50.931358],[6.980535,50.931392],[6.98053,50.931394],[6.98055,50.931413],[6.980603,50.931467],[6.980779,50.931399],[6.980709,50.931323],[6.980641,50.93135],[6.980606,50.931315],[6.9805,50.931358]]]},"properties":{"id":"DENW37AL100063bg","h":12.9,"min_z":46.2,"max_z":59.1}},{"type":"Feature","id":"DENW37AL100066XQ","geometry":{"type":"Polygon","coordinates":[[[6.984404,50.936342],[6.9844,50.936304],[6.984366,50.936305],[6.984295,50.936308],[6.984307,50.936419],[6.984377,50.936416],[6.984428,50.936414],[6.984421,50.936342],[6.984404,50.936342]]]},"properties":{"id":"DENW37AL100066XQ","h":12.7,"min_z":44.9,"max_z":57.6}},{"type":"Feature","id":"DENW37AL100063rt","geometry":{"type":"Polygon","coordinates":[[[6.981051,50.931176],[6.981125,50.931251],[6.981264,50.931196],[6.981223,50.931157],[6.981279,50.931133],[6.981181,50.93104],[6.981061,50.931089],[6.98112,50.931149],[6.981051,50.931176]]]},"properties":{"id":"DENW37AL100063rt","h":16.2,"min_z":46.1,"max_z":62.3}},{"type":"Feature","id":"DENW37AL100064jJ","geometry":{"type":"Polygon","coordinates":[[[6.979472,50.934094],[6.979546,50.934079],[6.979512,50.93401],[6.979438,50.934025],[6.979472,50.934094]]]},"properties":{"id":"DENW37AL100064jJ","h":11.1,"min_z":45.1,"max_z":56.2}},{"type":"Feature","id":"DENW37AL100065BE","geometry":{"type":"Polygon","coordinates":[[[6.983642,50.931664],[6.983664,50.931668],[6.983678,50.931637],[6.983656,50.931633],[6.983642,50.931664]]]},"properties":{"id":"DENW37AL100065BE","h":17.2,"min_z":46.4,"max_z":63.6}},{"type":"Feature","id":"DENW37ALfg00008M","geometry":{"type":"Polygon","coordinates":[[[6.979889,50.933953],[6.979899,50.933975],[6.979992,50.933958],[6.979981,50.933936],[6.979889,50.933953]]]},"properties":{"id":"DENW37ALfg00008M","h":3.8,"min_z":45.6,"max_z":49.4}},{"type":"Feature","id":"DENW37AL100063fQ","geometry":{"type":"Polygon","coordinates":[[[6.990703,50.931527],[6.99082,50.931614],[6.990923,50.931563],[6.990802,50.931471],[6.990705,50.931519],[6.990703,50.931527]]]},"properties":{"id":"DENW37AL100063fQ","h":16.3,"min_z":46.6,"max_z":62.9}},{"type":"Feature","id":"DENW37AL100065jo","geometry":{"type":"Polygon","coordinates":[[[6.982263,50.934254],[6.982263,50.934369],[6.982263,50.934373],[6.982293,50.934372],[6.982451,50.934372],[6.98245,50.934254],[6.982263,50.934254]]]},"properties":{"id":"DENW37AL100065jo","h":6.2,"min_z":46.1,"max_z":52.4}},{"type":"Feature","id":"DENW37AL100074ts","geometry":{"type":"Polygon","coordinates":[[[6.981448,50.93464],[6.981449,50.934658],[6.981502,50.934657],[6.98153,50.934649],[6.98153,50.934638],[6.981448,50.93464]]]},"properties":{"id":"DENW37AL100074ts","h":4.5,"min_z":44.8,"max_z":49.3}},{"type":"Feature","id":"DENW37AL100063o2","geometry":{"type":"Polygon","coordinates":[[[6.980892,50.934169],[6.980835,50.934181],[6.980773,50.934194],[6.980785,50.934218],[6.980803,50.934252],[6.980803,50.934252],[6.980807,50.934259],[6.980869,50.934245],[6.980938,50.934231],[6.980904,50.934167],[6.980892,50.934169]]]},"properties":{"id":"DENW37AL100063o2","h":13.2,"min_z":44.6,"max_z":57.8}},{"type":"Feature","id":"DENW37AL100063Nt","geometry":{"type":"Polygon","coordinates":[[[6.980151,50.936925],[6.980241,50.936928],[6.980261,50.936688],[6.980171,50.936685],[6.980151,50.936925]]]},"properties":{"id":"DENW37AL100063Nt","h":3.7,"min_z":45.6,"max_z":49.3}},{"type":"Feature","id":"DENW37AL40000E6m","geometry":{"type":"Polygon","coordinates":[[[6.981185,50.93238],[6.981181,50.932385],[6.981195,50.93239],[6.981173,50.932419],[6.981167,50.93242],[6.981161,50.932422],[6.981156,50.932424],[6.981151,50.932426],[6.981146,50.932429],[6.981141,50.932432],[6.981137,50.932435],[6.981133,50.932439],[6.98113,50.932442],[6.981128,50.932446],[6.981127,50.932446],[6.981125,50.93245],[6.981124,50.932454],[6.981123,50.932458],[6.981122,50.932462],[6.981122,50.932466],[6.981123,50.93247],[6.981124,50.932474],[6.981126,50.932478],[6.981128,50.932482],[6.981131,50.932485],[6.981134,50.932489],[6.981138,50.932492],[6.981142,50.932495],[6.981146,50.932498],[6.981221,50.932535],[6.981257,50.932547],[6.981273,50.932519],[6.981277,50.932518],[6.981261,50.932496],[6.981267,50.932494],[6.981272,50.932491],[6.981276,50.932488],[6.98128,50.932484],[6.981284,50.932481],[6.981287,50.932477],[6.98129,50.932473],[6.981292,50.932469],[6.981294,50.932465],[6.981295,50.932461],[6.981296,50.932457],[6.981296,50.932452],[6.981295,50.932448],[6.981294,50.932444],[6.981292,50.93244],[6.98129,50.932436],[6.981287,50.932432],[6.981284,50.932428],[6.981281,50.932425],[6.981276,50.932421],[6.981272,50.932418],[6.981267,50.932415],[6.981262,50.932413],[6.981256,50.93241],[6.981199,50.932385],[6.981185,50.93238]]]},"properties":{"id":"DENW37AL40000E6m","h":4.9,"min_z":44.5,"max_z":49.4}},{"type":"Feature","id":"DENW37AL100074sN","geometry":{"type":"Polygon","coordinates":[[[6.981482,50.934189],[6.981502,50.934188],[6.981492,50.934077],[6.981473,50.934077],[6.981482,50.934189]]]},"properties":{"id":"DENW37AL100074sN","h":6.1,"min_z":44.1,"max_z":50.1}},{"type":"Feature","id":"DENW37AL3tX0000T","geometry":{"type":"Polygon","coordinates":[[[6.979607,50.931568],[6.979656,50.931617],[6.97974,50.931584],[6.979691,50.931534],[6.979607,50.931568]]]},"properties":{"id":"DENW37AL3tX0000T","h":2.7,"min_z":44.6,"max_z":47.4}},{"type":"Feature","id":"DENW37AL100065He","geometry":{"type":"Polygon","coordinates":[[[6.982204,50.932126],[6.982342,50.932067],[6.982315,50.932042],[6.982217,50.93195],[6.982203,50.931936],[6.982088,50.931986],[6.982065,50.931996],[6.982204,50.932126]]]},"properties":{"id":"DENW37AL100065He","h":17.3,"min_z":46.3,"max_z":63.6}},{"type":"Feature","id":"DENW37AL10006556","geometry":{"type":"Polygon","coordinates":[[[6.982151,50.933466],[6.98212,50.933473],[6.982139,50.933511],[6.982159,50.933552],[6.982202,50.933543],[6.982208,50.933556],[6.982254,50.933547],[6.982227,50.933494],[6.982211,50.933461],[6.982154,50.933472],[6.982151,50.933466]]]},"properties":{"id":"DENW37AL10006556","h":10.8,"min_z":45.3,"max_z":56.1}},{"type":"Feature","id":"DENW37AL100063bi","geometry":{"type":"Polygon","coordinates":[[[6.979401,50.931057],[6.979452,50.9311],[6.979523,50.931068],[6.979474,50.931024],[6.979401,50.931057]]]},"properties":{"id":"DENW37AL100063bi","h":2.7,"min_z":44.4,"max_z":47.1}},{"type":"Feature","id":"DENW37ALe500009f","geometry":{"type":"Polygon","coordinates":[[[6.991776,50.932174],[6.991863,50.932173],[6.991858,50.932051],[6.991771,50.932052],[6.991776,50.932174]]]},"properties":{"id":"DENW37ALe500009f","h":3.5,"min_z":46.1,"max_z":49.6}},{"type":"Feature","id":"DENW37AL100065TN","geometry":{"type":"Polygon","coordinates":[[[6.98877,50.932857],[6.988909,50.932871],[6.988909,50.932871],[6.989163,50.932896],[6.989163,50.932896],[6.989467,50.932927],[6.98947,50.932913],[6.989483,50.932861],[6.989503,50.932784],[6.989399,50.932773],[6.989399,50.932773],[6.989076,50.932741],[6.989076,50.932742],[6.988944,50.932729],[6.988944,50.932728],[6.988806,50.932715],[6.988806,50.932715],[6.988772,50.932711],[6.988736,50.932854],[6.98877,50.932857],[6.98877,50.932857]]]},"properties":{"id":"DENW37AL100065TN","h":13.1,"min_z":46.6,"max_z":59.7}},{"type":"Feature","id":"DENW37AL100074K2","geometry":{"type":"Polygon","coordinates":[[[6.979103,50.93808],[6.979082,50.938066],[6.97906,50.938079],[6.979081,50.938093],[6.979103,50.93808]]]},"properties":{"id":"DENW37AL100074K2","h":14.1,"min_z":46.0,"max_z":60.1}},{"type":"Feature","id":"DENW37AL100065vX","geometry":{"type":"Polygon","coordinates":[[[6.983704,50.93155],[6.983705,50.93155],[6.983697,50.931568],[6.983698,50.931569],[6.983689,50.931589],[6.983705,50.931592],[6.983827,50.931614],[6.983851,50.931564],[6.98387,50.931522],[6.98384,50.931504],[6.983781,50.931469],[6.983693,50.931528],[6.98368,50.931536],[6.983704,50.93155]]]},"properties":{"id":"DENW37AL100065vX","h":15.9,"min_z":46.8,"max_z":62.7}},{"type":"Feature","id":"DENW37AL100064FS","geometry":{"type":"Polygon","coordinates":[[[6.981126,50.932989],[6.981135,50.933002],[6.981138,50.933006],[6.981306,50.932963],[6.98128,50.932967],[6.981268,50.932969],[6.981254,50.932951],[6.981126,50.932989]]]},"properties":{"id":"DENW37AL100064FS","h":7.6,"min_z":45.3,"max_z":52.9}},{"type":"Feature","id":"DENW37ALgI0000Du","geometry":{"type":"Polygon","coordinates":[[[6.985547,50.934747],[6.985535,50.934794],[6.985598,50.9348],[6.985599,50.934796],[6.985706,50.934807],[6.985716,50.934764],[6.985547,50.934747]]]},"properties":{"id":"DENW37ALgI0000Du","h":3.7,"min_z":44.9,"max_z":48.7}},{"type":"Feature","id":"DENW37AL2Et0008G","geometry":{"type":"Polygon","coordinates":[[[6.991833,50.937127],[6.991823,50.937122],[6.991813,50.937117],[6.991804,50.937112],[6.991795,50.937106],[6.991786,50.937101],[6.991778,50.937095],[6.99177,50.937089],[6.991763,50.937082],[6.991756,50.937076],[6.99175,50.937069],[6.991744,50.937063],[6.991739,50.937056],[6.99173,50.937061],[6.99172,50.937066],[6.991711,50.937071],[6.991701,50.937075],[6.991691,50.93708],[6.99168,50.937084],[6.991669,50.937088],[6.991658,50.937091],[6.991647,50.937095],[6.991636,50.937098],[6.991624,50.9371],[6.991612,50.937103],[6.9916,50.937105],[6.991588,50.937107],[6.991597,50.937115],[6.991607,50.937123],[6.991615,50.937131],[6.991624,50.93714],[6.99163,50.937147],[6.991636,50.937154],[6.991642,50.937161],[6.991647,50.937168],[6.991652,50.937176],[6.991661,50.937174],[6.991684,50.937158],[6.991733,50.937164],[6.991746,50.937183],[6.991754,50.937187],[6.991766,50.93718],[6.991778,50.937173],[6.99179,50.937166],[6.991803,50.937159],[6.991816,50.937152],[6.991829,50.937146],[6.991842,50.93714],[6.991848,50.937138],[6.991853,50.937135],[6.991843,50.937131],[6.991833,50.937127]]]},"properties":{"id":"DENW37AL2Et0008G","h":5.4,"min_z":46.3,"max_z":51.7}},{"type":"Feature","id":"DENW37AL1000648K","geometry":{"type":"Polygon","coordinates":[[[6.985536,50.93626],[6.985425,50.936297],[6.985483,50.936367],[6.985487,50.936366],[6.985583,50.936334],[6.985594,50.93633],[6.985585,50.936319],[6.985536,50.93626]]]},"properties":{"id":"DENW37AL1000648K","h":2.6,"min_z":44.3,"max_z":46.9}},{"type":"Feature","id":"DENW37AL10006649","geometry":{"type":"Polygon","coordinates":[[[6.982668,50.933055],[6.982527,50.933083],[6.982579,50.933187],[6.982718,50.933159],[6.982668,50.933055]]]},"properties":{"id":"DENW37AL10006649","h":15.9,"min_z":44.7,"max_z":60.6}},{"type":"Feature","id":"DENW37AL100064cR","geometry":{"type":"Polygon","coordinates":[[[6.979352,50.933245],[6.979326,50.933211],[6.979279,50.933151],[6.979235,50.933164],[6.979094,50.933207],[6.979163,50.933301],[6.979352,50.933245]]]},"properties":{"id":"DENW37AL100064cR","h":18.9,"min_z":45.4,"max_z":64.2}},{"type":"Feature","id":"DENW37AL2Et0008F","geometry":{"type":"Polygon","coordinates":[[[6.991457,50.937336],[6.991539,50.937344],[6.991551,50.937298],[6.991506,50.937293],[6.991496,50.937276],[6.991474,50.937281],[6.991457,50.937336]]]},"properties":{"id":"DENW37AL2Et0008F","h":3.5,"min_z":46.4,"max_z":49.9}},{"type":"Feature","id":"DENW37AL100066d2","geometry":{"type":"Polygon","coordinates":[[[6.982392,50.932733],[6.98244,50.932826],[6.982514,50.932811],[6.982465,50.932717],[6.982392,50.932733]]]},"properties":{"id":"DENW37AL100066d2","h":2.6,"min_z":46.6,"max_z":49.2}},{"type":"Feature","id":"DENW37AL1000666v","geometry":{"type":"Polygon","coordinates":[[[6.981865,50.935581],[6.981866,50.935643],[6.981866,50.935656],[6.982005,50.935655],[6.982004,50.93558],[6.98187,50.935581],[6.981865,50.935581]]]},"properties":{"id":"DENW37AL1000666v","h":6.9,"min_z":45.4,"max_z":52.4}},{"type":"Feature","id":"DENW37AL100065HO","geometry":{"type":"Polygon","coordinates":[[[6.990106,50.936485],[6.990098,50.936588],[6.990339,50.936612],[6.990365,50.936512],[6.990106,50.936485]]]},"properties":{"id":"DENW37AL100065HO","h":18.5,"min_z":45.6,"max_z":64.2}},{"type":"Feature","id":"DENW37AL100063gI","geometry":{"type":"Polygon","coordinates":[[[6.992029,50.931214],[6.992132,50.931309],[6.992243,50.931261],[6.992139,50.931166],[6.992029,50.931214]]]},"properties":{"id":"DENW37AL100063gI","h":17.1,"min_z":45.8,"max_z":62.9}},{"type":"Feature","id":"DENW37AL100065hh","geometry":{"type":"Polygon","coordinates":[[[6.986028,50.938534],[6.986118,50.938542],[6.986118,50.938539],[6.986123,50.938516],[6.986033,50.938508],[6.986028,50.938534]]]},"properties":{"id":"DENW37AL100065hh","h":6.0,"min_z":44.9,"max_z":50.9}},{"type":"Feature","id":"DENW37AL100065Ot","geometry":{"type":"Polygon","coordinates":[[[6.984586,50.935853],[6.984615,50.935854],[6.984621,50.935814],[6.984592,50.935812],[6.984586,50.935853]]]},"properties":{"id":"DENW37AL100065Ot","h":13.2,"min_z":43.2,"max_z":56.3}},{"type":"Feature","id":"DENW37AL100074UP","geometry":{"type":"Polygon","coordinates":[[[6.984099,50.932353],[6.984112,50.932355],[6.984194,50.932175],[6.984115,50.932171],[6.984112,50.932177],[6.984122,50.932178],[6.984046,50.932344],[6.984099,50.932353]]]},"properties":{"id":"DENW37AL100074UP","h":6.7,"min_z":44.5,"max_z":51.2}},{"type":"Feature","id":"DENW37AL2Ek00072","geometry":{"type":"Polygon","coordinates":[[[6.985793,50.93544],[6.985821,50.935446],[6.98583,50.935428],[6.98588,50.935436],[6.985921,50.935347],[6.985846,50.935333],[6.985793,50.93544]]]},"properties":{"id":"DENW37AL2Ek00072","h":10.4,"min_z":45.0,"max_z":55.3}},{"type":"Feature","id":"DENW37AL100066Nw","geometry":{"type":"Polygon","coordinates":[[[6.989709,50.936344],[6.989727,50.936271],[6.989664,50.936266],[6.989669,50.936243],[6.989578,50.936235],[6.989546,50.936369],[6.98957,50.936371],[6.989564,50.936388],[6.989601,50.936393],[6.989709,50.936344]]]},"properties":{"id":"DENW37AL100066Nw","h":6.0,"min_z":45.5,"max_z":51.5}},{"type":"Feature","id":"DENW37ALdu0000J0","geometry":{"type":"Polygon","coordinates":[[[6.979413,50.93096],[6.979476,50.930941],[6.979441,50.930894],[6.979379,50.930913],[6.979413,50.93096]]]},"properties":{"id":"DENW37ALdu0000J0","h":2.9,"min_z":44.5,"max_z":47.4}},{"type":"Feature","id":"DENW37ALfg00008f","geometry":{"type":"Polygon","coordinates":[[[6.981529,50.934635],[6.98153,50.934638],[6.98153,50.934649],[6.981642,50.934618],[6.981639,50.934583],[6.981603,50.934584],[6.981606,50.934613],[6.981529,50.934635]]]},"properties":{"id":"DENW37ALfg00008f","h":3.4,"min_z":45.9,"max_z":49.3}},{"type":"Feature","id":"DENW37AL100064l8","geometry":{"type":"Polygon","coordinates":[[[6.987824,50.932058],[6.987716,50.932071],[6.987728,50.932111],[6.987836,50.932098],[6.987824,50.932058]]]},"properties":{"id":"DENW37AL100064l8","h":4.0,"min_z":46.6,"max_z":50.6}},{"type":"Feature","id":"DENW37AL100074Fn","geometry":{"type":"Polygon","coordinates":[[[6.9844,50.936304],[6.984404,50.936342],[6.984421,50.936342],[6.984433,50.936341],[6.984429,50.936303],[6.9844,50.936304]]]},"properties":{"id":"DENW37AL100074Fn","h":11.1,"min_z":44.7,"max_z":55.8}},{"type":"Feature","id":"DENW37AL100063vI","geometry":{"type":"Polygon","coordinates":[[[6.983595,50.935817],[6.983965,50.93584],[6.983904,50.935775],[6.983705,50.935763],[6.983638,50.935759],[6.983595,50.935817]]]},"properties":{"id":"DENW37AL100063vI","h":3.4,"min_z":45.4,"max_z":48.7}},{"type":"Feature","id":"DENW37AL100064Wo","geometry":{"type":"Polygon","coordinates":[[[6.979578,50.936998],[6.979768,50.937013],[6.979789,50.936907],[6.979599,50.936891],[6.979578,50.936998]]]},"properties":{"id":"DENW37AL100064Wo","h":18.3,"min_z":45.5,"max_z":63.9}},{"type":"Feature","id":"DENW37AL1000652U","geometry":{"type":"Polygon","coordinates":[[[6.991925,50.931119],[6.992029,50.931214],[6.992139,50.931166],[6.992035,50.931071],[6.991925,50.931119]]]},"properties":{"id":"DENW37AL1000652U","h":17.1,"min_z":45.8,"max_z":62.9}},{"type":"Feature","id":"DENW37AL100066w9","geometry":{"type":"Polygon","coordinates":[[[6.990088,50.936065],[6.990104,50.936163],[6.990396,50.936152],[6.990387,50.936054],[6.990088,50.936065]]]},"properties":{"id":"DENW37AL100066w9","h":16.0,"min_z":45.9,"max_z":61.9}},{"type":"Feature","id":"DENW37AL100065YL","geometry":{"type":"Polygon","coordinates":[[[6.981601,50.934432],[6.981603,50.934459],[6.981682,50.934457],[6.981679,50.93443],[6.981622,50.934431],[6.981601,50.934432]]]},"properties":{"id":"DENW37AL100065YL","h":4.4,"min_z":44.5,"max_z":48.9}},{"type":"Feature","id":"DENW37AL1000662A","geometry":{"type":"Polygon","coordinates":[[[6.981444,50.934589],[6.981448,50.93464],[6.98153,50.934638],[6.981527,50.934604],[6.981525,50.934586],[6.981444,50.934589]]]},"properties":{"id":"DENW37AL1000662A","h":5.2,"min_z":44.1,"max_z":49.3}},{"type":"Feature","id":"DENW37AL100065gi","geometry":{"type":"Polygon","coordinates":[[[6.979894,50.93481],[6.979815,50.934824],[6.979824,50.93485],[6.979904,50.934839],[6.979894,50.93481]]]},"properties":{"id":"DENW37AL100065gi","h":4.8,"min_z":43.9,"max_z":48.7}},{"type":"Feature","id":"DENW37AL100066hg","geometry":{"type":"Polygon","coordinates":[[[6.98627,50.933191],[6.9863,50.933323],[6.986406,50.933314],[6.986384,50.933219],[6.986376,50.933182],[6.986359,50.933184],[6.98627,50.933191]]]},"properties":{"id":"DENW37AL100066hg","h":3.1,"min_z":46.6,"max_z":49.7}},{"type":"Feature","id":"DENW37AL1000647V","geometry":{"type":"Polygon","coordinates":[[[6.986839,50.932942],[6.986889,50.932958],[6.986914,50.932928],[6.986865,50.932912],[6.986839,50.932942]]]},"properties":{"id":"DENW37AL1000647V","h":2.7,"min_z":46.6,"max_z":49.3}},{"type":"Feature","id":"DENW37AL100074LF","geometry":{"type":"Polygon","coordinates":[[[6.981248,50.93343],[6.981238,50.933409],[6.981218,50.933413],[6.981228,50.933434],[6.981248,50.93343]]]},"properties":{"id":"DENW37AL100074LF","h":8.9,"min_z":45.9,"max_z":54.8}},{"type":"Feature","id":"DENW37AL100064Xz","geometry":{"type":"Polygon","coordinates":[[[6.981979,50.933501],[6.981943,50.933508],[6.98196,50.933541],[6.981983,50.933586],[6.982028,50.933577],[6.982034,50.93359],[6.982078,50.933582],[6.982049,50.933523],[6.982035,50.933496],[6.981982,50.933507],[6.981979,50.933501]]]},"properties":{"id":"DENW37AL100064Xz","h":11.4,"min_z":44.6,"max_z":56.0}},{"type":"Feature","id":"DENW37AL100074P4","geometry":{"type":"Polygon","coordinates":[[[6.979847,50.933942],[6.979851,50.933951],[6.979856,50.93396],[6.979889,50.933953],[6.97988,50.933936],[6.979847,50.933942]]]},"properties":{"id":"DENW37AL100074P4","h":4.3,"min_z":45.7,"max_z":50.0}},{"type":"Feature","id":"DENW37AL100064wM","geometry":{"type":"Polygon","coordinates":[[[6.990994,50.936183],[6.990809,50.936189],[6.990798,50.936466],[6.990985,50.936479],[6.990987,50.936409],[6.990989,50.936364],[6.99099,50.936312],[6.990992,50.93625],[6.990994,50.936197],[6.990994,50.936183]]]},"properties":{"id":"DENW37AL100064wM","h":5.7,"min_z":45.8,"max_z":51.5}},{"type":"Feature","id":"DENW37AL1000655f","geometry":{"type":"Polygon","coordinates":[[[6.979785,50.933124],[6.979796,50.933122],[6.979868,50.933101],[6.979768,50.932966],[6.979655,50.933001],[6.979696,50.933101],[6.979711,50.93314],[6.979785,50.933124]]]},"properties":{"id":"DENW37AL1000655f","h":17.7,"min_z":44.5,"max_z":62.2}},{"type":"Feature","id":"DENW37AL2Ek0004j","geometry":{"type":"Polygon","coordinates":[[[6.980203,50.933221],[6.980219,50.933253],[6.980353,50.933226],[6.980337,50.933195],[6.980203,50.933221]]]},"properties":{"id":"DENW37AL2Ek0004j","h":5.8,"min_z":45.0,"max_z":50.8}},{"type":"Feature","id":"DENW37AL100064Qp","geometry":{"type":"Polygon","coordinates":[[[6.979961,50.933711],[6.980007,50.933701],[6.979969,50.933625],[6.979924,50.933634],[6.979961,50.933711]]]},"properties":{"id":"DENW37AL100064Qp","h":17.5,"min_z":44.9,"max_z":62.4}},{"type":"Feature","id":"DENW37AL10006yFn","geometry":{"type":"Polygon","coordinates":[[[6.982905,50.936461],[6.982908,50.936685],[6.98291,50.936771],[6.982911,50.936881],[6.982911,50.936887],[6.982912,50.936955],[6.982913,50.936975],[6.982913,50.937006],[6.982984,50.937006],[6.982977,50.936461],[6.982905,50.936461]]]},"properties":{"id":"DENW37AL10006yFn","h":3.0,"min_z":45.6,"max_z":48.7}},{"type":"Feature","id":"DENW37AL100074cm","geometry":{"type":"Polygon","coordinates":[[[6.985583,50.936334],[6.985594,50.93633],[6.985585,50.936319],[6.985569,50.936325],[6.985563,50.936321],[6.985412,50.936372],[6.985425,50.936387],[6.985583,50.936334]]]},"properties":{"id":"DENW37AL100074cm","h":35.1,"min_z":44.5,"max_z":79.6}},{"type":"Feature","id":"DENW37AL100063lp","geometry":{"type":"Polygon","coordinates":[[[6.992852,50.931271],[6.992867,50.931287],[6.992888,50.931308],[6.993063,50.931245],[6.993031,50.931208],[6.992852,50.931271]]]},"properties":{"id":"DENW37AL100063lp","h":4.9,"min_z":45.0,"max_z":49.9}},{"type":"Feature","id":"DENW37AL100064Dp","geometry":{"type":"Polygon","coordinates":[[[6.984373,50.935957],[6.984428,50.935946],[6.984476,50.935936],[6.984485,50.935896],[6.984429,50.935893],[6.984391,50.935891],[6.984373,50.935957]]]},"properties":{"id":"DENW37AL100064Dp","h":9.8,"min_z":43.2,"max_z":52.9}},{"type":"Feature","id":"DENW37AL100064zp","geometry":{"type":"Polygon","coordinates":[[[6.979196,50.936968],[6.979387,50.936983],[6.979409,50.936875],[6.979218,50.93686],[6.979199,50.936957],[6.979196,50.936968]]]},"properties":{"id":"DENW37AL100064zp","h":18.4,"min_z":45.5,"max_z":63.9}},{"type":"Feature","id":"DENW37AL100064C6","geometry":{"type":"Polygon","coordinates":[[[6.984095,50.936733],[6.984062,50.936735],[6.984066,50.936755],[6.9841,50.936753],[6.984143,50.936749],[6.984139,50.936729],[6.984095,50.936733]]]},"properties":{"id":"DENW37AL100064C6","h":3.3,"min_z":45.6,"max_z":48.9}},{"type":"Feature","id":"DENW37ALgI0000EF","geometry":{"type":"Polygon","coordinates":[[[6.984527,50.935181],[6.984681,50.93521],[6.984704,50.935159],[6.984551,50.935131],[6.984527,50.935181]]]},"properties":{"id":"DENW37ALgI0000EF","h":3.7,"min_z":44.6,"max_z":48.3}},{"type":"Feature","id":"DENW37AL100074ZW","geometry":{"type":"Polygon","coordinates":[[[6.980132,50.932763],[6.980156,50.932799],[6.980217,50.932782],[6.980275,50.932764],[6.980248,50.932728],[6.980185,50.932746],[6.980132,50.932763]]]},"properties":{"id":"DENW37AL100074ZW","h":3.6,"min_z":45.5,"max_z":49.1}},{"type":"Feature","id":"DENW37AL100065aD","geometry":{"type":"Polygon","coordinates":[[[6.984085,50.936548],[6.984106,50.936546],[6.984097,50.936511],[6.984077,50.936513],[6.984085,50.936548]]]},"properties":{"id":"DENW37AL100065aD","h":13.7,"min_z":45.6,"max_z":59.4}},{"type":"Feature","id":"DENW37AL100064fK","geometry":{"type":"Polygon","coordinates":[[[6.986357,50.938771],[6.986326,50.938915],[6.986305,50.939017],[6.986825,50.938961],[6.986851,50.938819],[6.986791,50.938813],[6.986357,50.938771]]]},"properties":{"id":"DENW37AL100064fK","h":4.7,"min_z":45.3,"max_z":50.0}},{"type":"Feature","id":"DENW37AL100074Rq","geometry":{"type":"Polygon","coordinates":[[[6.981424,50.933372],[6.981404,50.933376],[6.981414,50.933397],[6.981435,50.933393],[6.981424,50.933372]]]},"properties":{"id":"DENW37AL100074Rq","h":9.0,"min_z":46.0,"max_z":55.0}},{"type":"Feature","id":"DENW37AL100066qj","geometry":{"type":"Polygon","coordinates":[[[6.981749,50.933964],[6.981705,50.933962],[6.981703,50.933977],[6.981724,50.933979],[6.981723,50.933983],[6.981745,50.933985],[6.981749,50.933964]]]},"properties":{"id":"DENW37AL100066qj","h":10.9,"min_z":44.2,"max_z":55.1}},{"type":"Feature","id":"DENW37ALgI0000Dp","geometry":{"type":"Polygon","coordinates":[[[6.979288,50.935829],[6.979081,50.935852],[6.979147,50.936071],[6.979362,50.936049],[6.979329,50.935952],[6.979288,50.935829]]]},"properties":{"id":"DENW37ALgI0000Dp","h":6.6,"min_z":45.4,"max_z":52.0}},{"type":"Feature","id":"DENW37ALgI0000Dx","geometry":{"type":"Polygon","coordinates":[[[6.9808,50.936118],[6.981208,50.936135],[6.98121,50.936111],[6.980803,50.936094],[6.9808,50.936118]]]},"properties":{"id":"DENW37ALgI0000Dx","h":3.9,"min_z":45.6,"max_z":49.4}},{"type":"Feature","id":"DENW37AL100064Jj","geometry":{"type":"Polygon","coordinates":[[[6.979046,50.935509],[6.979046,50.935509],[6.979176,50.935485],[6.979131,50.935387],[6.97894,50.935423],[6.978986,50.93552],[6.979046,50.935509]]]},"properties":{"id":"DENW37AL100064Jj","h":17.6,"min_z":44.7,"max_z":62.3}},{"type":"Feature","id":"DENW37AL100074Ui","geometry":{"type":"Polygon","coordinates":[[[6.988932,50.938329],[6.989068,50.938353],[6.989077,50.938331],[6.988941,50.938308],[6.988932,50.938329]]]},"properties":{"id":"DENW37AL100074Ui","h":4.4,"min_z":45.2,"max_z":49.6}},{"type":"Feature","id":"DENW37ALgI0000E1","geometry":{"type":"Polygon","coordinates":[[[6.982829,50.936596],[6.982831,50.936685],[6.982908,50.936685],[6.982907,50.936595],[6.982829,50.936596]]]},"properties":{"id":"DENW37ALgI0000E1","h":2.5,"min_z":45.9,"max_z":48.4}},{"type":"Feature","id":"DENW37AL1000666a","geometry":{"type":"Polygon","coordinates":[[[6.979319,50.934354],[6.979361,50.934511],[6.979418,50.934505],[6.979376,50.934348],[6.979319,50.934354]]]},"properties":{"id":"DENW37AL1000666a","h":1.8,"min_z":44.3,"max_z":46.1}},{"type":"Feature","id":"DENW37AL100063tv","geometry":{"type":"Polygon","coordinates":[[[6.99082,50.931614],[6.990931,50.931706],[6.991035,50.931655],[6.990923,50.931563],[6.99082,50.931614]]]},"properties":{"id":"DENW37AL100063tv","h":16.2,"min_z":46.6,"max_z":62.7}},{"type":"Feature","id":"DENW37AL100064cP","geometry":{"type":"Polygon","coordinates":[[[6.982088,50.931986],[6.982203,50.931936],[6.982118,50.931857],[6.982117,50.931856],[6.98204,50.931889],[6.981999,50.931907],[6.982088,50.931986]]]},"properties":{"id":"DENW37AL100064cP","h":16.4,"min_z":46.3,"max_z":62.7}},{"type":"Feature","id":"DENW37AL100171gE","geometry":{"type":"Polygon","coordinates":[[[6.983359,50.93263],[6.983354,50.932643],[6.983469,50.932665],[6.983474,50.932652],[6.983359,50.93263]]]},"properties":{"id":"DENW37AL100171gE","h":2.4,"min_z":46.7,"max_z":49.1}},{"type":"Feature","id":"DENW37AL100065cB","geometry":{"type":"Polygon","coordinates":[[[6.982398,50.934802],[6.98247,50.934802],[6.98247,50.934739],[6.982398,50.934739],[6.982398,50.934802]]]},"properties":{"id":"DENW37AL100065cB","h":7.4,"min_z":46.2,"max_z":53.5}},{"type":"Feature","id":"DENW37AL1000651B","geometry":{"type":"Polygon","coordinates":[[[6.983261,50.933343],[6.983363,50.933323],[6.983324,50.933246],[6.983222,50.933266],[6.983261,50.933343]]]},"properties":{"id":"DENW37AL1000651B","h":11.7,"min_z":46.5,"max_z":58.2}},{"type":"Feature","id":"DENW37AL100065UX","geometry":{"type":"Polygon","coordinates":[[[6.979387,50.936983],[6.979578,50.936998],[6.979599,50.936891],[6.979409,50.936875],[6.979387,50.936983]]]},"properties":{"id":"DENW37AL100065UX","h":18.4,"min_z":45.5,"max_z":63.9}},{"type":"Feature","id":"DENW37AL100065sh","geometry":{"type":"Polygon","coordinates":[[[6.979768,50.937013],[6.979959,50.937027],[6.97998,50.93692],[6.979789,50.936907],[6.979768,50.937013]]]},"properties":{"id":"DENW37AL100065sh","h":18.5,"min_z":45.6,"max_z":64.0}},{"type":"Feature","id":"DENW37AL10006429","geometry":{"type":"Polygon","coordinates":[[[6.988707,50.932967],[6.988736,50.932854],[6.988736,50.932854],[6.988772,50.932711],[6.988771,50.932711],[6.988799,50.932598],[6.988799,50.932598],[6.988835,50.932456],[6.988845,50.932413],[6.988728,50.932402],[6.988557,50.933099],[6.988672,50.93311],[6.988708,50.932967],[6.988707,50.932967]]]},"properties":{"id":"DENW37AL10006429","h":5.1,"min_z":46.6,"max_z":51.7}},{"type":"Feature","id":"DENW37AL100065Uv","geometry":{"type":"Polygon","coordinates":[[[6.983419,50.936947],[6.983414,50.936925],[6.983387,50.936927],[6.983348,50.93693],[6.983357,50.936972],[6.983396,50.93697],[6.983398,50.93697],[6.983394,50.936949],[6.983419,50.936947]]]},"properties":{"id":"DENW37AL100065Uv","h":15.9,"min_z":45.6,"max_z":61.6}},{"type":"Feature","id":"DENW37AL1000641G","geometry":{"type":"Polygon","coordinates":[[[6.980929,50.933714],[6.980927,50.93371],[6.980891,50.933717],[6.980914,50.933761],[6.980933,50.933799],[6.980979,50.93379],[6.980984,50.933801],[6.981026,50.933792],[6.981002,50.933743],[6.980988,50.933717],[6.980982,50.933704],[6.980929,50.933714]]]},"properties":{"id":"DENW37AL1000641G","h":11.0,"min_z":44.6,"max_z":55.6}},{"type":"Feature","id":"DENW37AL100063MI","geometry":{"type":"Polygon","coordinates":[[[6.991042,50.931797],[6.991157,50.931891],[6.991261,50.931842],[6.991146,50.931746],[6.991042,50.931797]]]},"properties":{"id":"DENW37AL100063MI","h":16.3,"min_z":46.6,"max_z":62.9}},{"type":"Feature","id":"DENW37AL100068fW","geometry":{"type":"Polygon","coordinates":[[[6.985887,50.936],[6.985816,50.936024],[6.985818,50.936026],[6.985853,50.936068],[6.985902,50.936051],[6.985925,50.936044],[6.985889,50.936002],[6.985887,50.936]]]},"properties":{"id":"DENW37AL100068fW","h":2.2,"min_z":43.9,"max_z":46.1}},{"type":"Feature","id":"DENW37AL100066fF","geometry":{"type":"Polygon","coordinates":[[[6.980069,50.933918],[6.980052,50.933884],[6.980035,50.933849],[6.979984,50.933859],[6.979982,50.933856],[6.979944,50.933863],[6.979963,50.933901],[6.979981,50.933936],[6.980068,50.933918],[6.980069,50.933918]]]},"properties":{"id":"DENW37AL100066fF","h":10.5,"min_z":45.5,"max_z":56.1}},{"type":"Feature","id":"DENW37AL100065eB","geometry":{"type":"Polygon","coordinates":[[[6.986217,50.936034],[6.986256,50.936031],[6.986246,50.93598],[6.986208,50.935982],[6.986217,50.936034]]]},"properties":{"id":"DENW37AL100065eB","h":12.5,"min_z":43.2,"max_z":55.7}},{"type":"Feature","id":"DENW37AL100066Wi","geometry":{"type":"Polygon","coordinates":[[[6.983309,50.93702],[6.98327,50.937023],[6.983285,50.937102],[6.983285,50.937102],[6.983324,50.9371],[6.983309,50.93702]]]},"properties":{"id":"DENW37AL100066Wi","h":17.4,"min_z":45.2,"max_z":62.6}},{"type":"Feature","id":"DENW37AL100065hd","geometry":{"type":"Polygon","coordinates":[[[6.981053,50.931187],[6.980883,50.931254],[6.980921,50.931291],[6.98096,50.931328],[6.981135,50.931261],[6.981125,50.931251],[6.981096,50.931222],[6.981051,50.931176],[6.981045,50.931179],[6.981053,50.931187]]]},"properties":{"id":"DENW37AL100065hd","h":12.8,"min_z":46.1,"max_z":58.9}},{"type":"Feature","id":"DENW37AL100065do","geometry":{"type":"Polygon","coordinates":[[[6.991966,50.930383],[6.992059,50.93048],[6.992109,50.93046],[6.992096,50.930446],[6.992125,50.930435],[6.992138,50.930449],[6.992159,50.930441],[6.992146,50.930428],[6.992197,50.930408],[6.99221,50.930421],[6.992251,50.930405],[6.992159,50.93031],[6.991966,50.930383]]]},"properties":{"id":"DENW37AL100065do","h":25.2,"min_z":47.6,"max_z":72.9}},{"type":"Feature","id":"DENW37AL1000648r","geometry":{"type":"Polygon","coordinates":[[[6.979703,50.93743],[6.979769,50.937433],[6.979769,50.937433],[6.979771,50.937404],[6.979706,50.937401],[6.979703,50.93743],[6.979703,50.93743]]]},"properties":{"id":"DENW37AL1000648r","h":22.7,"min_z":45.5,"max_z":68.2}},{"type":"Feature","id":"DENW37AL100065Nj","geometry":{"type":"Polygon","coordinates":[[[6.992914,50.93103],[6.993005,50.931132],[6.993118,50.931089],[6.993026,50.930987],[6.992914,50.93103]]]},"properties":{"id":"DENW37AL100065Nj","h":17.3,"min_z":45.2,"max_z":62.5}},{"type":"Feature","id":"DENW37AL100074Fy","geometry":{"type":"Polygon","coordinates":[[[6.982584,50.934564],[6.982584,50.934567],[6.982584,50.93458],[6.982601,50.93458],[6.982601,50.934564],[6.982584,50.934564]]]},"properties":{"id":"DENW37AL100074Fy","h":6.1,"min_z":44.5,"max_z":50.6}},{"type":"Feature","id":"DENW37AL100064Ke","geometry":{"type":"Polygon","coordinates":[[[6.98034,50.9335],[6.980355,50.933531],[6.980467,50.933508],[6.98045,50.933476],[6.98034,50.9335]]]},"properties":{"id":"DENW37AL100064Ke","h":16.7,"min_z":44.6,"max_z":61.3}},{"type":"Feature","id":"DENW37AL100064TT","geometry":{"type":"Polygon","coordinates":[[[6.979522,50.93552],[6.979545,50.935569],[6.979789,50.935523],[6.979766,50.935473],[6.979522,50.93552]]]},"properties":{"id":"DENW37AL100064TT","h":2.5,"min_z":44.2,"max_z":46.8}},{"type":"Feature","id":"DENW37AL1000659G","geometry":{"type":"Polygon","coordinates":[[[6.979546,50.934079],[6.979558,50.934103],[6.97956,50.934102],[6.979634,50.934088],[6.979622,50.934064],[6.979621,50.934064],[6.979546,50.934079]]]},"properties":{"id":"DENW37AL1000659G","h":7.3,"min_z":44.9,"max_z":52.2}},{"type":"Feature","id":"DENW37AL100065C4","geometry":{"type":"Polygon","coordinates":[[[6.980545,50.935834],[6.980513,50.936059],[6.980624,50.936065],[6.980651,50.93584],[6.980567,50.935836],[6.980545,50.935834]]]},"properties":{"id":"DENW37AL100065C4","h":16.6,"min_z":44.2,"max_z":60.9}},{"type":"Feature","id":"DENW37AL1000639E","geometry":{"type":"Polygon","coordinates":[[[6.981333,50.933633],[6.981279,50.933644],[6.981282,50.933651],[6.981285,50.933657],[6.98129,50.933666],[6.981344,50.933655],[6.981337,50.93364],[6.981333,50.933633]]]},"properties":{"id":"DENW37AL1000639E","h":11.2,"min_z":44.1,"max_z":55.3}},{"type":"Feature","id":"DENW37AL100064X3","geometry":{"type":"Polygon","coordinates":[[[6.983163,50.932832],[6.983047,50.932883],[6.983089,50.932924],[6.983121,50.93291],[6.983167,50.932955],[6.983086,50.932989],[6.983171,50.933072],[6.983179,50.93307],[6.983288,50.933021],[6.983336,50.932999],[6.983163,50.932832]]]},"properties":{"id":"DENW37AL100064X3","h":15.9,"min_z":46.6,"max_z":62.5}},{"type":"Feature","id":"DENW37AL100065Yw","geometry":{"type":"Polygon","coordinates":[[[6.980439,50.934454],[6.980455,50.934484],[6.980441,50.934487],[6.980459,50.934521],[6.980487,50.934515],[6.980503,50.934512],[6.980469,50.934448],[6.980439,50.934454]]]},"properties":{"id":"DENW37AL100065Yw","h":3.2,"min_z":44.6,"max_z":47.8}},{"type":"Feature","id":"DENW37AL100065Zj","geometry":{"type":"Polygon","coordinates":[[[6.980405,50.931286],[6.980481,50.931366],[6.9805,50.931358],[6.980606,50.931315],[6.980579,50.931288],[6.980586,50.931285],[6.980558,50.931258],[6.980551,50.93126],[6.980527,50.931237],[6.980405,50.931286]]]},"properties":{"id":"DENW37AL100065Zj","h":12.0,"min_z":46.2,"max_z":58.2}},{"type":"Feature","id":"DENW37AL100064Xj","geometry":{"type":"Polygon","coordinates":[[[6.980571,50.933787],[6.980569,50.933784],[6.980514,50.933795],[6.980523,50.933814],[6.980526,50.933813],[6.980546,50.933853],[6.980544,50.933853],[6.98056,50.933884],[6.980566,50.933895],[6.980602,50.933888],[6.98063,50.933882],[6.980624,50.933871],[6.980672,50.933862],[6.980628,50.933775],[6.980586,50.933783],[6.980571,50.933787]]]},"properties":{"id":"DENW37AL100064Xj","h":11.2,"min_z":44.6,"max_z":55.9}},{"type":"Feature","id":"DENW37AL10006621","geometry":{"type":"Polygon","coordinates":[[[6.983011,50.932322],[6.98313,50.932053],[6.982982,50.932026],[6.982859,50.932295],[6.983011,50.932322]]]},"properties":{"id":"DENW37AL10006621","h":15.8,"min_z":46.5,"max_z":62.2}},{"type":"Feature","id":"DENW37AL100064Za","geometry":{"type":"Polygon","coordinates":[[[6.979776,50.931675],[6.979865,50.931763],[6.980039,50.931695],[6.979951,50.931609],[6.979776,50.931675]]]},"properties":{"id":"DENW37AL100064Za","h":18.6,"min_z":44.8,"max_z":63.3}},{"type":"Feature","id":"DENW37AL1ty000MG","geometry":{"type":"Polygon","coordinates":[[[6.986027,50.93893],[6.986025,50.938939],[6.986151,50.938951],[6.986219,50.938661],[6.986021,50.938642],[6.985987,50.938788],[6.985983,50.938802],[6.985975,50.938837],[6.985955,50.938923],[6.986027,50.93893]]]},"properties":{"id":"DENW37AL1ty000MG","h":12.3,"min_z":45.5,"max_z":57.8}},{"type":"Feature","id":"DENW37AL100065GG","geometry":{"type":"Polygon","coordinates":[[[6.979951,50.931609],[6.980039,50.931695],[6.980214,50.931625],[6.980124,50.931538],[6.979951,50.931609]]]},"properties":{"id":"DENW37AL100065GG","h":18.5,"min_z":44.8,"max_z":63.3}},{"type":"Feature","id":"DENW37AL1000678K","geometry":{"type":"Polygon","coordinates":[[[6.982725,50.933366],[6.982666,50.933377],[6.982708,50.933461],[6.982773,50.933448],[6.982778,50.933457],[6.982806,50.933451],[6.982801,50.933442],[6.982759,50.933359],[6.982725,50.933366],[6.982725,50.933366]]]},"properties":{"id":"DENW37AL1000678K","h":10.7,"min_z":46.0,"max_z":56.7}},{"type":"Feature","id":"DENW37AL100065H7","geometry":{"type":"Polygon","coordinates":[[[6.983525,50.93685],[6.983538,50.936914],[6.983651,50.936904],[6.983638,50.93684],[6.983525,50.93685]]]},"properties":{"id":"DENW37AL100065H7","h":14.0,"min_z":46.1,"max_z":60.1}},{"type":"Feature","id":"DENW37AL10017Mo6","geometry":{"type":"Polygon","coordinates":[[[6.993407,50.930861],[6.993389,50.930867],[6.993423,50.930907],[6.993441,50.930901],[6.993407,50.930861]]]},"properties":{"id":"DENW37AL10017Mo6","h":16.5,"min_z":46.0,"max_z":62.5}},{"type":"Feature","id":"DENW37AL100064sM","geometry":{"type":"Polygon","coordinates":[[[6.989343,50.936782],[6.989268,50.937052],[6.989433,50.937069],[6.989492,50.936854],[6.9895,50.936827],[6.989507,50.9368],[6.989343,50.936782]]]},"properties":{"id":"DENW37AL100064sM","h":19.6,"min_z":45.7,"max_z":65.3}},{"type":"Feature","id":"DENW37AL100066nP","geometry":{"type":"Polygon","coordinates":[[[6.979284,50.934638],[6.979211,50.934645],[6.979222,50.934685],[6.979294,50.934678],[6.979284,50.934638]]]},"properties":{"id":"DENW37AL100066nP","h":13.8,"min_z":44.2,"max_z":58.1}},{"type":"Feature","id":"DENW37AL1000649x","geometry":{"type":"Polygon","coordinates":[[[6.980892,50.935118],[6.98107,50.935118],[6.98175,50.935114],[6.981818,50.935114],[6.981817,50.935081],[6.981753,50.935081],[6.980949,50.935085],[6.980892,50.935086],[6.980892,50.935118]]]},"properties":{"id":"DENW37AL1000649x","h":17.2,"min_z":44.0,"max_z":61.2}},{"type":"Feature","id":"DENW37AL100066Re","geometry":{"type":"Polygon","coordinates":[[[6.979237,50.932548],[6.979339,50.932652],[6.979459,50.932604],[6.979359,50.932501],[6.979237,50.932548]]]},"properties":{"id":"DENW37AL100066Re","h":19.2,"min_z":45.4,"max_z":64.6}},{"type":"Feature","id":"DENW37AL100064Ii","geometry":{"type":"Polygon","coordinates":[[[6.980602,50.933888],[6.980617,50.933917],[6.980617,50.933917],[6.980602,50.933888],[6.980602,50.933888]]]},"properties":{"id":"DENW37AL100064Ii","h":2.4,"min_z":44.6,"max_z":47.0}},{"type":"Feature","id":"DENW37AL1000657n","geometry":{"type":"Polygon","coordinates":[[[6.98624,50.935011],[6.986371,50.935056],[6.986453,50.934947],[6.986316,50.934902],[6.98624,50.935011]]]},"properties":{"id":"DENW37AL1000657n","h":3.5,"min_z":44.7,"max_z":48.2}},{"type":"Feature","id":"DENW37AL1000649O","geometry":{"type":"Polygon","coordinates":[[[6.980276,50.934087],[6.980321,50.934171],[6.980456,50.934142],[6.980438,50.934108],[6.980452,50.934105],[6.980427,50.93406],[6.980414,50.934063],[6.980411,50.934058],[6.980276,50.934087]]]},"properties":{"id":"DENW37AL1000649O","h":13.0,"min_z":44.5,"max_z":57.5}},{"type":"Feature","id":"DENW37AL100064kO","geometry":{"type":"Polygon","coordinates":[[[6.982732,50.934189],[6.982839,50.934188],[6.98289,50.934188],[6.98289,50.934186],[6.98289,50.934134],[6.982891,50.934099],[6.982786,50.934099],[6.982787,50.93411],[6.982733,50.93411],[6.982732,50.934189]]]},"properties":{"id":"DENW37AL100064kO","h":9.5,"min_z":45.8,"max_z":55.3}},{"type":"Feature","id":"DENW37AL100063yU","geometry":{"type":"Polygon","coordinates":[[[6.98391,50.936373],[6.983919,50.936445],[6.984093,50.936437],[6.984088,50.936364],[6.98391,50.936373]]]},"properties":{"id":"DENW37AL100063yU","h":14.8,"min_z":45.2,"max_z":60.0}},{"type":"Feature","id":"DENW37AL100064sP","geometry":{"type":"Polygon","coordinates":[[[6.985794,50.93627],[6.985784,50.936258],[6.985736,50.936199],[6.9856,50.936245],[6.985645,50.936299],[6.985585,50.936319],[6.985594,50.93633],[6.985599,50.936335],[6.985794,50.93627]]]},"properties":{"id":"DENW37AL100064sP","h":23.1,"min_z":43.9,"max_z":67.0}},{"type":"Feature","id":"DENW37AL100171gF","geometry":{"type":"Polygon","coordinates":[[[6.982827,50.9321],[6.982833,50.932087],[6.98272,50.932064],[6.982714,50.932077],[6.982827,50.9321]]]},"properties":{"id":"DENW37AL100171gF","h":2.6,"min_z":46.4,"max_z":49.0}},{"type":"Feature","id":"DENW37AL100063dE","geometry":{"type":"Polygon","coordinates":[[[6.992723,50.930823],[6.992824,50.930928],[6.992934,50.930885],[6.992841,50.930782],[6.992723,50.930823]]]},"properties":{"id":"DENW37AL100063dE","h":17.3,"min_z":45.2,"max_z":62.5}},{"type":"Feature","id":"DENW37AL100064ij","geometry":{"type":"Polygon","coordinates":[[[6.980693,50.934556],[6.980673,50.934518],[6.980659,50.934521],[6.980638,50.934482],[6.980571,50.934497],[6.980503,50.934512],[6.980545,50.934589],[6.980546,50.934592],[6.980614,50.934578],[6.980681,50.934563],[6.980679,50.934559],[6.980693,50.934556]]]},"properties":{"id":"DENW37AL100064ij","h":13.2,"min_z":44.5,"max_z":57.8}},{"type":"Feature","id":"DENW37AL100065q7","geometry":{"type":"Polygon","coordinates":[[[6.987723,50.934522],[6.98752,50.934503],[6.987504,50.934566],[6.98745,50.934561],[6.987438,50.934637],[6.987682,50.934659],[6.987799,50.934592],[6.987834,50.934462],[6.987741,50.934452],[6.987723,50.934522]]]},"properties":{"id":"DENW37AL100065q7","h":10.1,"min_z":46.5,"max_z":56.6}},{"type":"Feature","id":"DENW37AL100065Pf","geometry":{"type":"Polygon","coordinates":[[[6.989948,50.93049],[6.989948,50.93049],[6.98996,50.930501],[6.990081,50.930449],[6.990072,50.93044],[6.990072,50.93044],[6.989948,50.93049]]]},"properties":{"id":"DENW37AL100065Pf","h":12.6,"min_z":47.5,"max_z":60.1}},{"type":"Feature","id":"DENW37AL1000649B","geometry":{"type":"Polygon","coordinates":[[[6.985816,50.936024],[6.985708,50.936061],[6.985745,50.936105],[6.985853,50.936068],[6.985818,50.936026],[6.985816,50.936024]]]},"properties":{"id":"DENW37AL1000649B","h":2.2,"min_z":43.9,"max_z":46.1}},{"type":"Feature","id":"DENW37AL100063jh","geometry":{"type":"Polygon","coordinates":[[[6.984319,50.936543],[6.984333,50.936603],[6.984457,50.936596],[6.984452,50.936556],[6.98445,50.936556],[6.984448,50.936536],[6.984319,50.936543]]]},"properties":{"id":"DENW37AL100063jh","h":11.8,"min_z":45.4,"max_z":57.2}},{"type":"Feature","id":"DENW37AL100065u6","geometry":{"type":"Polygon","coordinates":[[[6.982531,50.936517],[6.982563,50.936518],[6.982585,50.936266],[6.982589,50.93622],[6.982556,50.93622],[6.982531,50.936517]]]},"properties":{"id":"DENW37AL100065u6","h":23.7,"min_z":45.8,"max_z":69.5}},{"type":"Feature","id":"DENW37AL100064B6","geometry":{"type":"Polygon","coordinates":[[[6.980746,50.936622],[6.981015,50.936633],[6.981014,50.936541],[6.980757,50.936532],[6.980746,50.936622]]]},"properties":{"id":"DENW37AL100064B6","h":17.2,"min_z":44.8,"max_z":62.0}},{"type":"Feature","id":"DENW37AL1000661q","geometry":{"type":"Polygon","coordinates":[[[6.980648,50.934478],[6.98063,50.934445],[6.980619,50.934447],[6.980604,50.934419],[6.980537,50.934433],[6.980469,50.934448],[6.980503,50.934512],[6.980571,50.934497],[6.980638,50.934482],[6.980637,50.93448],[6.980648,50.934478]]]},"properties":{"id":"DENW37AL1000661q","h":12.9,"min_z":44.7,"max_z":57.6}},{"type":"Feature","id":"DENW37AL100064v7","geometry":{"type":"Polygon","coordinates":[[[6.978989,50.936564],[6.979042,50.936566],[6.979041,50.936575],[6.979074,50.936576],[6.979076,50.936567],[6.979129,50.936569],[6.979128,50.936577],[6.979186,50.936579],[6.979186,50.936576],[6.97919,50.936524],[6.97919,50.936522],[6.979194,50.936468],[6.97914,50.936466],[6.97914,50.936461],[6.979083,50.93646],[6.979082,50.936465],[6.979055,50.936464],[6.979056,50.936459],[6.978999,50.936457],[6.978999,50.936462],[6.978943,50.936461],[6.978939,50.936516],[6.978934,50.936572],[6.978989,50.936573],[6.978989,50.936564]]]},"properties":{"id":"DENW37AL100064v7","h":17.0,"min_z":45.2,"max_z":62.2}},{"type":"Feature","id":"DENW37AL100066mG","geometry":{"type":"Polygon","coordinates":[[[6.981277,50.932518],[6.981273,50.932519],[6.981257,50.932547],[6.981211,50.932626],[6.981182,50.932634],[6.981208,50.932669],[6.98126,50.932654],[6.981281,50.932618],[6.981302,50.932582],[6.981321,50.932548],[6.981372,50.932533],[6.981346,50.932497],[6.981277,50.932518]]]},"properties":{"id":"DENW37AL100066mG","h":7.7,"min_z":45.2,"max_z":52.9}},{"type":"Feature","id":"DENW37AL100065yh","geometry":{"type":"Polygon","coordinates":[[[6.979938,50.93667],[6.979932,50.936731],[6.980007,50.936736],[6.980022,50.936737],[6.980029,50.936674],[6.979938,50.93667]]]},"properties":{"id":"DENW37AL100065yh","h":2.5,"min_z":45.3,"max_z":47.8}},{"type":"Feature","id":"DENW37AL100065p4","geometry":{"type":"Polygon","coordinates":[[[6.979366,50.933731],[6.979409,50.933822],[6.979522,50.9338],[6.97948,50.933712],[6.979478,50.933709],[6.979366,50.933731]]]},"properties":{"id":"DENW37AL100065p4","h":13.5,"min_z":45.6,"max_z":59.1}},{"type":"Feature","id":"DENW37AL100063eY","geometry":{"type":"Polygon","coordinates":[[[6.991623,50.931341],[6.991732,50.931435],[6.991838,50.931385],[6.991729,50.931291],[6.991623,50.931341]]]},"properties":{"id":"DENW37AL100063eY","h":16.9,"min_z":45.8,"max_z":62.7}},{"type":"Feature","id":"DENW37AL100064NG","geometry":{"type":"Polygon","coordinates":[[[6.982836,50.933082],[6.982841,50.933093],[6.98286,50.933131],[6.98287,50.933129],[6.982997,50.933105],[6.982972,50.933054],[6.982951,50.933014],[6.982817,50.933043],[6.982836,50.933082]]]},"properties":{"id":"DENW37AL100064NG","h":14.5,"min_z":46.5,"max_z":61.0}},{"type":"Feature","id":"DENW37AL100066Qc","geometry":{"type":"Polygon","coordinates":[[[6.984875,50.934469],[6.984841,50.934467],[6.984825,50.934553],[6.98486,50.934556],[6.984852,50.934597],[6.985091,50.934615],[6.985122,50.934443],[6.984883,50.934425],[6.984875,50.934469]]]},"properties":{"id":"DENW37AL100066Qc","h":7.5,"min_z":46.1,"max_z":53.6}},{"type":"Feature","id":"DENW37AL100065aX","geometry":{"type":"Polygon","coordinates":[[[6.981259,50.933764],[6.981332,50.933749],[6.981285,50.933657],[6.981212,50.933672],[6.981259,50.933764]]]},"properties":{"id":"DENW37AL100065aX","h":11.6,"min_z":44.0,"max_z":55.6}},{"type":"Feature","id":"DENW37AL100065DD","geometry":{"type":"Polygon","coordinates":[[[6.980439,50.934454],[6.980469,50.934448],[6.980442,50.934398],[6.980412,50.934404],[6.980439,50.934454]]]},"properties":{"id":"DENW37AL100065DD","h":3.2,"min_z":44.6,"max_z":47.8}},{"type":"Feature","id":"DENW37AL3tU0000A","geometry":{"type":"Polygon","coordinates":[[[6.980158,50.9339],[6.980153,50.933901],[6.98017,50.933936],[6.980171,50.933938],[6.980216,50.933929],[6.980197,50.933892],[6.980158,50.9339]]]},"properties":{"id":"DENW37AL3tU0000A","h":3.6,"min_z":45.4,"max_z":49.0}},{"type":"Feature","id":"DENW37AL100064Lv","geometry":{"type":"Polygon","coordinates":[[[6.986112,50.938567],[6.986171,50.938572],[6.986182,50.938521],[6.986123,50.938516],[6.986118,50.938539],[6.986118,50.938542],[6.986112,50.938567]]]},"properties":{"id":"DENW37AL100064Lv","h":8.4,"min_z":44.9,"max_z":53.3}},{"type":"Feature","id":"DENW37AL100068BG","geometry":{"type":"Polygon","coordinates":[[[6.987379,50.934145],[6.987264,50.934134],[6.987176,50.934125],[6.987142,50.934264],[6.987228,50.934273],[6.987245,50.934208],[6.987408,50.934225],[6.987443,50.934258],[6.987418,50.934349],[6.987229,50.934332],[6.987194,50.934468],[6.987281,50.934544],[6.98745,50.934561],[6.987504,50.934566],[6.98752,50.934503],[6.987723,50.934522],[6.987741,50.934452],[6.987743,50.934445],[6.987787,50.934266],[6.987791,50.934253],[6.987703,50.934178],[6.987379,50.934145]]]},"properties":{"id":"DENW37AL100068BG","h":19.1,"min_z":46.5,"max_z":65.5}},{"type":"Feature","id":"DENW37AL100066Sj","geometry":{"type":"Polygon","coordinates":[[[6.992935,50.935795],[6.992962,50.935882],[6.993379,50.935829],[6.993353,50.935742],[6.992935,50.935795]]]},"properties":{"id":"DENW37AL100066Sj","h":4.5,"min_z":46.6,"max_z":51.0}},{"type":"Feature","id":"DENW37AL10006yF1","geometry":{"type":"Polygon","coordinates":[[[6.983818,50.936259],[6.983821,50.936291],[6.9839,50.936288],[6.983896,50.936251],[6.983818,50.936259]]]},"properties":{"id":"DENW37AL10006yF1","h":2.7,"min_z":45.2,"max_z":47.8}},{"type":"Feature","id":"DENW37AL100065ai","geometry":{"type":"Polygon","coordinates":[[[6.981663,50.935166],[6.981663,50.935367],[6.981753,50.935365],[6.981751,50.935165],[6.981663,50.935166]]]},"properties":{"id":"DENW37AL100065ai","h":3.1,"min_z":46.3,"max_z":49.5}},{"type":"Feature","id":"DENW37AL100063Yf","geometry":{"type":"Polygon","coordinates":[[[6.982362,50.933881],[6.982375,50.933906],[6.982376,50.933928],[6.982423,50.933931],[6.982478,50.933931],[6.982477,50.933877],[6.982362,50.933881]]]},"properties":{"id":"DENW37AL100063Yf","h":3.1,"min_z":45.3,"max_z":48.4}},{"type":"Feature","id":"DENW37AL100063WL","geometry":{"type":"Polygon","coordinates":[[[6.979818,50.93374],[6.979768,50.933643],[6.979621,50.933673],[6.979626,50.933684],[6.979668,50.93377],[6.979818,50.93374]]]},"properties":{"id":"DENW37AL100063WL","h":14.3,"min_z":45.4,"max_z":59.7}},{"type":"Feature","id":"DENW37AL100064Zp","geometry":{"type":"Polygon","coordinates":[[[6.979977,50.93468],[6.979987,50.934709],[6.980064,50.934696],[6.980052,50.934668],[6.979977,50.93468]]]},"properties":{"id":"DENW37AL100064Zp","h":5.9,"min_z":44.1,"max_z":50.0}},{"type":"Feature","id":"DENW37AL100064KG","geometry":{"type":"Polygon","coordinates":[[[6.979546,50.934079],[6.979621,50.934064],[6.979586,50.933995],[6.979512,50.93401],[6.979546,50.934079]]]},"properties":{"id":"DENW37AL100064KG","h":11.1,"min_z":45.1,"max_z":56.2}},{"type":"Feature","id":"DENW37AL100064MK","geometry":{"type":"Polygon","coordinates":[[[6.989386,50.936353],[6.989378,50.936385],[6.989369,50.936385],[6.989342,50.936493],[6.98936,50.936515],[6.989565,50.936535],[6.989594,50.936421],[6.989535,50.936415],[6.989546,50.936369],[6.989386,50.936353]]]},"properties":{"id":"DENW37AL100064MK","h":18.9,"min_z":45.4,"max_z":64.3}},{"type":"Feature","id":"DENW37AL100063u3","geometry":{"type":"Polygon","coordinates":[[[6.982371,50.933526],[6.982341,50.933466],[6.982338,50.933467],[6.982326,50.933443],[6.982329,50.933443],[6.982326,50.933438],[6.982323,50.933438],[6.982211,50.933461],[6.982254,50.933547],[6.982256,50.93355],[6.982368,50.933526],[6.982371,50.933526]]]},"properties":{"id":"DENW37AL100063u3","h":13.3,"min_z":46.3,"max_z":59.5}},{"type":"Feature","id":"DENW37AL100064x1","geometry":{"type":"Polygon","coordinates":[[[6.981842,50.933903],[6.981838,50.933844],[6.981793,50.933845],[6.981797,50.933905],[6.981842,50.933903]]]},"properties":{"id":"DENW37AL100064x1","h":4.8,"min_z":44.1,"max_z":48.9}},{"type":"Feature","id":"DENW37ALfU0000LC","geometry":{"type":"Polygon","coordinates":[[[6.988973,50.933198],[6.989099,50.933209],[6.989113,50.933154],[6.988987,50.933141],[6.988973,50.933198]]]},"properties":{"id":"DENW37ALfU0000LC","h":5.0,"min_z":46.6,"max_z":51.6}},{"type":"Feature","id":"DENW37AL100066sP","geometry":{"type":"Polygon","coordinates":[[[6.991539,50.937344],[6.991799,50.937371],[6.991811,50.937324],[6.991551,50.937298],[6.991539,50.937344]]]},"properties":{"id":"DENW37AL100066sP","h":4.1,"min_z":46.4,"max_z":50.5}},{"type":"Feature","id":"DENW37AL100063TV","geometry":{"type":"Polygon","coordinates":[[[6.991333,50.936184],[6.991344,50.936233],[6.991616,50.936209],[6.991606,50.93616],[6.991333,50.936184]]]},"properties":{"id":"DENW37AL100063TV","h":2.6,"min_z":46.2,"max_z":48.8}},{"type":"Feature","id":"DENW37AL100066vl","geometry":{"type":"Polygon","coordinates":[[[6.985007,50.935881],[6.984999,50.935926],[6.985077,50.93593],[6.985156,50.935935],[6.985175,50.935845],[6.985095,50.93584],[6.984995,50.935834],[6.984988,50.93588],[6.985007,50.935881]]]},"properties":{"id":"DENW37AL100066vl","h":12.8,"min_z":43.7,"max_z":56.6}},{"type":"Feature","id":"DENW37AL100074Pk","geometry":{"type":"Polygon","coordinates":[[[6.979813,50.933949],[6.979821,50.933967],[6.979856,50.93396],[6.979851,50.933951],[6.979847,50.933942],[6.979813,50.933949]]]},"properties":{"id":"DENW37AL100074Pk","h":4.3,"min_z":45.7,"max_z":50.0}},{"type":"Feature","id":"DENW37AL100063sL","geometry":{"type":"Polygon","coordinates":[[[6.981483,50.934304],[6.98149,50.934364],[6.981504,50.934364],[6.981506,50.934403],[6.981599,50.934401],[6.981673,50.934399],[6.981667,50.934259],[6.98159,50.934262],[6.981497,50.934266],[6.9815,50.934303],[6.981483,50.934304]]]},"properties":{"id":"DENW37AL100063sL","h":11.6,"min_z":44.3,"max_z":55.9}},{"type":"Feature","id":"DENW37AL100064Vo","geometry":{"type":"Polygon","coordinates":[[[6.984431,50.936145],[6.98443,50.93614],[6.98443,50.936136],[6.98436,50.936139],[6.984278,50.936142],[6.984288,50.936236],[6.984368,50.936233],[6.984422,50.93623],[6.984437,50.93623],[6.984431,50.936145]]]},"properties":{"id":"DENW37AL100064Vo","h":12.5,"min_z":44.7,"max_z":57.2}},{"type":"Feature","id":"DENW37AL100068T7","geometry":{"type":"Polygon","coordinates":[[[6.993059,50.935486],[6.993102,50.935564],[6.993135,50.93556],[6.993161,50.935557],[6.993135,50.935476],[6.993059,50.935486]]]},"properties":{"id":"DENW37AL100068T7","h":2.9,"min_z":46.3,"max_z":49.2}},{"type":"Feature","id":"DENW37AL100065Eh","geometry":{"type":"Polygon","coordinates":[[[6.991324,50.936631],[6.99149,50.936623],[6.991613,50.936617],[6.9916,50.93652],[6.991596,50.93652],[6.991311,50.936534],[6.991324,50.936631]]]},"properties":{"id":"DENW37AL100065Eh","h":17.9,"min_z":46.1,"max_z":64.0}},{"type":"Feature","id":"DENW37AL100064DZ","geometry":{"type":"Polygon","coordinates":[[[6.98025,50.933993],[6.980261,50.934019],[6.980344,50.934006],[6.980333,50.933979],[6.98025,50.933993]]]},"properties":{"id":"DENW37AL100064DZ","h":2.4,"min_z":45.3,"max_z":47.7}},{"type":"Feature","id":"DENW37ALKu0000A6","geometry":{"type":"Polygon","coordinates":[[[6.993308,50.933285],[6.993324,50.933261],[6.993343,50.933232],[6.993432,50.933095],[6.993246,50.933047],[6.993108,50.933258],[6.993293,50.933307],[6.993308,50.933285]]]},"properties":{"id":"DENW37ALKu0000A6","h":15.0,"min_z":46.1,"max_z":61.1}},{"type":"Feature","id":"DENW37AL2Vs000CW","geometry":{"type":"Polygon","coordinates":[[[6.980867,50.933476],[6.980776,50.933494],[6.98079,50.933521],[6.980882,50.933503],[6.980867,50.933476]]]},"properties":{"id":"DENW37AL2Vs000CW","h":16.5,"min_z":44.6,"max_z":61.1}},{"type":"Feature","id":"DENW37AL2Ek0004c","geometry":{"type":"Polygon","coordinates":[[[6.979119,50.93456],[6.979118,50.934554],[6.979105,50.934556],[6.979097,50.934657],[6.979118,50.934655],[6.979124,50.934654],[6.979128,50.934587],[6.97914,50.934586],[6.979133,50.934558],[6.979119,50.93456]]]},"properties":{"id":"DENW37AL2Ek0004c","h":3.4,"min_z":45.0,"max_z":48.5}},{"type":"Feature","id":"DENW37AL100063f1","geometry":{"type":"Polygon","coordinates":[[[6.992929,50.934672],[6.992773,50.934706],[6.99302,50.935226],[6.993178,50.935196],[6.993112,50.935057],[6.992929,50.934672]]]},"properties":{"id":"DENW37AL100063f1","h":13.7,"min_z":47.6,"max_z":61.3}},{"type":"Feature","id":"DENW37AL100064Zw","geometry":{"type":"Polygon","coordinates":[[[6.982468,50.933445],[6.982504,50.933519],[6.982613,50.933497],[6.98261,50.93349],[6.982564,50.933398],[6.982517,50.933407],[6.98253,50.933433],[6.982468,50.933445]]]},"properties":{"id":"DENW37AL100064Zw","h":11.2,"min_z":45.5,"max_z":56.7}},{"type":"Feature","id":"DENW37AL100065Ic","geometry":{"type":"Polygon","coordinates":[[[6.983023,50.931013],[6.982993,50.930994],[6.982951,50.930998],[6.982948,50.930988],[6.982906,50.930992],[6.982929,50.931094],[6.982943,50.931092],[6.982978,50.931114],[6.98299,50.931105],[6.983022,50.931125],[6.98301,50.931133],[6.983023,50.931141],[6.983136,50.931066],[6.983034,50.931005],[6.983023,50.931013]]]},"properties":{"id":"DENW37AL100065Ic","h":16.4,"min_z":46.2,"max_z":62.6}},{"type":"Feature","id":"DENW37AL1000647N","geometry":{"type":"Polygon","coordinates":[[[6.989889,50.936171],[6.990104,50.936163],[6.990088,50.936065],[6.989901,50.936072],[6.989885,50.936073],[6.989889,50.936171]]]},"properties":{"id":"DENW37AL1000647N","h":16.1,"min_z":45.9,"max_z":62.0}},{"type":"Feature","id":"DENW37AL2Eq0009T","geometry":{"type":"Polygon","coordinates":[[[6.991806,50.936388],[6.991813,50.936438],[6.991819,50.936476],[6.991885,50.936473],[6.991872,50.936385],[6.991806,50.936388]]]},"properties":{"id":"DENW37AL2Eq0009T","h":2.9,"min_z":45.9,"max_z":48.7}},{"type":"Feature","id":"DENW37AL100074Y6","geometry":{"type":"Polygon","coordinates":[[[6.989155,50.938368],[6.989203,50.938376],[6.989212,50.938355],[6.989165,50.938346],[6.989155,50.938368]]]},"properties":{"id":"DENW37AL100074Y6","h":4.3,"min_z":45.3,"max_z":49.6}},{"type":"Feature","id":"DENW37AL100066F3","geometry":{"type":"Polygon","coordinates":[[[6.984816,50.938814],[6.98487,50.938809],[6.984895,50.938806],[6.984847,50.93909],[6.984833,50.939177],[6.98504,50.939154],[6.985143,50.938599],[6.985247,50.938035],[6.98523,50.938037],[6.985179,50.938042],[6.985164,50.938044],[6.985033,50.938057],[6.985018,50.938058],[6.984901,50.93807],[6.984877,50.938073],[6.984919,50.938237],[6.984925,50.938264],[6.98493,50.938291],[6.984935,50.938319],[6.984938,50.938347],[6.98494,50.938374],[6.984941,50.938402],[6.984941,50.93843],[6.984939,50.938457],[6.984937,50.938485],[6.984934,50.938512],[6.984909,50.938515],[6.984859,50.93852],[6.984861,50.93853],[6.984902,50.938526],[6.984908,50.938552],[6.984868,50.938556],[6.98487,50.938566],[6.98491,50.938562],[6.984924,50.938615],[6.984865,50.938621],[6.984868,50.938632],[6.984898,50.938629],[6.984914,50.938691],[6.984857,50.938697],[6.98486,50.938708],[6.984888,50.938705],[6.984902,50.938759],[6.984822,50.938767],[6.984816,50.938814]]]},"properties":{"id":"DENW37AL100066F3","h":6.0,"min_z":45.6,"max_z":51.6}},{"type":"Feature","id":"DENW37AL100063bm","geometry":{"type":"Polygon","coordinates":[[[6.991613,50.936617],[6.991764,50.936609],[6.991837,50.936605],[6.991825,50.936521],[6.991765,50.936524],[6.991764,50.936511],[6.991709,50.936514],[6.991711,50.936527],[6.99165,50.93653],[6.991649,50.936517],[6.9916,50.93652],[6.991613,50.936617]]]},"properties":{"id":"DENW37AL100063bm","h":17.7,"min_z":46.1,"max_z":63.8}},{"type":"Feature","id":"DENW37AL100065oe","geometry":{"type":"Polygon","coordinates":[[[6.98218,50.93437],[6.98218,50.934429],[6.982293,50.934428],[6.982293,50.934372],[6.982263,50.934373],[6.982263,50.934369],[6.98218,50.93437]]]},"properties":{"id":"DENW37AL100065oe","h":2.9,"min_z":45.8,"max_z":48.7}},{"type":"Feature","id":"DENW37AL2Et0008H","geometry":{"type":"Polygon","coordinates":[[[6.991652,50.937036],[6.991522,50.937068],[6.991557,50.937125],[6.991597,50.937115],[6.991588,50.937107],[6.9916,50.937105],[6.991612,50.937103],[6.991624,50.9371],[6.991636,50.937098],[6.991647,50.937095],[6.991658,50.937091],[6.991669,50.937088],[6.99168,50.937084],[6.991652,50.937036]]]},"properties":{"id":"DENW37AL2Et0008H","h":5.4,"min_z":46.3,"max_z":51.7}},{"type":"Feature","id":"DENW37AL1000655Z","geometry":{"type":"Polygon","coordinates":[[[6.978909,50.937524],[6.979176,50.937536],[6.979177,50.937531],[6.978909,50.937519],[6.978909,50.937519],[6.978909,50.937524]]]},"properties":{"id":"DENW37AL1000655Z","h":24.7,"min_z":45.4,"max_z":70.1}},{"type":"Feature","id":"DENW37AL100065MN","geometry":{"type":"Polygon","coordinates":[[[6.980616,50.934414],[6.980599,50.934381],[6.980585,50.934384],[6.98057,50.934355],[6.980502,50.934369],[6.980435,50.934384],[6.980442,50.934398],[6.980469,50.934448],[6.980537,50.934433],[6.980604,50.934419],[6.980603,50.934417],[6.980616,50.934414]]]},"properties":{"id":"DENW37AL100065MN","h":13.1,"min_z":44.7,"max_z":57.7}},{"type":"Feature","id":"DENW37AL100064jX","geometry":{"type":"Polygon","coordinates":[[[6.992132,50.931309],[6.992237,50.931405],[6.992346,50.931356],[6.992243,50.931261],[6.992132,50.931309]]]},"properties":{"id":"DENW37AL100064jX","h":17.1,"min_z":45.8,"max_z":62.9}},{"type":"Feature","id":"DENW37AL100063Pr","geometry":{"type":"Polygon","coordinates":[[[6.985928,50.935884],[6.986037,50.936012],[6.986104,50.935989],[6.985994,50.935862],[6.985928,50.935884]]]},"properties":{"id":"DENW37AL100063Pr","h":2.2,"min_z":43.5,"max_z":45.7}},{"type":"Feature","id":"DENW37AL100064wa","geometry":{"type":"Polygon","coordinates":[[[6.983811,50.936051],[6.983826,50.93608],[6.983897,50.936065],[6.983968,50.93605],[6.983952,50.936021],[6.983811,50.936051]]]},"properties":{"id":"DENW37AL100064wa","h":13.8,"min_z":44.1,"max_z":58.0}},{"type":"Feature","id":"DENW37AL100064XE","geometry":{"type":"Polygon","coordinates":[[[6.97957,50.931713],[6.979596,50.931742],[6.979704,50.931702],[6.979678,50.931673],[6.97957,50.931713]]]},"properties":{"id":"DENW37AL100064XE","h":18.5,"min_z":44.8,"max_z":63.3}},{"type":"Feature","id":"DENW37AL100065IY","geometry":{"type":"Polygon","coordinates":[[[6.979776,50.93327],[6.979852,50.933421],[6.980004,50.933391],[6.979929,50.93324],[6.979776,50.93327]]]},"properties":{"id":"DENW37AL100065IY","h":15.9,"min_z":45.3,"max_z":61.2}},{"type":"Feature","id":"DENW37AL1000660F","geometry":{"type":"Polygon","coordinates":[[[6.979431,50.936478],[6.979331,50.936474],[6.979307,50.936473],[6.979208,50.936469],[6.979194,50.936468],[6.97919,50.936522],[6.97919,50.936524],[6.979186,50.936576],[6.979438,50.936583],[6.979441,50.936533],[6.979441,50.93653],[6.979445,50.936478],[6.979431,50.936478]]]},"properties":{"id":"DENW37AL1000660F","h":17.4,"min_z":44.7,"max_z":62.2}},{"type":"Feature","id":"DENW37AL100064lK","geometry":{"type":"Polygon","coordinates":[[[6.979461,50.933171],[6.979662,50.933111],[6.979595,50.933019],[6.979394,50.93308],[6.979461,50.933171]]]},"properties":{"id":"DENW37AL100064lK","h":17.3,"min_z":44.9,"max_z":62.2}},{"type":"Feature","id":"DENW37AL100065XP","geometry":{"type":"Polygon","coordinates":[[[6.984979,50.93595],[6.984968,50.936009],[6.985063,50.936013],[6.985139,50.936017],[6.985156,50.935935],[6.985084,50.935931],[6.984999,50.935926],[6.984992,50.935951],[6.984979,50.93595]]]},"properties":{"id":"DENW37AL100065XP","h":13.0,"min_z":43.7,"max_z":56.7}},{"type":"Feature","id":"DENW37ALgC0000Hg","geometry":{"type":"Polygon","coordinates":[[[6.987809,50.936935],[6.987801,50.936965],[6.987848,50.936973],[6.98786,50.93694],[6.987832,50.936937],[6.987809,50.936935]]]},"properties":{"id":"DENW37ALgC0000Hg","h":3.5,"min_z":45.9,"max_z":49.4}},{"type":"Feature","id":"DENW37AL100064uM","geometry":{"type":"Polygon","coordinates":[[[6.98108,50.934418],[6.981054,50.934372],[6.981027,50.934378],[6.981052,50.934423],[6.98108,50.934418]]]},"properties":{"id":"DENW37AL100064uM","h":13.1,"min_z":44.3,"max_z":57.4}},{"type":"Feature","id":"DENW37AL100064eL","geometry":{"type":"Polygon","coordinates":[[[6.985502,50.938785],[6.985573,50.9388],[6.985573,50.938801],[6.985581,50.938802],[6.985664,50.938819],[6.985796,50.938558],[6.985714,50.938541],[6.985636,50.938525],[6.985521,50.938748],[6.985502,50.938785]]]},"properties":{"id":"DENW37AL100064eL","h":13.6,"min_z":45.4,"max_z":59.0}},{"type":"Feature","id":"DENW37AL100064Q2","geometry":{"type":"Polygon","coordinates":[[[6.982506,50.93458],[6.982494,50.93458],[6.982494,50.934609],[6.982494,50.93464],[6.982642,50.934639],[6.982642,50.934611],[6.982602,50.934611],[6.982602,50.934609],[6.982601,50.93458],[6.982584,50.93458],[6.982506,50.93458]]]},"properties":{"id":"DENW37AL100064Q2","h":10.2,"min_z":44.6,"max_z":54.8}},{"type":"Feature","id":"DENW37AL100063el","geometry":{"type":"Polygon","coordinates":[[[6.98113,50.934582],[6.981126,50.934583],[6.981053,50.934595],[6.981045,50.934596],[6.98099,50.934606],[6.981027,50.934695],[6.981039,50.934693],[6.98109,50.934683],[6.98116,50.93467],[6.981167,50.934669],[6.98113,50.934582]]]},"properties":{"id":"DENW37AL100063el","h":13.7,"min_z":44.0,"max_z":57.7}},{"type":"Feature","id":"DENW37AL2Et000FE","geometry":{"type":"Polygon","coordinates":[[[6.988484,50.933401],[6.988595,50.933411],[6.988924,50.933447],[6.989002,50.933454],[6.989033,50.933328],[6.989067,50.933331],[6.989099,50.933209],[6.988954,50.933196],[6.988769,50.933176],[6.988724,50.933172],[6.988544,50.933154],[6.988484,50.933401]]]},"properties":{"id":"DENW37AL2Et000FE","h":5.1,"min_z":46.6,"max_z":51.6}},{"type":"Feature","id":"DENW37AL100065mD","geometry":{"type":"Polygon","coordinates":[[[6.991732,50.931435],[6.991844,50.931531],[6.99195,50.931481],[6.991838,50.931385],[6.991732,50.931435]]]},"properties":{"id":"DENW37AL100065mD","h":16.9,"min_z":45.8,"max_z":62.7}},{"type":"Feature","id":"DENW37AL100066d0","geometry":{"type":"Polygon","coordinates":[[[6.981492,50.934077],[6.981502,50.934188],[6.981582,50.934185],[6.98164,50.934183],[6.981636,50.934142],[6.98166,50.934141],[6.981652,50.934053],[6.981543,50.934056],[6.981544,50.934071],[6.981521,50.934072],[6.98152,50.934057],[6.981514,50.934057],[6.981515,50.934076],[6.981492,50.934077]]]},"properties":{"id":"DENW37AL100066d0","h":11.2,"min_z":44.1,"max_z":55.3}},{"type":"Feature","id":"DENW37AL100065CE","geometry":{"type":"Polygon","coordinates":[[[6.988297,50.934942],[6.988452,50.934957],[6.988462,50.934916],[6.988308,50.9349],[6.988297,50.934942]]]},"properties":{"id":"DENW37AL100065CE","h":6.1,"min_z":46.6,"max_z":52.7}},{"type":"Feature","id":"DENW37AL100064JY","geometry":{"type":"Polygon","coordinates":[[[6.989218,50.930339],[6.989244,50.93036],[6.989231,50.930368],[6.989303,50.930425],[6.989316,50.930418],[6.989351,50.930446],[6.989473,50.930385],[6.989337,50.93028],[6.989218,50.930339]]]},"properties":{"id":"DENW37AL100064JY","h":12.7,"min_z":47.3,"max_z":60.0}},{"type":"Feature","id":"DENW37AL100066zA","geometry":{"type":"Polygon","coordinates":[[[6.985043,50.935753],[6.985192,50.935762],[6.985211,50.935764],[6.985215,50.935738],[6.98521,50.935738],[6.985219,50.935682],[6.985096,50.935675],[6.985057,50.935673],[6.985043,50.935753]]]},"properties":{"id":"DENW37AL100066zA","h":12.8,"min_z":43.8,"max_z":56.5}},{"type":"Feature","id":"DENW37AL1000656a","geometry":{"type":"Polygon","coordinates":[[[6.980938,50.934231],[6.980869,50.934245],[6.980807,50.934259],[6.980838,50.934318],[6.9809,50.934305],[6.98098,50.934288],[6.980949,50.934229],[6.980938,50.934231]]]},"properties":{"id":"DENW37AL1000656a","h":12.8,"min_z":44.6,"max_z":57.5}},{"type":"Feature","id":"DENW37AL100074Qc","geometry":{"type":"Polygon","coordinates":[[[6.981639,50.933679],[6.981652,50.933706],[6.981695,50.933697],[6.981686,50.93368],[6.981681,50.933671],[6.981639,50.933679]]]},"properties":{"id":"DENW37AL100074Qc","h":3.0,"min_z":43.8,"max_z":46.9}},{"type":"Feature","id":"DENW37AL100065Vm","geometry":{"type":"Polygon","coordinates":[[[6.991854,50.932539],[6.992028,50.932785],[6.992114,50.932762],[6.992266,50.932971],[6.992412,50.93293],[6.99226,50.932719],[6.992265,50.932718],[6.992238,50.93268],[6.992149,50.932706],[6.991999,50.932498],[6.991854,50.932539]]]},"properties":{"id":"DENW37AL100065Vm","h":13.2,"min_z":46.0,"max_z":59.2}},{"type":"Feature","id":"DENW37AL3tU00009","geometry":{"type":"Polygon","coordinates":[[[6.980068,50.933918],[6.980079,50.93394],[6.980086,50.933953],[6.98017,50.933936],[6.980153,50.933901],[6.980069,50.933918],[6.980068,50.933918]]]},"properties":{"id":"DENW37AL3tU00009","h":2.9,"min_z":45.5,"max_z":48.4}},{"type":"Feature","id":"DENW37AL100063zF","geometry":{"type":"Polygon","coordinates":[[[6.979371,50.935332],[6.979313,50.935343],[6.979318,50.935352],[6.979239,50.935367],[6.979235,50.935358],[6.979185,50.935368],[6.979189,50.935377],[6.979131,50.935387],[6.979152,50.935434],[6.979176,50.935485],[6.979185,50.935504],[6.97922,50.935497],[6.979211,50.935478],[6.979444,50.935435],[6.979452,50.935454],[6.979487,50.935447],[6.979477,50.935427],[6.979453,50.935377],[6.979431,50.935331],[6.979376,50.935342],[6.979371,50.935332]]]},"properties":{"id":"DENW37AL100063zF","h":18.2,"min_z":44.3,"max_z":62.5}},{"type":"Feature","id":"DENW37AL100066na","geometry":{"type":"Polygon","coordinates":[[[6.992699,50.93301],[6.992723,50.933046],[6.992785,50.93303],[6.992857,50.933011],[6.992762,50.932867],[6.992691,50.932886],[6.992621,50.932904],[6.992692,50.933012],[6.992699,50.93301]]]},"properties":{"id":"DENW37AL100066na","h":12.8,"min_z":46.1,"max_z":58.9}},{"type":"Feature","id":"DENW37AL10006yIm","geometry":{"type":"Polygon","coordinates":[[[6.988341,50.933142],[6.988375,50.933146],[6.988411,50.933003],[6.988392,50.933001],[6.988106,50.932973],[6.988073,50.933104],[6.98807,50.933116],[6.988203,50.933129],[6.988341,50.933142]]]},"properties":{"id":"DENW37AL10006yIm","h":13.2,"min_z":46.5,"max_z":59.7}},{"type":"Feature","id":"DENW37AL100064K3","geometry":{"type":"Polygon","coordinates":[[[6.980566,50.934323],[6.980554,50.934301],[6.980542,50.934303],[6.980526,50.934273],[6.980458,50.934288],[6.980391,50.934302],[6.980399,50.934318],[6.980425,50.934367],[6.980435,50.934384],[6.980502,50.934369],[6.98057,50.934355],[6.980554,50.934325],[6.980566,50.934323]]]},"properties":{"id":"DENW37AL100064K3","h":12.9,"min_z":44.6,"max_z":57.5}},{"type":"Feature","id":"DENW37AL100062oA","geometry":{"type":"Polygon","coordinates":[[[6.979954,50.932353],[6.980042,50.932326],[6.980082,50.932314],[6.980171,50.932288],[6.979924,50.931956],[6.979707,50.932021],[6.979954,50.932353]]]},"properties":{"id":"DENW37AL100062oA","h":17.0,"min_z":44.5,"max_z":61.5}},{"type":"Feature","id":"DENW37AL100063oe","geometry":{"type":"Polygon","coordinates":[[[6.979249,50.937965],[6.979263,50.937975],[6.979285,50.937961],[6.979271,50.937952],[6.979249,50.937965]]]},"properties":{"id":"DENW37AL100063oe","h":16.3,"min_z":46.0,"max_z":62.3}},{"type":"Feature","id":"DENW37AL100074ML","geometry":{"type":"Polygon","coordinates":[[[6.982573,50.933385],[6.982578,50.933395],[6.982601,50.93339],[6.982596,50.93338],[6.982573,50.933385]]]},"properties":{"id":"DENW37AL100074ML","h":11.2,"min_z":45.7,"max_z":57.0}},{"type":"Feature","id":"DENW37AL100068Ig","geometry":{"type":"Polygon","coordinates":[[[6.980869,50.934403],[6.98088,50.934401],[6.980865,50.934371],[6.980854,50.934374],[6.980869,50.934403]]]},"properties":{"id":"DENW37AL100068Ig","h":13.3,"min_z":44.5,"max_z":57.8}},{"type":"Feature","id":"DENW37AL100066ee","geometry":{"type":"Polygon","coordinates":[[[6.979695,50.934049],[6.979697,50.934049],[6.979769,50.934035],[6.979735,50.933965],[6.97966,50.93398],[6.979695,50.934049]]]},"properties":{"id":"DENW37AL100066ee","h":10.0,"min_z":45.5,"max_z":55.4}},{"type":"Feature","id":"DENW37AL100064b4","geometry":{"type":"Polygon","coordinates":[[[6.990191,50.931228],[6.990319,50.931179],[6.990319,50.931179],[6.990365,50.931162],[6.990287,50.931082],[6.990086,50.931158],[6.990164,50.931238],[6.990191,50.931228],[6.990191,50.931228]]]},"properties":{"id":"DENW37AL100064b4","h":12.9,"min_z":47.3,"max_z":60.1}},{"type":"Feature","id":"DENW37AL1000654G","geometry":{"type":"Polygon","coordinates":[[[6.979242,50.933777],[6.979233,50.933759],[6.979202,50.933765],[6.979211,50.933783],[6.979242,50.933777]]]},"properties":{"id":"DENW37AL1000654G","h":15.0,"min_z":45.4,"max_z":60.4}},{"type":"Feature","id":"DENW37AL10006yDi","geometry":{"type":"Polygon","coordinates":[[[6.990652,50.938676],[6.990696,50.938678],[6.990697,50.938668],[6.990653,50.938666],[6.990652,50.938676]]]},"properties":{"id":"DENW37AL10006yDi","h":2.4,"min_z":45.6,"max_z":48.0}},{"type":"Feature","id":"DENW37AL100063jB","geometry":{"type":"Polygon","coordinates":[[[6.985513,50.938211],[6.985494,50.938254],[6.985603,50.938273],[6.985622,50.93823],[6.985513,50.938211]]]},"properties":{"id":"DENW37AL100063jB","h":14.6,"min_z":45.5,"max_z":60.1}},{"type":"Feature","id":"DENW37AL100074er","geometry":{"type":"Polygon","coordinates":[[[6.983145,50.932397],[6.983153,50.932381],[6.983033,50.932359],[6.983026,50.932376],[6.983145,50.932397]]]},"properties":{"id":"DENW37AL100074er","h":2.5,"min_z":46.7,"max_z":49.3}},{"type":"Feature","id":"DENW37AL100074RE","geometry":{"type":"Polygon","coordinates":[[[6.979806,50.937435],[6.979816,50.937435],[6.97982,50.937389],[6.979771,50.937404],[6.979769,50.937433],[6.979806,50.937435]]]},"properties":{"id":"DENW37AL100074RE","h":4.1,"min_z":45.5,"max_z":49.5}},{"type":"Feature","id":"DENW37AL10006yGh","geometry":{"type":"Polygon","coordinates":[[[6.97983,50.936122],[6.979829,50.936127],[6.980255,50.936149],[6.980256,50.93614],[6.97983,50.936122]]]},"properties":{"id":"DENW37AL10006yGh","h":2.8,"min_z":45.5,"max_z":48.3}},{"type":"Feature","id":"DENW37AL100065pj","geometry":{"type":"Polygon","coordinates":[[[6.979834,50.934881],[6.979835,50.934884],[6.979842,50.934883],[6.979863,50.934947],[6.979876,50.934945],[6.979876,50.934946],[6.97995,50.934936],[6.979928,50.934868],[6.979915,50.93487],[6.979915,50.934869],[6.979834,50.934881]]]},"properties":{"id":"DENW37AL100065pj","h":9.8,"min_z":43.7,"max_z":53.5}},{"type":"Feature","id":"DENW37AL100063m2","geometry":{"type":"Polygon","coordinates":[[[6.980279,50.934846],[6.980131,50.934883],[6.98008,50.934896],[6.980121,50.93496],[6.980143,50.934996],[6.980342,50.934946],[6.980279,50.934846]]]},"properties":{"id":"DENW37AL100063m2","h":18.4,"min_z":43.7,"max_z":62.1}},{"type":"Feature","id":"DENW37AL100063Wg","geometry":{"type":"Polygon","coordinates":[[[6.982815,50.936767],[6.982817,50.936882],[6.982911,50.936881],[6.98291,50.936771],[6.982815,50.936767]]]},"properties":{"id":"DENW37AL100063Wg","h":3.0,"min_z":45.8,"max_z":48.7}},{"type":"Feature","id":"DENW37AL1000662F","geometry":{"type":"Polygon","coordinates":[[[6.981026,50.933792],[6.981101,50.933777],[6.981063,50.933702],[6.980988,50.933717],[6.981026,50.933792]]]},"properties":{"id":"DENW37AL1000662F","h":10.9,"min_z":44.5,"max_z":55.4}},{"type":"Feature","id":"DENW37AL1000657E","geometry":{"type":"Polygon","coordinates":[[[6.984799,50.936595],[6.984886,50.936697],[6.985324,50.936549],[6.985237,50.936446],[6.984799,50.936595]]]},"properties":{"id":"DENW37AL1000657E","h":16.7,"min_z":45.0,"max_z":61.7}},{"type":"Feature","id":"DENW37AL1000664n","geometry":{"type":"Polygon","coordinates":[[[6.979987,50.934709],[6.979996,50.934737],[6.980077,50.934727],[6.980064,50.934696],[6.979987,50.934709]]]},"properties":{"id":"DENW37AL1000664n","h":4.8,"min_z":43.7,"max_z":48.5}},{"type":"Feature","id":"DENW37AL100066NU","geometry":{"type":"Polygon","coordinates":[[[6.982467,50.932399],[6.982498,50.932386],[6.982477,50.932367],[6.982447,50.93238],[6.982467,50.932399]]]},"properties":{"id":"DENW37AL100066NU","h":17.4,"min_z":46.4,"max_z":63.9}},{"type":"Feature","id":"DENW37AL100064H5","geometry":{"type":"Polygon","coordinates":[[[6.981909,50.934418],[6.981907,50.934418],[6.981909,50.934451],[6.981901,50.934451],[6.981902,50.934456],[6.981902,50.934463],[6.981912,50.934462],[6.981915,50.934499],[6.9821,50.934494],[6.982097,50.934452],[6.982094,50.934415],[6.981987,50.934417],[6.981909,50.934418]]]},"properties":{"id":"DENW37AL100064H5","h":11.2,"min_z":44.1,"max_z":55.3}},{"type":"Feature","id":"DENW37AL100063jt","geometry":{"type":"Polygon","coordinates":[[[6.987412,50.938415],[6.987421,50.938369],[6.987284,50.938358],[6.987275,50.938403],[6.987275,50.938403],[6.987412,50.938415]]]},"properties":{"id":"DENW37AL100063jt","h":26.7,"min_z":44.3,"max_z":71.0}},{"type":"Feature","id":"DENW37ALgC0000HM","geometry":{"type":"Polygon","coordinates":[[[6.986189,50.935085],[6.986334,50.935119],[6.986371,50.935056],[6.98624,50.935011],[6.986189,50.935085]]]},"properties":{"id":"DENW37ALgC0000HM","h":2.5,"min_z":44.7,"max_z":47.3}},{"type":"Feature","id":"DENW37AL100074Zf","geometry":{"type":"Polygon","coordinates":[[[6.979781,50.937753],[6.979617,50.937746],[6.979616,50.937762],[6.979802,50.93777],[6.979826,50.937553],[6.979803,50.937552],[6.979781,50.937753]]]},"properties":{"id":"DENW37AL100074Zf","h":22.5,"min_z":45.5,"max_z":68.0}},{"type":"Feature","id":"DENW37AL100065BO","geometry":{"type":"Polygon","coordinates":[[[6.981861,50.935429],[6.981862,50.935475],[6.981869,50.935475],[6.98213,50.935473],[6.98213,50.935432],[6.982133,50.935432],[6.982133,50.935427],[6.981861,50.935429]]]},"properties":{"id":"DENW37AL100065BO","h":5.5,"min_z":46.2,"max_z":51.7}},{"type":"Feature","id":"DENW37AL100074bB","geometry":{"type":"Polygon","coordinates":[[[6.981307,50.932638],[6.981319,50.932656],[6.981376,50.932639],[6.981363,50.932622],[6.981307,50.932638]]]},"properties":{"id":"DENW37AL100074bB","h":3.6,"min_z":45.3,"max_z":48.9}},{"type":"Feature","id":"DENW37AL10006yI2","geometry":{"type":"Polygon","coordinates":[[[6.990366,50.936441],[6.990433,50.936448],[6.990447,50.936237],[6.990385,50.936234],[6.990366,50.936441]]]},"properties":{"id":"DENW37AL10006yI2","h":4.3,"min_z":45.6,"max_z":49.9}},{"type":"Feature","id":"DENW37AL100066Qu","geometry":{"type":"Polygon","coordinates":[[[6.982341,50.934137],[6.982381,50.934136],[6.982402,50.934125],[6.982402,50.934114],[6.982393,50.934114],[6.982341,50.934114],[6.98234,50.934114],[6.982341,50.934137]]]},"properties":{"id":"DENW37AL100066Qu","h":8.5,"min_z":45.7,"max_z":54.2}},{"type":"Feature","id":"DENW37AL2Et0008I","geometry":{"type":"Polygon","coordinates":[[[6.991931,50.937109],[6.991826,50.937055],[6.991778,50.937095],[6.991786,50.937101],[6.991795,50.937106],[6.991804,50.937112],[6.991813,50.937117],[6.991823,50.937122],[6.991833,50.937127],[6.991843,50.937131],[6.991853,50.937135],[6.991848,50.937138],[6.991842,50.93714],[6.991872,50.937156],[6.991931,50.937109]]]},"properties":{"id":"DENW37AL2Et0008I","h":5.5,"min_z":46.2,"max_z":51.7}},{"type":"Feature","id":"DENW37AL100065uJ","geometry":{"type":"Polygon","coordinates":[[[6.981138,50.933687],[6.981176,50.933762],[6.981185,50.933779],[6.981259,50.933764],[6.981212,50.933672],[6.981138,50.933687]]]},"properties":{"id":"DENW37AL100065uJ","h":11.4,"min_z":44.3,"max_z":55.7}},{"type":"Feature","id":"DENW37AL100064uF","geometry":{"type":"Polygon","coordinates":[[[6.97958,50.936478],[6.979527,50.936476],[6.979527,50.936481],[6.979445,50.936478],[6.979441,50.93653],[6.979441,50.936532],[6.979438,50.936583],[6.979437,50.936586],[6.979644,50.936595],[6.979648,50.93654],[6.979652,50.936485],[6.97958,50.936483],[6.97958,50.936478]]]},"properties":{"id":"DENW37AL100064uF","h":17.4,"min_z":44.7,"max_z":62.1}},{"type":"Feature","id":"DENW37AL100065gg","geometry":{"type":"Polygon","coordinates":[[[6.985575,50.933584],[6.984646,50.933498],[6.984605,50.933675],[6.985465,50.933753],[6.985406,50.934014],[6.985477,50.93402],[6.985544,50.933722],[6.985575,50.933584]]]},"properties":{"id":"DENW37AL100065gg","h":4.1,"min_z":46.6,"max_z":50.7}},{"type":"Feature","id":"DENW37AL100065tk","geometry":{"type":"Polygon","coordinates":[[[6.985952,50.93611],[6.985989,50.936154],[6.986022,50.936193],[6.986023,50.936193],[6.986212,50.936131],[6.986141,50.936044],[6.985952,50.93611]]]},"properties":{"id":"DENW37AL100065tk","h":6.6,"min_z":43.5,"max_z":50.1}},{"type":"Feature","id":"DENW37AL100065Iw","geometry":{"type":"Polygon","coordinates":[[[6.979994,50.934738],[6.980002,50.934763],[6.980086,50.934753],[6.980077,50.934727],[6.979994,50.934738]]]},"properties":{"id":"DENW37AL100065Iw","h":5.3,"min_z":43.3,"max_z":48.6}},{"type":"Feature","id":"DENW37AL100063P9","geometry":{"type":"Polygon","coordinates":[[[6.982821,50.936887],[6.982815,50.936887],[6.982816,50.936908],[6.982837,50.936923],[6.982838,50.936951],[6.982873,50.936975],[6.982913,50.936975],[6.982912,50.936955],[6.982911,50.936887],[6.982821,50.936887]]]},"properties":{"id":"DENW37AL100063P9","h":3.0,"min_z":45.8,"max_z":48.8}},{"type":"Feature","id":"DENW37AL100064qk","geometry":{"type":"Polygon","coordinates":[[[6.982423,50.933931],[6.982423,50.934003],[6.982461,50.934003],[6.98248,50.934003],[6.982478,50.933931],[6.982423,50.933931]]]},"properties":{"id":"DENW37AL100064qk","h":2.5,"min_z":45.8,"max_z":48.3}},{"type":"Feature","id":"DENW37AL100065ys","geometry":{"type":"Polygon","coordinates":[[[6.982443,50.934961],[6.982325,50.934962],[6.982325,50.934972],[6.982381,50.934972],[6.982381,50.934994],[6.982443,50.934993],[6.982443,50.934971],[6.982443,50.934961]]]},"properties":{"id":"DENW37AL100065ys","h":9.3,"min_z":46.2,"max_z":55.6}},{"type":"Feature","id":"DENW37AL100066Tr","geometry":{"type":"Polygon","coordinates":[[[6.982909,50.936181],[6.982905,50.936461],[6.982977,50.936461],[6.983109,50.936461],[6.983104,50.936182],[6.982909,50.936181]]]},"properties":{"id":"DENW37AL100066Tr","h":6.6,"min_z":45.5,"max_z":52.1}},{"type":"Feature","id":"DENW37AL100066a2","geometry":{"type":"Polygon","coordinates":[[[6.982911,50.936051],[6.982909,50.936181],[6.983104,50.936182],[6.983108,50.936181],[6.983115,50.936051],[6.982911,50.936051]]]},"properties":{"id":"DENW37AL100066a2","h":6.6,"min_z":45.4,"max_z":52.1}},{"type":"Feature","id":"DENW37AL100065aN","geometry":{"type":"Polygon","coordinates":[[[6.989819,50.936257],[6.989813,50.936279],[6.98979,50.936276],[6.989752,50.936436],[6.989852,50.936445],[6.989886,50.936295],[6.989887,50.936289],[6.989893,50.936263],[6.989878,50.936262],[6.989819,50.936257]]]},"properties":{"id":"DENW37AL100065aN","h":4.5,"min_z":45.4,"max_z":49.9}},{"type":"Feature","id":"DENW37AL100074YA","geometry":{"type":"Polygon","coordinates":[[[6.991205,50.937368],[6.991198,50.937395],[6.991286,50.937404],[6.991289,50.937404],[6.991296,50.937378],[6.991205,50.937368]]]},"properties":{"id":"DENW37AL100074YA","h":5.3,"min_z":46.3,"max_z":51.6}},{"type":"Feature","id":"DENW37AL1000651a","geometry":{"type":"Polygon","coordinates":[[[6.983828,50.936825],[6.983833,50.936847],[6.983859,50.936964],[6.983862,50.936976],[6.983865,50.936975],[6.98388,50.93697],[6.983894,50.936963],[6.983895,50.936962],[6.983894,50.936956],[6.983864,50.936821],[6.983828,50.936825]]]},"properties":{"id":"DENW37AL1000651a","h":21.8,"min_z":44.8,"max_z":66.7}},{"type":"Feature","id":"DENW37AL100064TZ","geometry":{"type":"Polygon","coordinates":[[[6.979361,50.935078],[6.979227,50.935093],[6.979215,50.935094],[6.979212,50.935094],[6.97922,50.935132],[6.979232,50.935131],[6.97925,50.935172],[6.979382,50.935149],[6.979368,50.935103],[6.979368,50.935102],[6.979361,50.935078]]]},"properties":{"id":"DENW37AL100064TZ","h":17.5,"min_z":44.2,"max_z":61.7}},{"type":"Feature","id":"DENW37AL100063az","geometry":{"type":"Polygon","coordinates":[[[6.992824,50.930928],[6.992914,50.93103],[6.993026,50.930987],[6.992934,50.930885],[6.992824,50.930928]]]},"properties":{"id":"DENW37AL100063az","h":17.3,"min_z":45.2,"max_z":62.6}},{"type":"Feature","id":"DENW37AL100063RL","geometry":{"type":"Polygon","coordinates":[[[6.979326,50.933211],[6.979461,50.933171],[6.979394,50.93308],[6.979257,50.933122],[6.979326,50.933211]]]},"properties":{"id":"DENW37AL100063RL","h":16.9,"min_z":45.2,"max_z":62.1}},{"type":"Feature","id":"DENW37AL100161gf","geometry":{"type":"Polygon","coordinates":[[[6.982287,50.936473],[6.982333,50.936488],[6.98237,50.936442],[6.982324,50.936427],[6.982287,50.936473]]]},"properties":{"id":"DENW37AL100161gf","h":3.0,"min_z":46.1,"max_z":49.1}},{"type":"Feature","id":"DENW37AL100064Vj","geometry":{"type":"Polygon","coordinates":[[[6.979768,50.933643],[6.979792,50.93369],[6.979818,50.93374],[6.979961,50.933711],[6.979937,50.933661],[6.979924,50.933634],[6.979914,50.933614],[6.979768,50.933643]]]},"properties":{"id":"DENW37AL100064Vj","h":16.2,"min_z":44.9,"max_z":61.1}},{"type":"Feature","id":"DENW37AL100064t6","geometry":{"type":"Polygon","coordinates":[[[6.984545,50.933936],[6.985406,50.934014],[6.985465,50.933753],[6.984605,50.933675],[6.984545,50.933936]]]},"properties":{"id":"DENW37AL100064t6","h":9.2,"min_z":46.7,"max_z":55.9}},{"type":"Feature","id":"DENW37AL100064RF","geometry":{"type":"Polygon","coordinates":[[[6.982811,50.931576],[6.982892,50.931591],[6.982894,50.931587],[6.982888,50.931586],[6.982897,50.931567],[6.982902,50.931568],[6.982937,50.931491],[6.982856,50.931477],[6.982784,50.931464],[6.982739,50.931563],[6.982811,50.931576]]]},"properties":{"id":"DENW37AL100064RF","h":15.9,"min_z":46.4,"max_z":62.3}},{"type":"Feature","id":"DENW37AL100065NU","geometry":{"type":"Polygon","coordinates":[[[6.989419,50.93622],[6.989386,50.936353],[6.989546,50.936369],[6.989578,50.936235],[6.989574,50.936234],[6.989419,50.93622]]]},"properties":{"id":"DENW37AL100065NU","h":16.0,"min_z":45.6,"max_z":61.6}},{"type":"Feature","id":"DENW37AL100065Qf","geometry":{"type":"Polygon","coordinates":[[[6.981326,50.936672],[6.981318,50.936673],[6.981301,50.936676],[6.981284,50.936696],[6.98136,50.936721],[6.981436,50.936746],[6.981531,50.936628],[6.981396,50.936587],[6.98136,50.936631],[6.981333,50.936664],[6.981328,50.93667],[6.981326,50.936672]]]},"properties":{"id":"DENW37AL100065Qf","h":19.4,"min_z":45.2,"max_z":64.6}},{"type":"Feature","id":"DENW37AL100064vY","geometry":{"type":"Polygon","coordinates":[[[6.982841,50.937211],[6.982916,50.937214],[6.982915,50.937119],[6.982914,50.937106],[6.982851,50.937104],[6.982841,50.937211]]]},"properties":{"id":"DENW37AL100064vY","h":17.2,"min_z":45.7,"max_z":62.8}},{"type":"Feature","id":"DENW37AL100065Qz","geometry":{"type":"Polygon","coordinates":[[[6.991296,50.937378],[6.991289,50.937404],[6.991286,50.937404],[6.991198,50.937395],[6.991179,50.937466],[6.991496,50.937498],[6.991496,50.937498],[6.991521,50.937401],[6.991296,50.937378]]]},"properties":{"id":"DENW37AL100065Qz","h":5.3,"min_z":46.3,"max_z":51.6}},{"type":"Feature","id":"DENW37AL100064rd","geometry":{"type":"Polygon","coordinates":[[[6.987934,50.933931],[6.987919,50.93393],[6.987642,50.933903],[6.987642,50.933903],[6.987598,50.933898],[6.987561,50.933895],[6.987554,50.933918],[6.987587,50.933945],[6.987609,50.933964],[6.987918,50.933995],[6.987934,50.933931]]]},"properties":{"id":"DENW37AL100064rd","h":53.9,"min_z":46.5,"max_z":100.3}},{"type":"Feature","id":"DENW37AL100063wl","geometry":{"type":"Polygon","coordinates":[[[6.986791,50.938813],[6.986909,50.938276],[6.986482,50.938203],[6.986441,50.938389],[6.986408,50.938541],[6.986357,50.938771],[6.986791,50.938813]]]},"properties":{"id":"DENW37AL100063wl","h":6.3,"min_z":45.1,"max_z":51.4}},{"type":"Feature","id":"DENW37AL100066LO","geometry":{"type":"Polygon","coordinates":[[[6.979608,50.932134],[6.979432,50.932204],[6.979399,50.932217],[6.97942,50.932238],[6.979437,50.932231],[6.979531,50.932194],[6.979629,50.932156],[6.979608,50.932134]]]},"properties":{"id":"DENW37AL100066LO","h":15.0,"min_z":44.6,"max_z":59.6}},{"type":"Feature","id":"DENW37AL100064SQ","geometry":{"type":"Polygon","coordinates":[[[6.979522,50.9338],[6.979668,50.93377],[6.979626,50.933684],[6.97948,50.933712],[6.979522,50.9338]]]},"properties":{"id":"DENW37AL100064SQ","h":14.3,"min_z":45.5,"max_z":59.8}},{"type":"Feature","id":"DENW37AL100064uH","geometry":{"type":"Polygon","coordinates":[[[6.979531,50.932194],[6.979437,50.932231],[6.979474,50.932268],[6.979663,50.932458],[6.979757,50.932421],[6.979694,50.932357],[6.979531,50.932194]]]},"properties":{"id":"DENW37AL100064uH","h":14.1,"min_z":45.0,"max_z":59.1}},{"type":"Feature","id":"DENW37AL100064SZ","geometry":{"type":"Polygon","coordinates":[[[6.981441,50.934559],[6.981444,50.934589],[6.981518,50.934587],[6.981515,50.934557],[6.981441,50.934559]]]},"properties":{"id":"DENW37AL100064SZ","h":11.7,"min_z":44.1,"max_z":55.8}},{"type":"Feature","id":"DENW37AL10006yG8","geometry":{"type":"Polygon","coordinates":[[[6.988579,50.934273],[6.988692,50.934284],[6.988701,50.934245],[6.988588,50.934234],[6.988579,50.934273]]]},"properties":{"id":"DENW37AL10006yG8","h":5.6,"min_z":46.6,"max_z":52.2}},{"type":"Feature","id":"DENW37AL100063m4","geometry":{"type":"Polygon","coordinates":[[[6.990524,50.930352],[6.990577,50.930407],[6.990601,50.930431],[6.990611,50.930427],[6.990588,50.930403],[6.990535,50.930348],[6.990505,50.930317],[6.990495,50.930321],[6.990524,50.930352]]]},"properties":{"id":"DENW37AL100063m4","h":12.7,"min_z":47.4,"max_z":60.2}},{"type":"Feature","id":"DENW37AL1000656s","geometry":{"type":"Polygon","coordinates":[[[6.990616,50.936903],[6.990527,50.93725],[6.990527,50.937253],[6.990709,50.937272],[6.99071,50.937268],[6.990729,50.937196],[6.990727,50.937196],[6.990702,50.937194],[6.990688,50.937249],[6.990562,50.937236],[6.990639,50.936934],[6.990765,50.936946],[6.990753,50.936994],[6.990777,50.936997],[6.990779,50.936997],[6.990798,50.936923],[6.990798,50.936922],[6.990616,50.936903]]]},"properties":{"id":"DENW37AL1000656s","h":24.9,"min_z":44.9,"max_z":69.8}},{"type":"Feature","id":"DENW37AL100065H3","geometry":{"type":"Polygon","coordinates":[[[6.98529,50.935269],[6.98532,50.935276],[6.985467,50.935065],[6.985433,50.935057],[6.98529,50.935269]]]},"properties":{"id":"DENW37AL100065H3","h":13.3,"min_z":44.6,"max_z":57.9}},{"type":"Feature","id":"DENW37AL100064vE","geometry":{"type":"Polygon","coordinates":[[[6.989964,50.931214],[6.990049,50.931282],[6.990164,50.931238],[6.990086,50.931158],[6.990065,50.931141],[6.989947,50.9312],[6.989964,50.931214]]]},"properties":{"id":"DENW37AL100064vE","h":12.9,"min_z":47.3,"max_z":60.2}},{"type":"Feature","id":"DENW37AL100064Ja","geometry":{"type":"Polygon","coordinates":[[[6.980709,50.931323],[6.980779,50.931399],[6.980946,50.931334],[6.98096,50.931328],[6.980883,50.931254],[6.980709,50.931323]]]},"properties":{"id":"DENW37AL100064Ja","h":12.7,"min_z":46.2,"max_z":58.9}},{"type":"Feature","id":"DENW37AL10017eYQ","geometry":{"type":"Polygon","coordinates":[[[6.990597,50.936465],[6.990646,50.936469],[6.990648,50.936455],[6.990673,50.936246],[6.990617,50.936244],[6.990597,50.936465]]]},"properties":{"id":"DENW37AL10017eYQ","h":4.9,"min_z":45.6,"max_z":50.5}},{"type":"Feature","id":"DENW37AL100065SV","geometry":{"type":"Polygon","coordinates":[[[6.980364,50.934325],[6.98039,50.934375],[6.980425,50.934367],[6.980399,50.934318],[6.980364,50.934325]]]},"properties":{"id":"DENW37AL100065SV","h":2.6,"min_z":44.6,"max_z":47.2}},{"type":"Feature","id":"DENW37AL100065Qk","geometry":{"type":"Polygon","coordinates":[[[6.992962,50.935882],[6.992988,50.935969],[6.993414,50.935915],[6.993386,50.935828],[6.993379,50.935829],[6.992962,50.935882]]]},"properties":{"id":"DENW37AL100065Qk","h":11.0,"min_z":46.6,"max_z":57.6}},{"type":"Feature","id":"DENW37AL100064BF","geometry":{"type":"Polygon","coordinates":[[[6.983196,50.937094],[6.983094,50.937103],[6.983115,50.937197],[6.983196,50.93719],[6.983196,50.937094]]]},"properties":{"id":"DENW37AL100064BF","h":18.6,"min_z":45.2,"max_z":63.8}},{"type":"Feature","id":"DENW37AL100066ot","geometry":{"type":"Polygon","coordinates":[[[6.982428,50.933195],[6.982513,50.933178],[6.982472,50.933094],[6.982468,50.933086],[6.982386,50.933102],[6.982282,50.933123],[6.982327,50.933215],[6.982428,50.933195]]]},"properties":{"id":"DENW37AL100066ot","h":16.0,"min_z":44.7,"max_z":60.7}},{"type":"Feature","id":"DENW37AL100065pP","geometry":{"type":"Polygon","coordinates":[[[6.98194,50.930595],[6.98195,50.930605],[6.982016,50.930668],[6.982046,50.930655],[6.981969,50.930583],[6.98194,50.930595]]]},"properties":{"id":"DENW37AL100065pP","h":14.4,"min_z":47.0,"max_z":61.5}},{"type":"Feature","id":"DENW37AL100074Yu","geometry":{"type":"Polygon","coordinates":[[[6.98247,50.934802],[6.982518,50.934802],[6.982519,50.934739],[6.98247,50.934739],[6.98247,50.934802]]]},"properties":{"id":"DENW37AL100074Yu","h":7.5,"min_z":46.1,"max_z":53.6}},{"type":"Feature","id":"DENW37AL100063Qh","geometry":{"type":"Polygon","coordinates":[[[6.991302,50.935265],[6.991161,50.935312],[6.991349,50.935515],[6.991365,50.93551],[6.991408,50.935495],[6.991438,50.935528],[6.991525,50.935496],[6.991496,50.935463],[6.991488,50.935466],[6.991302,50.935265]]]},"properties":{"id":"DENW37AL100063Qh","h":12.8,"min_z":46.3,"max_z":59.1}},{"type":"Feature","id":"DENW37AL100065mZ","geometry":{"type":"Polygon","coordinates":[[[6.985962,50.933976],[6.98623,50.933955],[6.986212,50.933861],[6.985944,50.933882],[6.985962,50.933976]]]},"properties":{"id":"DENW37AL100065mZ","h":3.7,"min_z":44.4,"max_z":48.1}},{"type":"Feature","id":"DENW37AL100074dq","geometry":{"type":"Polygon","coordinates":[[[6.98272,50.933355],[6.982725,50.933366],[6.982759,50.933359],[6.982754,50.933348],[6.98272,50.933355]]]},"properties":{"id":"DENW37AL100074dq","h":4.5,"min_z":46.6,"max_z":51.1}},{"type":"Feature","id":"DENW37AL2L0000FH","geometry":{"type":"Polygon","coordinates":[[[6.987088,50.938766],[6.987085,50.938777],[6.987307,50.938796],[6.98731,50.938784],[6.987171,50.938773],[6.987088,50.938766]]]},"properties":{"id":"DENW37AL2L0000FH","h":16.1,"min_z":44.5,"max_z":60.5}},{"type":"Feature","id":"DENW37AL100074Rn","geometry":{"type":"Polygon","coordinates":[[[6.984671,50.936638],[6.984732,50.936617],[6.984799,50.936595],[6.985212,50.936455],[6.985201,50.936442],[6.984661,50.936626],[6.984671,50.936638]]]},"properties":{"id":"DENW37AL100074Rn","h":38.0,"min_z":45.1,"max_z":83.2}},{"type":"Feature","id":"DENW37AL100066ca","geometry":{"type":"Polygon","coordinates":[[[6.983831,50.935945],[6.983902,50.93595],[6.983904,50.935936],[6.983833,50.935932],[6.983831,50.935945]]]},"properties":{"id":"DENW37AL100066ca","h":15.2,"min_z":44.1,"max_z":59.2}},{"type":"Feature","id":"DENW37AL100064R5","geometry":{"type":"Polygon","coordinates":[[[6.981045,50.932788],[6.981088,50.932845],[6.981162,50.932823],[6.981174,50.932819],[6.981131,50.932762],[6.981045,50.932788]]]},"properties":{"id":"DENW37AL100064R5","h":14.3,"min_z":43.2,"max_z":57.5}},{"type":"Feature","id":"DENW37AL100063MO","geometry":{"type":"Polygon","coordinates":[[[6.984399,50.938122],[6.984428,50.938235],[6.984638,50.938214],[6.984621,50.938146],[6.984609,50.9381],[6.984399,50.938122]]]},"properties":{"id":"DENW37AL100063MO","h":50.5,"min_z":46.3,"max_z":96.8}},{"type":"Feature","id":"DENWAT01D000A8To","geometry":{"type":"Polygon","coordinates":[[[6.984823,50.933323],[6.98479,50.933316],[6.984773,50.93335],[6.984823,50.933323]]]},"properties":{"id":"DENWAT01D000A8To","h":2.0,"min_z":48.9,"max_z":51.0}},{"type":"Feature","id":"DENWAT01D000A9Pn","geometry":{"type":"Polygon","coordinates":[[[6.987877,50.934793],[6.98783,50.934759],[6.987821,50.934785],[6.987877,50.934793]]]},"properties":{"id":"DENWAT01D000A9Pn","h":1.0,"min_z":50.7,"max_z":51.7}},{"type":"Feature","id":"DENWAT01D0001kHY","geometry":{"type":"Polygon","coordinates":[[[6.979104,50.930278],[6.97906,50.930252],[6.979022,50.930279],[6.979104,50.930278]]]},"properties":{"id":"DENWAT01D0001kHY","h":1.7,"min_z":50.0,"max_z":51.6}},{"type":"Feature","id":"DENWAT01D0007L87","geometry":{"type":"Polygon","coordinates":[[[6.990008,50.93854],[6.989995,50.938463],[6.989942,50.938481],[6.990008,50.93854]]]},"properties":{"id":"DENWAT01D0007L87","h":1.4,"min_z":52.2,"max_z":53.6}},{"type":"Feature","id":"DENWAT01D000A9En","geometry":{"type":"Polygon","coordinates":[[[6.983787,50.933118],[6.983717,50.933104],[6.9837,50.933138],[6.983787,50.933118]]]},"properties":{"id":"DENWAT01D000A9En","h":3.3,"min_z":49.8,"max_z":53.1}},{"type":"Feature","id":"DENWAT01D000A9vt","geometry":{"type":"Polygon","coordinates":[[[6.984714,50.933304],[6.984661,50.93329],[6.984649,50.933309],[6.984714,50.933304]]]},"properties":{"id":"DENWAT01D000A9vt","h":1.2,"min_z":50.0,"max_z":51.1}},{"type":"Feature","id":"DENWAT01D0003XeS","geometry":{"type":"Polygon","coordinates":[[[6.987213,50.930779],[6.987253,50.93074],[6.987101,50.93074],[6.987213,50.930779]]]},"properties":{"id":"DENWAT01D0003XeS","h":1.3,"min_z":48.0,"max_z":49.3}},{"type":"Feature","id":"DENWAT01D0002Wwg","geometry":{"type":"Polygon","coordinates":[[[6.986159,50.930435],[6.986185,50.930394],[6.986077,50.930417],[6.986159,50.930435]]]},"properties":{"id":"DENWAT01D0002Wwg","h":1.4,"min_z":49.1,"max_z":50.5}},{"type":"Feature","id":"DENWAT01D0007NM2","geometry":{"type":"Polygon","coordinates":[[[6.989666,50.931554],[6.989685,50.931507],[6.989637,50.931526],[6.989666,50.931554]]]},"properties":{"id":"DENWAT01D0007NM2","h":1.1,"min_z":51.5,"max_z":52.6}},{"type":"Feature","id":"DENW37AL100074lE","geometry":{"type":"Polygon","coordinates":[[[6.985126,50.942526],[6.985261,50.942558],[6.985308,50.942482],[6.985173,50.942449],[6.985126,50.942526]]]},"properties":{"id":"DENW37AL100074lE","h":4.4,"min_z":47.3,"max_z":51.6}},{"type":"Feature","id":"DENW37AL10006yEM","geometry":{"type":"Polygon","coordinates":[[[6.991902,50.948239],[6.991944,50.948284],[6.99198,50.94827],[6.991938,50.948225],[6.991902,50.948239]]]},"properties":{"id":"DENW37AL10006yEM","h":2.3,"min_z":48.5,"max_z":50.8}},{"type":"Feature","id":"DENW37AL10006yGW","geometry":{"type":"Polygon","coordinates":[[[6.991656,50.948189],[6.991699,50.948236],[6.991737,50.948222],[6.991694,50.948175],[6.991656,50.948189]]]},"properties":{"id":"DENW37AL10006yGW","h":2.3,"min_z":48.5,"max_z":50.8}},{"type":"Feature","id":"DENW37AL100066WL","geometry":{"type":"Polygon","coordinates":[[[6.983431,50.946874],[6.98347,50.946916],[6.983611,50.946868],[6.983575,50.946825],[6.983431,50.946874]]]},"properties":{"id":"DENW37AL100066WL","h":8.5,"min_z":49.2,"max_z":57.7}},{"type":"Feature","id":"DENW37AL10006yEE","geometry":{"type":"Polygon","coordinates":[[[6.989026,50.948179],[6.989079,50.948217],[6.989109,50.9482],[6.989289,50.948101],[6.989352,50.948066],[6.989504,50.947982],[6.989564,50.947947],[6.989506,50.947913],[6.989068,50.948155],[6.989056,50.948162],[6.989026,50.948179]]]},"properties":{"id":"DENW37AL10006yEE","h":2.6,"min_z":49.2,"max_z":51.8}},{"type":"Feature","id":"DENW37AL100063Qb","geometry":{"type":"Polygon","coordinates":[[[6.990148,50.948237],[6.990194,50.948284],[6.990387,50.948206],[6.990341,50.94816],[6.990148,50.948237]]]},"properties":{"id":"DENW37AL100063Qb","h":17.9,"min_z":46.5,"max_z":64.4}},{"type":"Feature","id":"DENW37AL100065Oc","geometry":{"type":"Polygon","coordinates":[[[6.988159,50.947786],[6.988122,50.947806],[6.988176,50.947845],[6.988182,50.947842],[6.988214,50.947825],[6.988193,50.94781],[6.988159,50.947786]]]},"properties":{"id":"DENW37AL100065Oc","h":7.1,"min_z":49.1,"max_z":56.1}},{"type":"Feature","id":"DENW37AL100064fD","geometry":{"type":"Polygon","coordinates":[[[6.985669,50.943171],[6.985659,50.943184],[6.985676,50.9432],[6.985702,50.943199],[6.985712,50.943184],[6.985698,50.94317],[6.985669,50.943171]]]},"properties":{"id":"DENW37AL100064fD","h":2.8,"min_z":47.5,"max_z":50.2}},{"type":"Feature","id":"DENW37AL10006yHo","geometry":{"type":"Polygon","coordinates":[[[6.979188,50.944046],[6.979351,50.944247],[6.979364,50.944243],[6.979481,50.944205],[6.979317,50.944005],[6.979188,50.944046]]]},"properties":{"id":"DENW37AL10006yHo","h":13.5,"min_z":45.7,"max_z":59.1}},{"type":"Feature","id":"DENW37AL100062uo","geometry":{"type":"Polygon","coordinates":[[[6.981731,50.941377],[6.981677,50.941396],[6.981756,50.941488],[6.981809,50.941469],[6.981731,50.941377]]]},"properties":{"id":"DENW37AL100062uo","h":26.7,"min_z":45.6,"max_z":72.3}},{"type":"Feature","id":"DENW37AL100074Ya","geometry":{"type":"Polygon","coordinates":[[[6.988346,50.947524],[6.988375,50.947544],[6.988405,50.947523],[6.98838,50.947505],[6.988346,50.947524]]]},"properties":{"id":"DENW37AL100074Ya","h":3.4,"min_z":49.1,"max_z":52.5}},{"type":"Feature","id":"DENW37AL10006667","geometry":{"type":"Polygon","coordinates":[[[6.987679,50.948016],[6.98774,50.94806],[6.987776,50.948087],[6.98782,50.948061],[6.987722,50.947991],[6.987679,50.948016]]]},"properties":{"id":"DENW37AL10006667","h":3.4,"min_z":49.0,"max_z":52.4}},{"type":"Feature","id":"DENW37AL10006yEW","geometry":{"type":"Polygon","coordinates":[[[6.991772,50.948209],[6.991809,50.948195],[6.991766,50.948149],[6.991729,50.948162],[6.991772,50.948209]]]},"properties":{"id":"DENW37AL10006yEW","h":2.4,"min_z":48.5,"max_z":50.9}},{"type":"Feature","id":"DENW37AL10006yEA","geometry":{"type":"Polygon","coordinates":[[[6.979448,50.943743],[6.97966,50.943674],[6.979596,50.943595],[6.979473,50.943445],[6.979262,50.943515],[6.97933,50.943598],[6.979448,50.943743]]]},"properties":{"id":"DENW37AL10006yEA","h":10.5,"min_z":46.0,"max_z":56.5}},{"type":"Feature","id":"DENW37AL100064yM","geometry":{"type":"Polygon","coordinates":[[[6.986953,50.939821],[6.987359,50.939898],[6.987356,50.939904],[6.987457,50.939923],[6.987499,50.939835],[6.986992,50.939739],[6.986953,50.939821]]]},"properties":{"id":"DENW37AL100064yM","h":6.9,"min_z":46.6,"max_z":53.5}},{"type":"Feature","id":"DENW37AL2Fi0001V","geometry":{"type":"Polygon","coordinates":[[[6.99221,50.942508],[6.992255,50.942557],[6.992278,50.942549],[6.992234,50.9425],[6.99221,50.942508]]]},"properties":{"id":"DENW37AL2Fi0001V","h":6.0,"min_z":46.3,"max_z":52.3}},{"type":"Feature","id":"DENW37AL100062jI","geometry":{"type":"Polygon","coordinates":[[[6.981424,50.941049],[6.981445,50.941073],[6.98158,50.941027],[6.981559,50.941003],[6.981424,50.941049]]]},"properties":{"id":"DENW37AL100062jI","h":2.8,"min_z":46.9,"max_z":49.7}},{"type":"Feature","id":"DENW37AL10006yGt","geometry":{"type":"Polygon","coordinates":[[[6.992088,50.948169],[6.992131,50.948215],[6.992168,50.948201],[6.992125,50.948155],[6.992088,50.948169]]]},"properties":{"id":"DENW37AL10006yGt","h":2.3,"min_z":48.5,"max_z":50.8}},{"type":"Feature","id":"DENW37AL100064uW","geometry":{"type":"Polygon","coordinates":[[[6.986201,50.947841],[6.986145,50.947861],[6.986202,50.947928],[6.986281,50.947902],[6.986312,50.947892],[6.986343,50.947882],[6.986309,50.947833],[6.986361,50.947812],[6.986239,50.947669],[6.986096,50.947718],[6.986201,50.947841]]]},"properties":{"id":"DENW37AL100064uW","h":19.3,"min_z":48.6,"max_z":67.9}},{"type":"Feature","id":"DENW37AL100065ev","geometry":{"type":"Polygon","coordinates":[[[6.986507,50.948096],[6.986458,50.948123],[6.986481,50.948149],[6.986478,50.948156],[6.986487,50.948163],[6.986532,50.948196],[6.986719,50.948093],[6.986724,50.948091],[6.986676,50.948058],[6.986632,50.948029],[6.986629,50.948027],[6.986507,50.948096]]]},"properties":{"id":"DENW37AL100065ev","h":15.9,"min_z":48.6,"max_z":64.5}},{"type":"Feature","id":"DENW37AL100074gE","geometry":{"type":"Polygon","coordinates":[[[6.989204,50.947437],[6.98921,50.94744],[6.989255,50.947466],[6.989469,50.947318],[6.989399,50.947282],[6.989377,50.9473],[6.989204,50.947437]]]},"properties":{"id":"DENW37AL100074gE","h":3.0,"min_z":48.9,"max_z":51.9}},{"type":"Feature","id":"DENW37AL100064ZR","geometry":{"type":"Polygon","coordinates":[[[6.987841,50.947748],[6.987891,50.947784],[6.98793,50.947763],[6.987931,50.947764],[6.987967,50.947744],[6.987917,50.947707],[6.98787,50.947673],[6.987794,50.947714],[6.987841,50.947748]]]},"properties":{"id":"DENW37AL100064ZR","h":17.0,"min_z":48.7,"max_z":65.8}},{"type":"Feature","id":"DENW37AL100064uQ","geometry":{"type":"Polygon","coordinates":[[[6.987097,50.947586],[6.987069,50.947565],[6.987027,50.947589],[6.987054,50.947609],[6.987097,50.947586]]]},"properties":{"id":"DENW37AL100064uQ","h":14.4,"min_z":48.7,"max_z":63.1}},{"type":"Feature","id":"DENW37AL100064tX","geometry":{"type":"Polygon","coordinates":[[[6.987252,50.947799],[6.987327,50.947758],[6.987235,50.947689],[6.987159,50.947731],[6.987252,50.947799]]]},"properties":{"id":"DENW37AL100064tX","h":18.8,"min_z":48.7,"max_z":67.6}},{"type":"Feature","id":"DENW37AL1000648f","geometry":{"type":"Polygon","coordinates":[[[6.987626,50.947922],[6.987616,50.947927],[6.987583,50.947945],[6.987589,50.94795],[6.987679,50.948016],[6.987722,50.947991],[6.987633,50.947927],[6.987626,50.947922]]]},"properties":{"id":"DENW37AL1000648f","h":13.5,"min_z":48.7,"max_z":62.2}},{"type":"Feature","id":"DENW37AL1000644e","geometry":{"type":"Polygon","coordinates":[[[6.986849,50.948022],[6.986877,50.948006],[6.986787,50.94794],[6.986756,50.947957],[6.986849,50.948022]]]},"properties":{"id":"DENW37AL1000644e","h":15.3,"min_z":48.6,"max_z":63.8}},{"type":"Feature","id":"DENW37AL100065ti","geometry":{"type":"Polygon","coordinates":[[[6.988265,50.947723],[6.98827,50.94772],[6.988306,50.9477],[6.988193,50.947621],[6.988162,50.947638],[6.988178,50.94765],[6.988169,50.947655],[6.988265,50.947723]]]},"properties":{"id":"DENW37AL100065ti","h":17.6,"min_z":48.7,"max_z":66.4}},{"type":"Feature","id":"DENW37AL100063Y9","geometry":{"type":"Polygon","coordinates":[[[6.988556,50.948007],[6.988476,50.948036],[6.988488,50.948048],[6.988424,50.948071],[6.988413,50.948059],[6.988333,50.948087],[6.988417,50.948182],[6.988476,50.948161],[6.988457,50.94814],[6.988565,50.948099],[6.988584,50.94812],[6.98864,50.9481],[6.988556,50.948007]]]},"properties":{"id":"DENW37AL100063Y9","h":26.0,"min_z":49.0,"max_z":75.0}},{"type":"Feature","id":"DENW37AL100063XI","geometry":{"type":"Polygon","coordinates":[[[6.989112,50.947676],[6.989129,50.947686],[6.989227,50.947618],[6.989236,50.947623],[6.989281,50.947592],[6.989272,50.947587],[6.989359,50.947526],[6.989297,50.94749],[6.989284,50.947483],[6.989255,50.947466],[6.98921,50.94744],[6.989117,50.947502],[6.989111,50.947498],[6.98907,50.947525],[6.989077,50.947529],[6.988978,50.947595],[6.989052,50.94764],[6.989065,50.947647],[6.989112,50.947676]]]},"properties":{"id":"DENW37AL100063XI","h":17.0,"min_z":49.4,"max_z":66.4}},{"type":"Feature","id":"DENW37AL100066OV","geometry":{"type":"Polygon","coordinates":[[[6.980618,50.940495],[6.980585,50.940495],[6.980585,50.940498],[6.980585,50.940507],[6.980617,50.940508],[6.980618,50.940499],[6.980618,50.940499],[6.980618,50.940495]]]},"properties":{"id":"DENW37AL100066OV","h":2.4,"min_z":45.9,"max_z":48.3}},{"type":"Feature","id":"DENW37AL100065Jm","geometry":{"type":"Polygon","coordinates":[[[6.986756,50.947957],[6.986632,50.948029],[6.986724,50.948091],[6.986804,50.948046],[6.986849,50.948022],[6.986756,50.947957]]]},"properties":{"id":"DENW37AL100065Jm","h":15.3,"min_z":48.6,"max_z":63.9}},{"type":"Feature","id":"DENW37AL100065mx","geometry":{"type":"Polygon","coordinates":[[[6.989327,50.947246],[6.989469,50.947318],[6.989608,50.947222],[6.989446,50.947149],[6.98936,50.947218],[6.989327,50.947246]]]},"properties":{"id":"DENW37AL100065mx","h":15.3,"min_z":47.9,"max_z":63.2}},{"type":"Feature","id":"DENW37AL100062wE","geometry":{"type":"Polygon","coordinates":[[[6.981403,50.941024],[6.981423,50.941047],[6.981535,50.941009],[6.981515,50.940985],[6.981403,50.941024]]]},"properties":{"id":"DENW37AL100062wE","h":3.0,"min_z":46.9,"max_z":49.9}},{"type":"Feature","id":"DENW37AL10006yEI","geometry":{"type":"Polygon","coordinates":[[[6.991618,50.948203],[6.991662,50.94825],[6.991699,50.948236],[6.991656,50.948189],[6.991618,50.948203]]]},"properties":{"id":"DENW37AL10006yEI","h":2.3,"min_z":48.5,"max_z":50.8}},{"type":"Feature","id":"DENW37AL100064VL","geometry":{"type":"Polygon","coordinates":[[[6.986415,50.943928],[6.986407,50.943917],[6.986396,50.943906],[6.986383,50.943896],[6.986369,50.943887],[6.986354,50.943879],[6.986338,50.943871],[6.986322,50.943865],[6.986305,50.943858],[6.986288,50.943852],[6.98627,50.943847],[6.986252,50.943842],[6.986233,50.943838],[6.986214,50.943834],[6.986195,50.943831],[6.986176,50.943828],[6.986157,50.943826],[6.986137,50.943824],[6.986117,50.943823],[6.986098,50.943823],[6.986078,50.943823],[6.986058,50.943824],[6.986039,50.943826],[6.986019,50.943829],[6.986,50.943832],[6.985982,50.943838],[6.985965,50.943844],[6.98595,50.943853],[6.985938,50.943863],[6.985929,50.943874],[6.985926,50.943887],[6.985928,50.9439],[6.985933,50.943912],[6.985942,50.943924],[6.985953,50.943934],[6.985966,50.943944],[6.98598,50.943953],[6.985995,50.943961],[6.98601,50.943969],[6.986027,50.943976],[6.986044,50.943982],[6.986061,50.943988],[6.986081,50.943994],[6.98607,50.944021],[6.986094,50.944027],[6.986118,50.944032],[6.986143,50.944036],[6.986164,50.944011],[6.986188,50.944014],[6.986211,50.944016],[6.986231,50.944017],[6.986251,50.944017],[6.98627,50.944017],[6.98629,50.944016],[6.98631,50.944014],[6.986329,50.944012],[6.986348,50.944008],[6.986366,50.944003],[6.986383,50.943996],[6.986399,50.943988],[6.986411,50.943978],[6.986419,50.943966],[6.986423,50.943953],[6.986421,50.94394],[6.986415,50.943928]]]},"properties":{"id":"DENW37AL100064VL","h":18.2,"min_z":47.6,"max_z":65.8}},{"type":"Feature","id":"DENW37AL100065iw","geometry":{"type":"Polygon","coordinates":[[[6.986632,50.942167],[6.986518,50.942137],[6.986514,50.942143],[6.986507,50.942154],[6.986505,50.942157],[6.98651,50.942158],[6.986635,50.942187],[6.986887,50.942259],[6.986894,50.942261],[6.986904,50.942247],[6.986632,50.942167]]]},"properties":{"id":"DENW37AL100065iw","h":5.8,"min_z":46.2,"max_z":52.0}},{"type":"Feature","id":"DENW37AL100064Cc","geometry":{"type":"Polygon","coordinates":[[[6.98266,50.943373],[6.982702,50.943422],[6.982816,50.943383],[6.982774,50.943333],[6.98266,50.943373]]]},"properties":{"id":"DENW37AL100064Cc","h":23.4,"min_z":47.4,"max_z":70.8}},{"type":"Feature","id":"DENW37AL100066nS","geometry":{"type":"Polygon","coordinates":[[[6.98712,50.947604],[6.987133,50.947613],[6.987138,50.947617],[6.987154,50.947608],[6.987137,50.947595],[6.98712,50.947604]]]},"properties":{"id":"DENW37AL100066nS","h":14.8,"min_z":48.9,"max_z":63.7}},{"type":"Feature","id":"DENW37AL2IG000A4","geometry":{"type":"Polygon","coordinates":[[[6.987588,50.947466],[6.987611,50.947483],[6.987644,50.947465],[6.987621,50.947448],[6.987588,50.947466]]]},"properties":{"id":"DENW37AL2IG000A4","h":11.2,"min_z":48.8,"max_z":60.0}},{"type":"Feature","id":"DENW37AL10006yE5","geometry":{"type":"Polygon","coordinates":[[[6.986378,50.947622],[6.986397,50.947649],[6.986543,50.9476],[6.986595,50.947666],[6.986362,50.947793],[6.986406,50.947834],[6.986468,50.947801],[6.986543,50.94776],[6.986618,50.94772],[6.986696,50.947678],[6.986593,50.947549],[6.986378,50.947622]]]},"properties":{"id":"DENW37AL10006yE5","h":2.5,"min_z":48.4,"max_z":51.0}},{"type":"Feature","id":"DENW37AL10006yHF","geometry":{"type":"Polygon","coordinates":[[[6.991976,50.948211],[6.992017,50.948256],[6.992054,50.948243],[6.992012,50.948198],[6.991976,50.948211]]]},"properties":{"id":"DENW37AL10006yHF","h":2.3,"min_z":48.4,"max_z":50.7}},{"type":"Feature","id":"DENW37AL100063QB","geometry":{"type":"Polygon","coordinates":[[[6.988865,50.948059],[6.988803,50.94809],[6.98902,50.94825],[6.989073,50.94822],[6.989079,50.948217],[6.989026,50.948179],[6.988865,50.948059]]]},"properties":{"id":"DENW37AL100063QB","h":2.6,"min_z":49.2,"max_z":51.8}},{"type":"Feature","id":"DENW37AL2Ff0009r","geometry":{"type":"Polygon","coordinates":[[[6.99128,50.940832],[6.991303,50.940837],[6.991309,50.940826],[6.991286,50.940821],[6.99128,50.940832]]]},"properties":{"id":"DENW37AL2Ff0009r","h":4.2,"min_z":46.2,"max_z":50.4}},{"type":"Feature","id":"DENW37AL10006yIJ","geometry":{"type":"Polygon","coordinates":[[[6.991766,50.948149],[6.991809,50.948195],[6.991846,50.948182],[6.991803,50.948135],[6.991766,50.948149]]]},"properties":{"id":"DENW37AL10006yIJ","h":2.3,"min_z":48.5,"max_z":50.7}},{"type":"Feature","id":"DENW37AL100065KW","geometry":{"type":"Polygon","coordinates":[[[6.981614,50.945332],[6.981525,50.945361],[6.981569,50.945415],[6.981658,50.945386],[6.981614,50.945332]]]},"properties":{"id":"DENW37AL100065KW","h":18.3,"min_z":47.1,"max_z":65.4}},{"type":"Feature","id":"DENW37AL1000653P","geometry":{"type":"Polygon","coordinates":[[[6.985835,50.944097],[6.985822,50.944229],[6.985905,50.94425],[6.986017,50.944278],[6.986203,50.944324],[6.986276,50.944206],[6.986077,50.944157],[6.98599,50.944135],[6.985835,50.944097]]]},"properties":{"id":"DENW37AL1000653P","h":21.4,"min_z":47.6,"max_z":69.1}},{"type":"Feature","id":"DENW37AL100065gr","geometry":{"type":"Polygon","coordinates":[[[6.985692,50.942909],[6.985746,50.942922],[6.985905,50.942958],[6.98601,50.942982],[6.986275,50.942544],[6.985954,50.942468],[6.98592,50.942526],[6.985693,50.942907],[6.985692,50.942909]]]},"properties":{"id":"DENW37AL100065gr","h":8.4,"min_z":45.9,"max_z":54.3}},{"type":"Feature","id":"DENW37AL10006yGL","geometry":{"type":"Polygon","coordinates":[[[6.991952,50.94808],[6.991995,50.948127],[6.992032,50.948113],[6.991988,50.948066],[6.991952,50.94808]]]},"properties":{"id":"DENW37AL10006yGL","h":2.3,"min_z":48.5,"max_z":50.8}},{"type":"Feature","id":"DENW37AL100064Hd","geometry":{"type":"Polygon","coordinates":[[[6.986729,50.947897],[6.986787,50.94794],[6.986814,50.947925],[6.986807,50.947919],[6.986816,50.947912],[6.986767,50.947876],[6.986759,50.94788],[6.986729,50.947897]]]},"properties":{"id":"DENW37AL100064Hd","h":3.2,"min_z":48.5,"max_z":51.7}},{"type":"Feature","id":"DENW37AL10006yGx","geometry":{"type":"Polygon","coordinates":[[[6.99216,50.948142],[6.992203,50.948188],[6.992239,50.948175],[6.992196,50.948128],[6.99216,50.948142]]]},"properties":{"id":"DENW37AL10006yGx","h":2.3,"min_z":48.4,"max_z":50.8}},{"type":"Feature","id":"DENW37AL10006yDn","geometry":{"type":"Polygon","coordinates":[[[6.984341,50.945047],[6.984337,50.945044],[6.984298,50.94505],[6.984293,50.945044],[6.984291,50.945042],[6.98425,50.945042],[6.984226,50.945067],[6.984196,50.945099],[6.984195,50.945098],[6.984148,50.945148],[6.984233,50.945248],[6.984226,50.945251],[6.984236,50.945263],[6.984243,50.94526],[6.984244,50.94526],[6.984239,50.945254],[6.984239,50.945254],[6.984277,50.945205],[6.984372,50.945208],[6.984409,50.945254],[6.984551,50.94543],[6.984565,50.945448],[6.984598,50.945414],[6.984626,50.945386],[6.984337,50.945049],[6.984341,50.945047]]]},"properties":{"id":"DENW37AL10006yDn","h":36.4,"min_z":48.7,"max_z":85.1}},{"type":"Feature","id":"DENW37AL100064m2","geometry":{"type":"Polygon","coordinates":[[[6.988202,50.947762],[6.988104,50.947692],[6.988083,50.947704],[6.988066,50.947692],[6.988043,50.947702],[6.988159,50.947786],[6.988202,50.947762]]]},"properties":{"id":"DENW37AL100064m2","h":17.2,"min_z":48.7,"max_z":65.9}},{"type":"Feature","id":"DENW37AL100066mV","geometry":{"type":"Polygon","coordinates":[[[6.987781,50.947508],[6.987689,50.947441],[6.987644,50.947465],[6.987611,50.947483],[6.987614,50.947484],[6.987704,50.947551],[6.987781,50.947508]]]},"properties":{"id":"DENW37AL100066mV","h":16.6,"min_z":48.8,"max_z":65.4}},{"type":"Feature","id":"DENW37AL100065Bj","geometry":{"type":"Polygon","coordinates":[[[6.989527,50.948019],[6.989513,50.948002],[6.989519,50.948],[6.989514,50.947995],[6.989512,50.947995],[6.989506,50.947988],[6.989508,50.947988],[6.989504,50.947982],[6.989428,50.948024],[6.989352,50.948066],[6.989449,50.948182],[6.989446,50.948182],[6.989455,50.948194],[6.989456,50.948194],[6.989458,50.948193],[6.989757,50.948546],[6.989758,50.948546],[6.989847,50.948516],[6.989928,50.948488],[6.989931,50.948487],[6.989527,50.948019]]]},"properties":{"id":"DENW37AL100065Bj","h":19.2,"min_z":48.8,"max_z":68.0}},{"type":"Feature","id":"DENW37ALOx00000K","geometry":{"type":"Polygon","coordinates":[[[6.992882,50.939339],[6.992882,50.939339],[6.99281,50.939329],[6.992766,50.939448],[6.992838,50.939459],[6.992882,50.939339]]]},"properties":{"id":"DENW37ALOx00000K","h":21.2,"min_z":44.4,"max_z":65.6}},{"type":"Feature","id":"DENW37AL10006yGO","geometry":{"type":"Polygon","coordinates":[[[6.991694,50.948175],[6.991737,50.948222],[6.991772,50.948209],[6.991729,50.948162],[6.991694,50.948175]]]},"properties":{"id":"DENW37AL10006yGO","h":2.5,"min_z":48.5,"max_z":51.0}},{"type":"Feature","id":"DENW37AL100066D6","geometry":{"type":"Polygon","coordinates":[[[6.988305,50.943176],[6.988103,50.943513],[6.988303,50.94356],[6.988649,50.942984],[6.988316,50.942904],[6.988285,50.942954],[6.988312,50.942961],[6.988297,50.942986],[6.98827,50.94298],[6.988239,50.94303],[6.988373,50.943062],[6.988352,50.943096],[6.988393,50.943105],[6.988375,50.943135],[6.988388,50.943138],[6.988373,50.943163],[6.98836,50.94316],[6.988345,50.943186],[6.988305,50.943176]]]},"properties":{"id":"DENW37AL100066D6","h":3.9,"min_z":48.2,"max_z":52.2}},{"type":"Feature","id":"DENW37AL10006yGK","geometry":{"type":"Polygon","coordinates":[[[6.991906,50.948297],[6.991944,50.948284],[6.991902,50.948239],[6.991865,50.948253],[6.991906,50.948297]]]},"properties":{"id":"DENW37AL10006yGK","h":7.5,"min_z":48.5,"max_z":55.9}},{"type":"Feature","id":"DENW37AL100063aW","geometry":{"type":"Polygon","coordinates":[[[6.991863,50.945743],[6.992425,50.946119],[6.992428,50.946118],[6.992422,50.946113],[6.992677,50.945961],[6.992128,50.945593],[6.991873,50.945745],[6.991866,50.945741],[6.991863,50.945743]]]},"properties":{"id":"DENW37AL100063aW","h":5.5,"min_z":47.2,"max_z":52.8}},{"type":"Feature","id":"DENW37AL100063jD","geometry":{"type":"Polygon","coordinates":[[[6.986717,50.94773],[6.986808,50.947794],[6.986983,50.947698],[6.986894,50.947633],[6.986717,50.94773]]]},"properties":{"id":"DENW37AL100063jD","h":8.7,"min_z":48.4,"max_z":57.2}},{"type":"Feature","id":"DENW37AL100065wo","geometry":{"type":"Polygon","coordinates":[[[6.988347,50.947677],[6.988306,50.9477],[6.988368,50.947745],[6.98841,50.947722],[6.988347,50.947677]]]},"properties":{"id":"DENW37AL100065wo","h":10.7,"min_z":49.0,"max_z":59.7}},{"type":"Feature","id":"DENW37AL100064jt","geometry":{"type":"Polygon","coordinates":[[[6.988695,50.947563],[6.988583,50.947624],[6.988565,50.947634],[6.9887,50.947729],[6.988723,50.947716],[6.988749,50.947701],[6.988826,50.947658],[6.988695,50.947563]]]},"properties":{"id":"DENW37AL100064jt","h":20.6,"min_z":49.0,"max_z":69.6}},{"type":"Feature","id":"DENW37AL10006yFQ","geometry":{"type":"Polygon","coordinates":[[[6.988162,50.947943],[6.988209,50.947979],[6.988513,50.947811],[6.988463,50.947775],[6.988433,50.947791],[6.988359,50.947833],[6.988284,50.947875],[6.988252,50.947892],[6.988208,50.947917],[6.988162,50.947943]]]},"properties":{"id":"DENW37AL10006yFQ","h":2.3,"min_z":49.2,"max_z":51.5}},{"type":"Feature","id":"DENW37AL300010Ym","geometry":{"type":"Polygon","coordinates":[[[6.991081,50.943724],[6.990992,50.943653],[6.99092,50.943688],[6.991847,50.944429],[6.991919,50.944393],[6.991898,50.944376],[6.991939,50.944355],[6.991123,50.943703],[6.991081,50.943724]]]},"properties":{"id":"DENW37AL300010Ym","h":7.0,"min_z":46.3,"max_z":53.3}},{"type":"Feature","id":"DENW37AL100063rn","geometry":{"type":"Polygon","coordinates":[[[6.986787,50.94794],[6.986877,50.948006],[6.986953,50.947964],[6.986863,50.947899],[6.986787,50.94794]]]},"properties":{"id":"DENW37AL100063rn","h":15.5,"min_z":48.5,"max_z":63.9}},{"type":"Feature","id":"DENW37AL100065aA","geometry":{"type":"Polygon","coordinates":[[[6.990133,50.947472],[6.990095,50.947497],[6.99014,50.947525],[6.990186,50.947553],[6.990232,50.947531],[6.990163,50.94749],[6.990153,50.947484],[6.990133,50.947472]]]},"properties":{"id":"DENW37AL100065aA","h":11.3,"min_z":46.8,"max_z":58.0}},{"type":"Feature","id":"DENW37AL1000648b","geometry":{"type":"Polygon","coordinates":[[[6.98846,50.947561],[6.988479,50.947551],[6.988398,50.947494],[6.98838,50.947505],[6.988405,50.947523],[6.98846,50.947561]]]},"properties":{"id":"DENW37AL1000648b","h":21.1,"min_z":48.8,"max_z":69.8}},{"type":"Feature","id":"DENW37AL100066zT","geometry":{"type":"Polygon","coordinates":[[[6.983009,50.946377],[6.982979,50.946341],[6.982794,50.946403],[6.982825,50.946439],[6.982871,50.946493],[6.982903,50.946531],[6.983086,50.946468],[6.983053,50.946429],[6.983044,50.946418],[6.983012,50.946381],[6.983009,50.946377]]]},"properties":{"id":"DENW37AL100066zT","h":61.9,"min_z":46.9,"max_z":108.8}},{"type":"Feature","id":"DENW37AL10006yHg","geometry":{"type":"Polygon","coordinates":[[[6.983252,50.947168],[6.983292,50.947216],[6.983323,50.947206],[6.983282,50.947158],[6.983252,50.947168]]]},"properties":{"id":"DENW37AL10006yHg","h":4.5,"min_z":45.9,"max_z":50.4}},{"type":"Feature","id":"DENW37AL1000643G","geometry":{"type":"Polygon","coordinates":[[[6.986836,50.942347],[6.986887,50.942259],[6.986635,50.942187],[6.98651,50.942158],[6.986467,50.942229],[6.986451,50.942255],[6.986836,50.942347]]]},"properties":{"id":"DENW37AL1000643G","h":5.8,"min_z":46.9,"max_z":52.7}},{"type":"Feature","id":"DENW37AL100066tw","geometry":{"type":"Polygon","coordinates":[[[6.987883,50.947919],[6.987844,50.94794],[6.98785,50.947945],[6.987876,50.947964],[6.987906,50.947987],[6.987945,50.947965],[6.987915,50.947943],[6.987883,50.947919]]]},"properties":{"id":"DENW37AL100066tw","h":15.2,"min_z":48.7,"max_z":63.9}},{"type":"Feature","id":"DENW37AL10006439","geometry":{"type":"Polygon","coordinates":[[[6.987794,50.947714],[6.98772,50.947755],[6.987816,50.947825],[6.987849,50.947807],[6.987891,50.947784],[6.987794,50.947714]]]},"properties":{"id":"DENW37AL10006439","h":17.0,"min_z":48.7,"max_z":65.7}},{"type":"Feature","id":"DENW37AL100066ru","geometry":{"type":"Polygon","coordinates":[[[6.983447,50.943869],[6.983401,50.943957],[6.983412,50.943959],[6.98365,50.944008],[6.983659,50.94401],[6.983704,50.943923],[6.983447,50.943869]]]},"properties":{"id":"DENW37AL100066ru","h":3.6,"min_z":47.9,"max_z":51.5}},{"type":"Feature","id":"DENW37AL100064Dj","geometry":{"type":"Polygon","coordinates":[[[6.992057,50.942346],[6.992165,50.942472],[6.992203,50.942461],[6.992095,50.942333],[6.992057,50.942346]]]},"properties":{"id":"DENW37AL100064Dj","h":2.7,"min_z":46.2,"max_z":48.8}},{"type":"Feature","id":"DENW37AL10006yFo","geometry":{"type":"Polygon","coordinates":[[[6.991826,50.948267],[6.991868,50.948312],[6.991906,50.948297],[6.991865,50.948253],[6.991826,50.948267]]]},"properties":{"id":"DENW37AL10006yFo","h":8.9,"min_z":48.5,"max_z":57.4}},{"type":"Feature","id":"DENW37AL1000660R","geometry":{"type":"Polygon","coordinates":[[[6.981328,50.947179],[6.979042,50.947922],[6.978953,50.947951],[6.978945,50.947953],[6.979069,50.948105],[6.979228,50.9483],[6.979252,50.94833],[6.979413,50.948527],[6.979537,50.94868],[6.980493,50.948369],[6.980582,50.94834],[6.981919,50.947906],[6.981917,50.947903],[6.98133,50.947182],[6.981328,50.947179]]]},"properties":{"id":"DENW37AL1000660R","h":18.2,"min_z":47.1,"max_z":65.4}},{"type":"Feature","id":"DENW37AL100063lY","geometry":{"type":"Polygon","coordinates":[[[6.987385,50.947604],[6.987482,50.947673],[6.987593,50.947612],[6.987497,50.947542],[6.987385,50.947604]]]},"properties":{"id":"DENW37AL100063lY","h":16.4,"min_z":48.8,"max_z":65.2}},{"type":"Feature","id":"DENW37AL100065yJ","geometry":{"type":"Polygon","coordinates":[[[6.978284,50.946594],[6.978287,50.946598],[6.978304,50.946592],[6.978325,50.946616],[6.978307,50.946622],[6.978421,50.946761],[6.978518,50.946729],[6.978535,50.946746],[6.978906,50.946609],[6.978766,50.94644],[6.978284,50.946594]]]},"properties":{"id":"DENW37AL100065yJ","h":8.4,"min_z":46.4,"max_z":54.8}},{"type":"Feature","id":"DENW37AL100065Ta","geometry":{"type":"Polygon","coordinates":[[[6.985544,50.942872],[6.985508,50.942925],[6.985541,50.942933],[6.985573,50.942879],[6.985544,50.942872]]]},"properties":{"id":"DENW37AL100065Ta","h":3.4,"min_z":46.9,"max_z":50.3}},{"type":"Feature","id":"DENW37AL10006yIP","geometry":{"type":"Polygon","coordinates":[[[6.987593,50.947612],[6.987629,50.947592],[6.987539,50.947525],[6.987502,50.947546],[6.987593,50.947612]]]},"properties":{"id":"DENW37AL10006yIP","h":16.5,"min_z":48.8,"max_z":65.3}},{"type":"Feature","id":"DENW37AL100063yp","geometry":{"type":"Polygon","coordinates":[[[6.989263,50.947307],[6.989324,50.947337],[6.989351,50.947316],[6.989289,50.947285],[6.989263,50.947307]]]},"properties":{"id":"DENW37AL100063yp","h":7.9,"min_z":49.0,"max_z":56.9}},{"type":"Feature","id":"DENW37AL100064sh","geometry":{"type":"Polygon","coordinates":[[[6.987942,50.940062],[6.988152,50.940122],[6.988213,50.940031],[6.988,50.939977],[6.987942,50.940062]]]},"properties":{"id":"DENW37AL100064sh","h":12.9,"min_z":46.1,"max_z":59.1}},{"type":"Feature","id":"DENW37AL10006yHW","geometry":{"type":"Polygon","coordinates":[[[6.988324,50.941352],[6.988418,50.941403],[6.988439,50.941388],[6.988345,50.941337],[6.988324,50.941352]]]},"properties":{"id":"DENW37AL10006yHW","h":2.5,"min_z":46.1,"max_z":48.7}},{"type":"Feature","id":"DENW37AL100064H2","geometry":{"type":"Polygon","coordinates":[[[6.988945,50.941715],[6.989211,50.941907],[6.989254,50.941883],[6.988987,50.941691],[6.988945,50.941715]]]},"properties":{"id":"DENW37AL100064H2","h":3.4,"min_z":45.8,"max_z":49.2}},{"type":"Feature","id":"DENW37AL100065Ax","geometry":{"type":"Polygon","coordinates":[[[6.986006,50.941352],[6.985926,50.941463],[6.986305,50.941572],[6.986336,50.94153],[6.986355,50.941503],[6.986385,50.941462],[6.986006,50.941352]]]},"properties":{"id":"DENW37AL100065Ax","h":9.4,"min_z":46.0,"max_z":55.5}},{"type":"Feature","id":"DENW37AL100063RH","geometry":{"type":"Polygon","coordinates":[[[6.98791,50.943349],[6.987954,50.943276],[6.987913,50.943266],[6.987869,50.943339],[6.98791,50.943349]]]},"properties":{"id":"DENW37AL100063RH","h":24.6,"min_z":46.9,"max_z":71.6}},{"type":"Feature","id":"DENW37AL1000675N","geometry":{"type":"Polygon","coordinates":[[[6.987825,50.941909],[6.987932,50.941929],[6.987949,50.941892],[6.987842,50.941872],[6.987825,50.941909]]]},"properties":{"id":"DENW37AL1000675N","h":6.0,"min_z":46.0,"max_z":52.0}},{"type":"Feature","id":"DENW37AL100066r0","geometry":{"type":"Polygon","coordinates":[[[6.987235,50.947689],[6.987327,50.947758],[6.987403,50.947716],[6.98731,50.947648],[6.987304,50.947644],[6.987273,50.94766],[6.987251,50.947672],[6.987229,50.947684],[6.987235,50.947689]]]},"properties":{"id":"DENW37AL100066r0","h":18.4,"min_z":48.8,"max_z":67.2}},{"type":"Feature","id":"DENW37AL100063am","geometry":{"type":"Polygon","coordinates":[[[6.989001,50.940427],[6.989015,50.940406],[6.988926,50.940378],[6.98891,50.940401],[6.989001,50.940427]]]},"properties":{"id":"DENW37AL100063am","h":8.7,"min_z":46.1,"max_z":54.8}},{"type":"Feature","id":"DENW37AL100065fg","geometry":{"type":"Polygon","coordinates":[[[6.986334,50.942113],[6.986328,50.942115],[6.986185,50.942081],[6.986175,50.942097],[6.986143,50.942152],[6.986467,50.942229],[6.98651,50.942158],[6.986367,50.942124],[6.986364,50.94212],[6.986334,50.942113]]]},"properties":{"id":"DENW37AL100065fg","h":12.3,"min_z":46.5,"max_z":58.8}},{"type":"Feature","id":"DENW37AL100063YF","geometry":{"type":"Polygon","coordinates":[[[6.986729,50.947897],[6.986759,50.94788],[6.986649,50.947799],[6.986619,50.947816],[6.986729,50.947897]]]},"properties":{"id":"DENW37AL100063YF","h":3.2,"min_z":48.5,"max_z":51.6}},{"type":"Feature","id":"DENW37AL100064d4","geometry":{"type":"Polygon","coordinates":[[[6.98106,50.942919],[6.980835,50.942994],[6.980699,50.943039],[6.98076,50.943115],[6.980825,50.943195],[6.980908,50.943296],[6.981211,50.9432],[6.981269,50.943182],[6.981167,50.943054],[6.981119,50.942994],[6.98106,50.942919]]]},"properties":{"id":"DENW37AL100064d4","h":27.4,"min_z":46.5,"max_z":73.9}},{"type":"Feature","id":"DENW37AL100064x5","geometry":{"type":"Polygon","coordinates":[[[6.985954,50.942468],[6.986275,50.942544],[6.986451,50.942255],[6.986467,50.942229],[6.986143,50.942152],[6.986138,50.942159],[6.986032,50.942337],[6.985984,50.942418],[6.985954,50.942468]]]},"properties":{"id":"DENW37AL100064x5","h":8.7,"min_z":45.9,"max_z":54.6}},{"type":"Feature","id":"DENW37AL1000657K","geometry":{"type":"Polygon","coordinates":[[[6.986974,50.948169],[6.987062,50.948233],[6.98751,50.947985],[6.987421,50.94792],[6.986974,50.948169]]]},"properties":{"id":"DENW37AL1000657K","h":17.4,"min_z":48.4,"max_z":65.8}},{"type":"Feature","id":"DENW37AL100065DK","geometry":{"type":"Polygon","coordinates":[[[6.985581,50.942322],[6.985906,50.942399],[6.985938,50.942342],[6.985615,50.942264],[6.985581,50.942322]]]},"properties":{"id":"DENW37AL100065DK","h":11.1,"min_z":45.7,"max_z":56.8}},{"type":"Feature","id":"DENW37AL100062iG","geometry":{"type":"Polygon","coordinates":[[[6.984061,50.947307],[6.984035,50.947277],[6.983996,50.947291],[6.984021,50.947321],[6.984061,50.947307]]]},"properties":{"id":"DENW37AL100062iG","h":3.0,"min_z":47.6,"max_z":50.6}},{"type":"Feature","id":"DENW37AL10016yxH","geometry":{"type":"Polygon","coordinates":[[[6.982602,50.942767],[6.982639,50.94281],[6.98266,50.942803],[6.982623,50.942759],[6.982602,50.942767]]]},"properties":{"id":"DENW37AL10016yxH","h":3.6,"min_z":47.2,"max_z":50.8}},{"type":"Feature","id":"DENW37AL100065U6","geometry":{"type":"Polygon","coordinates":[[[6.98347,50.946916],[6.983553,50.947014],[6.983661,50.947141],[6.983802,50.947093],[6.983747,50.947029],[6.983611,50.946868],[6.98347,50.946916]]]},"properties":{"id":"DENW37AL100065U6","h":9.6,"min_z":45.9,"max_z":55.5}},{"type":"Feature","id":"DENW37AL100064dC","geometry":{"type":"Polygon","coordinates":[[[6.987803,50.947971],[6.98785,50.947945],[6.987844,50.94794],[6.987746,50.947869],[6.987714,50.947886],[6.987718,50.947889],[6.987707,50.947897],[6.987803,50.947971]]]},"properties":{"id":"DENW37AL100064dC","h":15.9,"min_z":48.7,"max_z":64.6}},{"type":"Feature","id":"DENW37AL100064sx","geometry":{"type":"Polygon","coordinates":[[[6.987018,50.947664],[6.987012,50.947667],[6.986971,50.94769],[6.986983,50.947698],[6.987083,50.947772],[6.987084,50.947773],[6.987115,50.947756],[6.987101,50.947743],[6.987107,50.947738],[6.987107,50.947729],[6.987103,50.947726],[6.987018,50.947664]]]},"properties":{"id":"DENW37AL100064sx","h":14.1,"min_z":48.5,"max_z":62.6}},{"type":"Feature","id":"DENW37AL2Ff0009i","geometry":{"type":"Polygon","coordinates":[[[6.988256,50.940469],[6.988329,50.940498],[6.988374,50.940455],[6.988303,50.940425],[6.988256,50.940469]]]},"properties":{"id":"DENW37AL2Ff0009i","h":2.6,"min_z":46.2,"max_z":48.8}},{"type":"Feature","id":"DENW37AL100065de","geometry":{"type":"Polygon","coordinates":[[[6.984148,50.946117],[6.984019,50.946161],[6.984494,50.946717],[6.984623,50.946673],[6.984148,50.946117]]]},"properties":{"id":"DENW37AL100065de","h":21.3,"min_z":47.9,"max_z":69.2}},{"type":"Feature","id":"DENW37AL10006yHl","geometry":{"type":"Polygon","coordinates":[[[6.991878,50.948107],[6.991921,50.948154],[6.991958,50.94814],[6.991914,50.948094],[6.991878,50.948107]]]},"properties":{"id":"DENW37AL10006yHl","h":2.3,"min_z":48.5,"max_z":50.8}},{"type":"Feature","id":"DENW37AL100063wr","geometry":{"type":"Polygon","coordinates":[[[6.988006,50.947384],[6.987988,50.947371],[6.98791,50.947314],[6.987874,50.947334],[6.987833,50.947356],[6.987836,50.947358],[6.987929,50.947427],[6.988006,50.947384]]]},"properties":{"id":"DENW37AL100063wr","h":17.1,"min_z":48.8,"max_z":65.8}},{"type":"Feature","id":"DENW37AL3yQ000QX","geometry":{"type":"Polygon","coordinates":[[[6.986572,50.947902],[6.986507,50.947937],[6.986562,50.947978],[6.986627,50.947942],[6.986572,50.947902]]]},"properties":{"id":"DENW37AL3yQ000QX","h":2.8,"min_z":48.7,"max_z":51.5}},{"type":"Feature","id":"DENW37AL100064IY","geometry":{"type":"Polygon","coordinates":[[[6.988306,50.9477],[6.98827,50.94772],[6.988336,50.947763],[6.988368,50.947745],[6.988306,50.9477]]]},"properties":{"id":"DENW37AL100064IY","h":6.7,"min_z":49.0,"max_z":55.7}},{"type":"Feature","id":"DENW37AL100065t0","geometry":{"type":"Polygon","coordinates":[[[6.988749,50.947701],[6.98877,50.947722],[6.988749,50.947734],[6.988832,50.947792],[6.98894,50.947731],[6.988831,50.947654],[6.988826,50.947658],[6.988749,50.947701]]]},"properties":{"id":"DENW37AL100065t0","h":20.5,"min_z":49.1,"max_z":69.6}},{"type":"Feature","id":"DENW37AL100064rk","geometry":{"type":"Polygon","coordinates":[[[6.98682,50.948252],[6.98691,50.948317],[6.987062,50.948233],[6.986974,50.948169],[6.986897,50.94821],[6.98682,50.948252]]]},"properties":{"id":"DENW37AL100064rk","h":17.5,"min_z":48.4,"max_z":65.8}},{"type":"Feature","id":"DENW37AL100064lq","geometry":{"type":"Polygon","coordinates":[[[6.977562,50.947281],[6.977721,50.947477],[6.977733,50.947474],[6.977814,50.947448],[6.977654,50.947251],[6.977562,50.947281]]]},"properties":{"id":"DENW37AL100064lq","h":18.2,"min_z":47.2,"max_z":65.4}},{"type":"Feature","id":"DENW37AL10006yHL","geometry":{"type":"Polygon","coordinates":[[[6.991988,50.948066],[6.992032,50.948113],[6.992068,50.9481],[6.992025,50.948053],[6.991988,50.948066]]]},"properties":{"id":"DENW37AL10006yHL","h":2.3,"min_z":48.5,"max_z":50.8}},{"type":"Feature","id":"DENW37AL10006yIF","geometry":{"type":"Polygon","coordinates":[[[6.991938,50.948225],[6.99198,50.94827],[6.992017,50.948256],[6.991976,50.948211],[6.991938,50.948225]]]},"properties":{"id":"DENW37AL10006yIF","h":2.3,"min_z":48.4,"max_z":50.8}},{"type":"Feature","id":"DENW37AL1000643R","geometry":{"type":"Polygon","coordinates":[[[6.986384,50.947847],[6.986405,50.947862],[6.986435,50.947884],[6.986594,50.947798],[6.986543,50.94776],[6.986468,50.947801],[6.986406,50.947834],[6.986384,50.947847]]]},"properties":{"id":"DENW37AL1000643R","h":2.7,"min_z":48.6,"max_z":51.4}},{"type":"Feature","id":"DENW37AL100065HI","geometry":{"type":"Polygon","coordinates":[[[6.985089,50.941125],[6.985088,50.941124],[6.985088,50.941122],[6.985086,50.94112],[6.985084,50.941118],[6.985081,50.941117],[6.985079,50.941116],[6.985063,50.941113],[6.985059,50.941113],[6.985056,50.941113],[6.985052,50.941114],[6.98505,50.941115],[6.985048,50.941116],[6.985046,50.941117],[6.985043,50.941121],[6.984847,50.941081],[6.984837,50.941102],[6.984798,50.941177],[6.984788,50.941197],[6.985223,50.941287],[6.985283,50.941171],[6.985087,50.94113],[6.985089,50.941127],[6.985089,50.941125]]]},"properties":{"id":"DENW37AL100065HI","h":16.8,"min_z":46.3,"max_z":63.1}},{"type":"Feature","id":"DENW37AL100074bH","geometry":{"type":"Polygon","coordinates":[[[6.982268,50.946708],[6.982423,50.946891],[6.982538,50.946851],[6.982383,50.946669],[6.982268,50.946708]]]},"properties":{"id":"DENW37AL100074bH","h":12.2,"min_z":46.0,"max_z":58.1}},{"type":"Feature","id":"DENW37AL100063cU","geometry":{"type":"Polygon","coordinates":[[[6.989566,50.940578],[6.989735,50.940631],[6.989775,50.940583],[6.989607,50.940527],[6.989566,50.940578]]]},"properties":{"id":"DENW37AL100063cU","h":3.5,"min_z":46.2,"max_z":49.7}},{"type":"Feature","id":"DENW37AL100074Lk","geometry":{"type":"Polygon","coordinates":[[[6.979505,50.944833],[6.97957,50.944913],[6.979839,50.944826],[6.979774,50.944746],[6.979505,50.944833]]]},"properties":{"id":"DENW37AL100074Lk","h":9.1,"min_z":53.1,"max_z":62.2}},{"type":"Feature","id":"DENW37AL100063me","geometry":{"type":"Polygon","coordinates":[[[6.985017,50.9425],[6.985126,50.942526],[6.985173,50.942449],[6.985063,50.942423],[6.985017,50.9425]]]},"properties":{"id":"DENW37AL100063me","h":4.5,"min_z":47.2,"max_z":51.6}},{"type":"Feature","id":"DENW37AL1000656V","geometry":{"type":"Polygon","coordinates":[[[6.98536,50.942391],[6.985732,50.942481],[6.98592,50.942526],[6.985954,50.942468],[6.985984,50.942418],[6.985547,50.942314],[6.985424,50.942284],[6.98536,50.942391]]]},"properties":{"id":"DENW37AL1000656V","h":9.4,"min_z":45.2,"max_z":54.6}},{"type":"Feature","id":"DENW37AL10016yxD","geometry":{"type":"Polygon","coordinates":[[[6.98225,50.942971],[6.98223,50.942972],[6.982211,50.942972],[6.982191,50.942971],[6.982171,50.942969],[6.982152,50.942967],[6.982133,50.942963],[6.982128,50.942973],[6.982099,50.943033],[6.982122,50.943037],[6.982144,50.94304],[6.982167,50.943042],[6.98219,50.943044],[6.982213,50.943045],[6.982237,50.943044],[6.98226,50.943043],[6.982283,50.943042],[6.98227,50.94297],[6.98225,50.942971]]]},"properties":{"id":"DENW37AL10016yxD","h":9.3,"min_z":47.2,"max_z":56.4}},{"type":"Feature","id":"DENW37AL1Nw000YJ","geometry":{"type":"Polygon","coordinates":[[[6.992536,50.93976],[6.9924,50.93974],[6.992365,50.939835],[6.992501,50.939855],[6.992536,50.93976]]]},"properties":{"id":"DENW37AL1Nw000YJ","h":30.0,"min_z":44.4,"max_z":74.4}},{"type":"Feature","id":"DENW37AL100063d9","geometry":{"type":"Polygon","coordinates":[[[6.990387,50.947957],[6.990521,50.948089],[6.99064,50.948042],[6.990701,50.948018],[6.990672,50.947989],[6.990468,50.947784],[6.990395,50.947813],[6.99037,50.947823],[6.99019,50.947895],[6.99019,50.947895],[6.990096,50.947932],[6.989915,50.948004],[6.990148,50.948237],[6.990341,50.94816],[6.990429,50.948126],[6.990352,50.948048],[6.990264,50.948084],[6.990209,50.948029],[6.990387,50.947957]]]},"properties":{"id":"DENW37AL100063d9","h":15.9,"min_z":48.7,"max_z":64.6}},{"type":"Feature","id":"DENW37AL100074iJ","geometry":{"type":"Polygon","coordinates":[[[6.98491,50.942474],[6.985017,50.9425],[6.985063,50.942423],[6.984957,50.942398],[6.98491,50.942474]]]},"properties":{"id":"DENW37AL100074iJ","h":4.5,"min_z":47.2,"max_z":51.6}},{"type":"Feature","id":"DENW37AL100074Y7","geometry":{"type":"Polygon","coordinates":[[[6.979801,50.944854],[6.979932,50.945013],[6.979971,50.945001],[6.979969,50.944998],[6.979977,50.944995],[6.979852,50.944842],[6.979844,50.944844],[6.979841,50.944841],[6.979801,50.944854]]]},"properties":{"id":"DENW37AL100074Y7","h":5.0,"min_z":54.2,"max_z":59.2}},{"type":"Feature","id":"DENW37AL100063RT","geometry":{"type":"Polygon","coordinates":[[[6.980383,50.943339],[6.980464,50.94344],[6.980505,50.943427],[6.980908,50.943296],[6.980825,50.943195],[6.980383,50.943339]]]},"properties":{"id":"DENW37AL100063RT","h":27.7,"min_z":46.2,"max_z":73.9}},{"type":"Feature","id":"DENW37AL1000646q","geometry":{"type":"Polygon","coordinates":[[[6.987481,50.939885],[6.987567,50.939899],[6.987591,50.939847],[6.987505,50.939832],[6.987481,50.939885]]]},"properties":{"id":"DENW37AL1000646q","h":3.5,"min_z":46.7,"max_z":50.2}},{"type":"Feature","id":"DENW37AL2Fw000Bi","geometry":{"type":"Polygon","coordinates":[[[6.983059,50.946872],[6.983109,50.94693],[6.983214,50.946895],[6.983164,50.946837],[6.983059,50.946872]]]},"properties":{"id":"DENW37AL2Fw000Bi","h":5.4,"min_z":45.8,"max_z":51.2}},{"type":"Feature","id":"DENW37AL100065AG","geometry":{"type":"Polygon","coordinates":[[[6.985523,50.942116],[6.985424,50.942284],[6.985547,50.942314],[6.985647,50.942146],[6.985637,50.942144],[6.985523,50.942116]]]},"properties":{"id":"DENW37AL100065AG","h":8.7,"min_z":46.3,"max_z":55.0}},{"type":"Feature","id":"DENW37AL1000644Q","geometry":{"type":"Polygon","coordinates":[[[6.980198,50.945682],[6.98019,50.945673],[6.980193,50.945672],[6.980043,50.945487],[6.979941,50.945363],[6.979731,50.945105],[6.979729,50.945106],[6.979722,50.945097],[6.979707,50.945102],[6.979706,50.9451],[6.979416,50.945195],[6.979417,50.945196],[6.978661,50.945442],[6.979137,50.946027],[6.979121,50.946032],[6.979122,50.946034],[6.979522,50.945904],[6.979578,50.945886],[6.979744,50.945832],[6.979789,50.945817],[6.980185,50.945688],[6.980184,50.945687],[6.980184,50.945686],[6.980198,50.945682]]]},"properties":{"id":"DENW37AL1000644Q","h":14.5,"min_z":50.9,"max_z":65.5}},{"type":"Feature","id":"DENW37AL100065hk","geometry":{"type":"Polygon","coordinates":[[[6.983635,50.941665],[6.983633,50.941669],[6.98504,50.941964],[6.985091,50.941869],[6.984662,50.94177],[6.984659,50.941775],[6.984505,50.941742],[6.98451,50.941733],[6.983095,50.941435],[6.983042,50.941539],[6.983477,50.941637],[6.98348,50.941632],[6.983635,50.941665]]]},"properties":{"id":"DENW37AL100065hk","h":6.3,"min_z":45.6,"max_z":51.9}},{"type":"Feature","id":"DENW37AL100063ih","geometry":{"type":"Polygon","coordinates":[[[6.988931,50.948371],[6.989142,50.9483],[6.989455,50.948194],[6.989446,50.948182],[6.989449,50.948182],[6.989352,50.948066],[6.989289,50.948101],[6.989109,50.9482],[6.989079,50.948217],[6.989073,50.94822],[6.98902,50.94825],[6.98889,50.948323],[6.988931,50.948371]]]},"properties":{"id":"DENW37AL100063ih","h":8.4,"min_z":49.1,"max_z":57.5}},{"type":"Feature","id":"DENW37AL10006yFs","geometry":{"type":"Polygon","coordinates":[[[6.987913,50.943266],[6.987954,50.943276],[6.988037,50.943137],[6.987996,50.943127],[6.987913,50.943266]]]},"properties":{"id":"DENW37AL10006yFs","h":3.2,"min_z":48.4,"max_z":51.5}},{"type":"Feature","id":"DENW37AL100065Jr","geometry":{"type":"Polygon","coordinates":[[[6.987717,50.947423],[6.987739,50.947411],[6.98775,50.947406],[6.987739,50.947398],[6.987728,50.947404],[6.987685,50.947372],[6.987663,50.947384],[6.987717,50.947423]]]},"properties":{"id":"DENW37AL100065Jr","h":13.5,"min_z":49.0,"max_z":62.5}},{"type":"Feature","id":"DENW37AL100065aV","geometry":{"type":"Polygon","coordinates":[[[6.990267,50.947589],[6.990288,50.947607],[6.990301,50.947622],[6.990388,50.947585],[6.99035,50.947552],[6.990329,50.947561],[6.990267,50.947589]]]},"properties":{"id":"DENW37AL100065aV","h":3.0,"min_z":48.6,"max_z":51.5}},{"type":"Feature","id":"DENW37AL100066t2","geometry":{"type":"Polygon","coordinates":[[[6.987679,50.948016],[6.987645,50.948039],[6.987703,50.948081],[6.98774,50.94806],[6.987679,50.948016]]]},"properties":{"id":"DENW37AL100066t2","h":13.4,"min_z":48.8,"max_z":62.2}},{"type":"Feature","id":"DENW37AL100074RI","geometry":{"type":"Polygon","coordinates":[[[6.985544,50.943696],[6.985553,50.943711],[6.985558,50.94371],[6.985598,50.943701],[6.985649,50.943688],[6.98564,50.943673],[6.985544,50.943696]]]},"properties":{"id":"DENW37AL100074RI","h":25.9,"min_z":45.4,"max_z":71.3}},{"type":"Feature","id":"DENW37AL100064pM","geometry":{"type":"Polygon","coordinates":[[[6.988818,50.94064],[6.988786,50.940628],[6.988769,50.940646],[6.988801,50.940658],[6.988818,50.94064]]]},"properties":{"id":"DENW37AL100064pM","h":2.8,"min_z":46.0,"max_z":48.8}},{"type":"Feature","id":"DENW37AL100074ii","geometry":{"type":"Polygon","coordinates":[[[6.983256,50.944111],[6.983703,50.944204],[6.983795,50.944029],[6.983775,50.944025],[6.983663,50.944002],[6.983406,50.943948],[6.983348,50.943936],[6.983338,50.943956],[6.983256,50.944111]]]},"properties":{"id":"DENW37AL100074ii","h":5.8,"min_z":47.6,"max_z":53.4}},{"type":"Feature","id":"DENW37AL100064xr","geometry":{"type":"Polygon","coordinates":[[[6.985423,50.941195],[6.98533,50.941175],[6.985269,50.941296],[6.985427,50.941329],[6.985466,50.941253],[6.985401,50.941239],[6.985423,50.941195]]]},"properties":{"id":"DENW37AL100064xr","h":5.4,"min_z":46.1,"max_z":51.5}},{"type":"Feature","id":"DENW37ALgb000044","geometry":{"type":"Polygon","coordinates":[[[6.988368,50.947745],[6.988433,50.947791],[6.988463,50.947775],[6.988505,50.947751],[6.988441,50.947704],[6.98841,50.947722],[6.988368,50.947745]]]},"properties":{"id":"DENW37ALgb000044","h":2.6,"min_z":49.0,"max_z":51.6}},{"type":"Feature","id":"DENW37AL100065Vd","geometry":{"type":"Polygon","coordinates":[[[6.978906,50.946609],[6.979277,50.946471],[6.979148,50.946316],[6.978766,50.94644],[6.978906,50.946609]]]},"properties":{"id":"DENW37AL100065Vd","h":10.1,"min_z":46.4,"max_z":56.5}},{"type":"Feature","id":"DENW37AL100064Zs","geometry":{"type":"Polygon","coordinates":[[[6.981107,50.94354],[6.981185,50.943635],[6.980737,50.943776],[6.980699,50.943729],[6.980673,50.943697],[6.9803,50.943818],[6.979887,50.943953],[6.979596,50.944048],[6.979621,50.944078],[6.979673,50.944142],[6.979772,50.944265],[6.98006,50.944618],[6.980148,50.944726],[6.980172,50.944756],[6.980486,50.945141],[6.980515,50.945177],[6.980616,50.945301],[6.980644,50.945336],[6.980773,50.945494],[6.981078,50.945394],[6.982436,50.944952],[6.981457,50.943749],[6.981249,50.943494],[6.981107,50.94354]]]},"properties":{"id":"DENW37AL100064Zs","h":16.5,"min_z":46.3,"max_z":62.8}},{"type":"Feature","id":"DENW37AL10006857","geometry":{"type":"Polygon","coordinates":[[[6.981766,50.947269],[6.981875,50.947234],[6.981857,50.947212],[6.981739,50.947251],[6.981756,50.947272],[6.981766,50.947269]]]},"properties":{"id":"DENW37AL10006857","h":15.1,"min_z":46.9,"max_z":61.9}},{"type":"Feature","id":"DENW37AL2SX000D0","geometry":{"type":"Polygon","coordinates":[[[6.991637,50.945116],[6.991635,50.945114],[6.991634,50.945112],[6.991632,50.94511],[6.991629,50.945108],[6.991626,50.945106],[6.991507,50.945048],[6.991504,50.945047],[6.9915,50.945046],[6.991497,50.945045],[6.991493,50.945045],[6.991489,50.945044],[6.991485,50.945045],[6.991481,50.945045],[6.991478,50.945046],[6.991474,50.945047],[6.991471,50.945048],[6.991468,50.94505],[6.991466,50.945052],[6.991411,50.945096],[6.991407,50.9451],[6.991402,50.945103],[6.991397,50.945106],[6.991392,50.945109],[6.991386,50.945111],[6.99138,50.945113],[6.991374,50.945115],[6.991368,50.945117],[6.991361,50.945119],[6.991354,50.94512],[6.991348,50.945121],[6.991341,50.945122],[6.991334,50.945122],[6.991327,50.945122],[6.99132,50.945122],[6.991313,50.945122],[6.991253,50.945117],[6.991249,50.945116],[6.991245,50.945117],[6.991241,50.945117],[6.991237,50.945118],[6.991234,50.945119],[6.991231,50.94512],[6.991228,50.945122],[6.991225,50.945124],[6.991223,50.945126],[6.991221,50.945128],[6.99122,50.94513],[6.991219,50.945133],[6.991199,50.945227],[6.991199,50.945229],[6.991199,50.945232],[6.9912,50.945234],[6.991201,50.945236],[6.991203,50.945238],[6.991205,50.94524],[6.991208,50.945242],[6.991211,50.945244],[6.991214,50.945245],[6.991217,50.945246],[6.991221,50.945247],[6.991224,50.945247],[6.99142,50.945264],[6.991426,50.945265],[6.991432,50.945265],[6.991438,50.945264],[6.991444,50.945264],[6.991449,50.945263],[6.991455,50.945262],[6.99146,50.945261],[6.991466,50.945259],[6.991471,50.945258],[6.991476,50.945256],[6.99148,50.945253],[6.991485,50.945251],[6.991489,50.945248],[6.991493,50.945245],[6.991631,50.945132],[6.991634,50.94513],[6.991635,50.945128],[6.991637,50.945126],[6.991637,50.945124],[6.991638,50.945121],[6.991637,50.945119],[6.991637,50.945116]]]},"properties":{"id":"DENW37AL2SX000D0","h":9.9,"min_z":47.8,"max_z":57.7}},{"type":"Feature","id":"DENW37AL100065J8","geometry":{"type":"Polygon","coordinates":[[[6.978189,50.942516],[6.978711,50.943157],[6.978724,50.943174],[6.978998,50.94351],[6.979015,50.943531],[6.979057,50.943583],[6.979473,50.943445],[6.979777,50.943344],[6.980258,50.943185],[6.980699,50.943039],[6.980835,50.942994],[6.979966,50.941948],[6.978189,50.942516]]]},"properties":{"id":"DENW37AL100065J8","h":23.2,"min_z":46.4,"max_z":69.7}},{"type":"Feature","id":"DENW37AL100074Mk","geometry":{"type":"Polygon","coordinates":[[[6.980363,50.945542],[6.98052,50.945735],[6.980559,50.945782],[6.980572,50.945799],[6.980619,50.945783],[6.980412,50.94553],[6.980405,50.945532],[6.980402,50.945529],[6.980363,50.945542]]]},"properties":{"id":"DENW37AL100074Mk","h":7.4,"min_z":52.6,"max_z":59.9}},{"type":"Feature","id":"DENW37AL1000648x","geometry":{"type":"Polygon","coordinates":[[[6.986902,50.943784],[6.986884,50.943814],[6.986747,50.944034],[6.986851,50.94406],[6.986927,50.944079],[6.987086,50.943823],[6.987105,50.943828],[6.987137,50.943776],[6.987118,50.943771],[6.987146,50.943725],[6.986967,50.943681],[6.986902,50.943784]]]},"properties":{"id":"DENW37AL1000648x","h":21.3,"min_z":48.1,"max_z":69.5}},{"type":"Feature","id":"DENW37AL1000668A","geometry":{"type":"Polygon","coordinates":[[[6.981937,50.947479],[6.981927,50.947482],[6.981995,50.947564],[6.982092,50.947533],[6.982408,50.94743],[6.982453,50.947416],[6.982433,50.947391],[6.982434,50.947391],[6.982387,50.947332],[6.981937,50.947479]]]},"properties":{"id":"DENW37AL1000668A","h":24.1,"min_z":47.1,"max_z":71.2}},{"type":"Feature","id":"DENW37AL10006yF7","geometry":{"type":"Polygon","coordinates":[[[6.988985,50.948026],[6.989039,50.948065],[6.989415,50.947858],[6.989355,50.947822],[6.988985,50.948026]]]},"properties":{"id":"DENW37AL10006yF7","h":2.6,"min_z":49.1,"max_z":51.7}},{"type":"Feature","id":"DENW37AL10006yIc","geometry":{"type":"Polygon","coordinates":[[[6.991914,50.948094],[6.991958,50.94814],[6.991995,50.948127],[6.991952,50.94808],[6.991914,50.948094]]]},"properties":{"id":"DENW37AL10006yIc","h":2.3,"min_z":48.5,"max_z":50.8}},{"type":"Feature","id":"DENW37AL10006yIE","geometry":{"type":"Polygon","coordinates":[[[6.979855,50.939868],[6.979862,50.939896],[6.979908,50.939891],[6.979904,50.939863],[6.979855,50.939868]]]},"properties":{"id":"DENW37AL10006yIE","h":9.0,"min_z":49.8,"max_z":58.8}},{"type":"Feature","id":"DENW37AL10006yFq","geometry":{"type":"Polygon","coordinates":[[[6.99179,50.94828],[6.991832,50.948325],[6.991868,50.948312],[6.991826,50.948267],[6.99179,50.94828]]]},"properties":{"id":"DENW37AL10006yFq","h":2.2,"min_z":48.5,"max_z":50.8}},{"type":"Feature","id":"DENW37AL10006yGB","geometry":{"type":"Polygon","coordinates":[[[6.991839,50.948122],[6.991882,50.948168],[6.991921,50.948154],[6.991878,50.948107],[6.991839,50.948122]]]},"properties":{"id":"DENW37AL10006yGB","h":2.3,"min_z":48.5,"max_z":50.8}},{"type":"Feature","id":"DENW37AL100062qT","geometry":{"type":"Polygon","coordinates":[[[6.981736,50.940559],[6.981773,50.940567],[6.981781,50.940553],[6.981743,50.940545],[6.981736,50.940559]]]},"properties":{"id":"DENW37AL100062qT","h":2.8,"min_z":46.3,"max_z":49.1}},{"type":"Feature","id":"DENW37AL10006yIA","geometry":{"type":"Polygon","coordinates":[[[6.991803,50.948135],[6.991846,50.948182],[6.991882,50.948168],[6.991839,50.948122],[6.991803,50.948135]]]},"properties":{"id":"DENW37AL10006yIA","h":2.2,"min_z":48.5,"max_z":50.7}},{"type":"Feature","id":"DENW37AL10006yFT","geometry":{"type":"Polygon","coordinates":[[[6.991716,50.948308],[6.991758,50.948353],[6.991795,50.948339],[6.991753,50.948294],[6.991716,50.948308]]]},"properties":{"id":"DENW37AL10006yFT","h":2.2,"min_z":48.6,"max_z":50.8}},{"type":"Feature","id":"DENW37AL100063PH","geometry":{"type":"Polygon","coordinates":[[[6.985637,50.942144],[6.985647,50.942146],[6.985681,50.942154],[6.98571,50.942106],[6.985811,50.942083],[6.985948,50.942114],[6.985968,50.942082],[6.985814,50.942045],[6.985679,50.942075],[6.985662,50.942103],[6.985652,50.942101],[6.985662,50.942085],[6.985646,50.942058],[6.985617,50.942064],[6.98563,50.942085],[6.985526,50.942113],[6.985523,50.942116],[6.985637,50.942144]]]},"properties":{"id":"DENW37AL100063PH","h":6.8,"min_z":46.1,"max_z":53.0}},{"type":"Feature","id":"DENW37AL1000644g","geometry":{"type":"Polygon","coordinates":[[[6.987874,50.947334],[6.98791,50.947314],[6.987857,50.947276],[6.987822,50.947295],[6.987874,50.947334]]]},"properties":{"id":"DENW37AL1000644g","h":14.1,"min_z":48.8,"max_z":62.9}},{"type":"Feature","id":"DENW37AL100063hY","geometry":{"type":"Polygon","coordinates":[[[6.987996,50.94786],[6.988072,50.947915],[6.988104,50.947897],[6.988061,50.947867],[6.988068,50.947863],[6.988034,50.947839],[6.987996,50.94786]]]},"properties":{"id":"DENW37AL100063hY","h":3.0,"min_z":49.2,"max_z":52.2}},{"type":"Feature","id":"DENW37AL100062hN","geometry":{"type":"Polygon","coordinates":[[[6.982405,50.946986],[6.982343,50.947008],[6.982361,50.947028],[6.982423,50.947007],[6.982405,50.946986]]]},"properties":{"id":"DENW37AL100062hN","h":12.4,"min_z":45.9,"max_z":58.3}},{"type":"Feature","id":"DENW37AL10006663","geometry":{"type":"Polygon","coordinates":[[[6.97992,50.941782],[6.979947,50.941818],[6.979985,50.941807],[6.979958,50.94177],[6.97992,50.941782]]]},"properties":{"id":"DENW37AL10006663","h":2.7,"min_z":45.9,"max_z":48.6}},{"type":"Feature","id":"DENW37AL10006528","geometry":{"type":"Polygon","coordinates":[[[6.988251,50.947609],[6.988239,50.947616],[6.988224,50.947605],[6.988195,50.947621],[6.988306,50.9477],[6.988347,50.947677],[6.988251,50.947609]]]},"properties":{"id":"DENW37AL10006528","h":17.9,"min_z":48.7,"max_z":66.7}},{"type":"Feature","id":"DENW37ALEP00001F","geometry":{"type":"Polygon","coordinates":[[[6.987451,50.94381],[6.98733,50.944033],[6.987575,50.944086],[6.987576,50.944086],[6.987664,50.943922],[6.987653,50.94392],[6.987642,50.943917],[6.987631,50.943914],[6.987621,50.94391],[6.98761,50.943907],[6.9876,50.943903],[6.98759,50.943898],[6.987581,50.943894],[6.987572,50.943889],[6.987563,50.943884],[6.987555,50.943878],[6.987547,50.943872],[6.987539,50.943867],[6.987532,50.94386],[6.987526,50.943854],[6.98752,50.943848],[6.987514,50.943841],[6.987509,50.943834],[6.987504,50.943827],[6.9875,50.94382],[6.987493,50.943819],[6.987406,50.94398],[6.987368,50.943972],[6.987452,50.943816],[6.987453,50.943816],[6.987456,50.943811],[6.987451,50.94381]]]},"properties":{"id":"DENW37ALEP00001F","h":7.6,"min_z":47.6,"max_z":55.1}},{"type":"Feature","id":"DENW37AL100064Am","geometry":{"type":"Polygon","coordinates":[[[6.985746,50.941352],[6.985811,50.94137],[6.985851,50.941312],[6.985786,50.941294],[6.985746,50.941352]]]},"properties":{"id":"DENW37AL100064Am","h":2.9,"min_z":46.1,"max_z":49.0}},{"type":"Feature","id":"DENW37AL1000659u","geometry":{"type":"Polygon","coordinates":[[[6.981475,50.941401],[6.98145,50.941372],[6.981446,50.941373],[6.981426,50.94138],[6.981303,50.94146],[6.981475,50.941401]]]},"properties":{"id":"DENW37AL1000659u","h":25.2,"min_z":45.8,"max_z":71.0}},{"type":"Feature","id":"DENW37AL10006yGl","geometry":{"type":"Polygon","coordinates":[[[6.990683,50.947405],[6.990648,50.94742],[6.990653,50.947425],[6.990691,50.947464],[6.990727,50.94745],[6.990689,50.947411],[6.990683,50.947405]]]},"properties":{"id":"DENW37AL10006yGl","h":2.9,"min_z":48.3,"max_z":51.2}},{"type":"Feature","id":"DENW37AL10006yHX","geometry":{"type":"Polygon","coordinates":[[[6.992125,50.948155],[6.992168,50.948201],[6.992203,50.948188],[6.99216,50.948142],[6.992125,50.948155]]]},"properties":{"id":"DENW37AL10006yHX","h":2.3,"min_z":48.5,"max_z":50.8}},{"type":"Feature","id":"DENW37AL10006yG5","geometry":{"type":"Polygon","coordinates":[[[6.991753,50.948294],[6.991795,50.948339],[6.991832,50.948325],[6.99179,50.94828],[6.991753,50.948294]]]},"properties":{"id":"DENW37AL10006yG5","h":2.2,"min_z":48.6,"max_z":50.8}},{"type":"Feature","id":"DENW37AL100063P7","geometry":{"type":"Polygon","coordinates":[[[6.982704,50.943737],[6.982771,50.943714],[6.982872,50.94368],[6.982411,50.943138],[6.982359,50.943152],[6.982363,50.943156],[6.982238,50.943198],[6.982704,50.943737]]]},"properties":{"id":"DENW37AL100063P7","h":20.2,"min_z":47.3,"max_z":67.5}},{"type":"Feature","id":"DENW37AL100065Ka","geometry":{"type":"Polygon","coordinates":[[[6.987629,50.947592],[6.987704,50.947551],[6.987614,50.947484],[6.987539,50.947525],[6.987629,50.947592]]]},"properties":{"id":"DENW37AL100065Ka","h":16.5,"min_z":48.8,"max_z":65.3}},{"type":"Feature","id":"DENW37AL100065AD","geometry":{"type":"Polygon","coordinates":[[[6.987062,50.94756],[6.987069,50.947565],[6.987097,50.947586],[6.98712,50.947604],[6.987137,50.947595],[6.987154,50.947608],[6.987181,50.947593],[6.987208,50.947579],[6.987132,50.947522],[6.987062,50.94756]]]},"properties":{"id":"DENW37AL100065AD","h":5.7,"min_z":48.9,"max_z":54.5}},{"type":"Feature","id":"DENW37AL100065UG","geometry":{"type":"Polygon","coordinates":[[[6.98751,50.947985],[6.987545,50.948011],[6.987579,50.947992],[6.98755,50.947971],[6.987457,50.947902],[6.987422,50.947922],[6.98751,50.947985]]]},"properties":{"id":"DENW37AL100065UG","h":18.5,"min_z":48.5,"max_z":67.0}},{"type":"Feature","id":"DENW37AL1000662H","geometry":{"type":"Polygon","coordinates":[[[6.987689,50.947441],[6.987781,50.947508],[6.987929,50.947427],[6.987836,50.947358],[6.987777,50.947391],[6.98775,50.947406],[6.987717,50.947423],[6.987687,50.94744],[6.987689,50.947441]]]},"properties":{"id":"DENW37AL1000662H","h":16.6,"min_z":48.8,"max_z":65.3}},{"type":"Feature","id":"DENW37AL1000648Z","geometry":{"type":"Polygon","coordinates":[[[6.987084,50.947773],[6.987177,50.94784],[6.987252,50.947799],[6.987159,50.947731],[6.987115,50.947756],[6.987084,50.947773]]]},"properties":{"id":"DENW37AL1000648Z","h":17.7,"min_z":48.5,"max_z":66.2}},{"type":"Feature","id":"DENW37AL100063vx","geometry":{"type":"Polygon","coordinates":[[[6.986802,50.943174],[6.986834,50.94312],[6.986821,50.943102],[6.986742,50.943083],[6.986714,50.94309],[6.986677,50.943145],[6.986802,50.943174]]]},"properties":{"id":"DENW37AL100063vx","h":27.5,"min_z":47.4,"max_z":74.9}},{"type":"Feature","id":"DENW37AL100074tF","geometry":{"type":"Polygon","coordinates":[[[6.988723,50.947716],[6.988749,50.947734],[6.98877,50.947722],[6.988749,50.947701],[6.988723,50.947716]]]},"properties":{"id":"DENW37AL100074tF","h":20.5,"min_z":49.2,"max_z":69.7}},{"type":"Feature","id":"DENW37AL100064Wx","geometry":{"type":"Polygon","coordinates":[[[6.987495,50.947882],[6.987583,50.947945],[6.987616,50.947927],[6.987626,50.947922],[6.987661,50.947903],[6.987572,50.947838],[6.987498,50.947878],[6.987499,50.947879],[6.987495,50.947882]]]},"properties":{"id":"DENW37AL100064Wx","h":18.3,"min_z":48.7,"max_z":67.0}},{"type":"Feature","id":"DENW37AL100064mD","geometry":{"type":"Polygon","coordinates":[[[6.98504,50.944212],[6.985309,50.944222],[6.985312,50.94419],[6.985043,50.94418],[6.98504,50.944212]]]},"properties":{"id":"DENW37AL100064mD","h":30.3,"min_z":45.4,"max_z":75.7}},{"type":"Feature","id":"DENW37AL100063fj","geometry":{"type":"Polygon","coordinates":[[[6.990205,50.947124],[6.990571,50.94731],[6.990637,50.947344],[6.990662,50.947356],[6.990807,50.947243],[6.990349,50.94701],[6.990205,50.947124]]]},"properties":{"id":"DENW37AL100063fj","h":14.2,"min_z":48.0,"max_z":62.2}},{"type":"Feature","id":"DENW37AL100064MU","geometry":{"type":"Polygon","coordinates":[[[6.986887,50.942259],[6.986836,50.942347],[6.986813,50.942384],[6.987459,50.942581],[6.987551,50.94245],[6.986894,50.942261],[6.986887,50.942259]]]},"properties":{"id":"DENW37AL100064MU","h":6.7,"min_z":46.9,"max_z":53.6}},{"type":"Feature","id":"DENW37AL100064nS","geometry":{"type":"Polygon","coordinates":[[[6.983836,50.940953],[6.983836,50.940953],[6.983838,50.940979],[6.983887,50.940977],[6.983884,50.94095],[6.983836,50.940953]]]},"properties":{"id":"DENW37AL100064nS","h":7.9,"min_z":46.2,"max_z":54.1}},{"type":"Feature","id":"DENW37AL100065xJ","geometry":{"type":"Polygon","coordinates":[[[6.985808,50.94312],[6.985905,50.942958],[6.985746,50.942922],[6.985705,50.94299],[6.985649,50.943082],[6.985808,50.94312]]]},"properties":{"id":"DENW37AL100065xJ","h":17.2,"min_z":47.1,"max_z":64.3}},{"type":"Feature","id":"DENW37AL2DM0007k","geometry":{"type":"Polygon","coordinates":[[[6.989348,50.939767],[6.989855,50.939841],[6.989941,50.939608],[6.990003,50.939438],[6.989898,50.939423],[6.989918,50.939369],[6.989515,50.93931],[6.989348,50.939767]]]},"properties":{"id":"DENW37AL2DM0007k","h":30.5,"min_z":46.3,"max_z":76.8}},{"type":"Feature","id":"DENW37AL2SX000Fh","geometry":{"type":"Polygon","coordinates":[[[6.99145,50.944938],[6.991448,50.944936],[6.991409,50.944899],[6.99137,50.944861],[6.991331,50.944823],[6.991229,50.944725],[6.991226,50.944723],[6.991206,50.944711],[6.991203,50.94471],[6.991177,50.944704],[6.991173,50.944703],[6.991145,50.944704],[6.991141,50.944705],[6.991089,50.944714],[6.991085,50.944715],[6.99098,50.944733],[6.990976,50.944734],[6.990879,50.94474],[6.99083,50.944739],[6.990781,50.944734],[6.990733,50.944728],[6.990686,50.944718],[6.990641,50.944705],[6.990597,50.94469],[6.990557,50.944672],[6.990519,50.944652],[6.990484,50.94463],[6.990437,50.944596],[6.990433,50.944594],[6.990384,50.944561],[6.990334,50.944528],[6.990283,50.944496],[6.990231,50.944465],[6.990124,50.944404],[6.990069,50.944375],[6.989956,50.944319],[6.989898,50.944292],[6.989842,50.944266],[6.989838,50.944265],[6.989722,50.944216],[6.989718,50.944215],[6.989659,50.944192],[6.989597,50.944169],[6.989534,50.944147],[6.989471,50.944126],[6.989407,50.944105],[6.989342,50.944086],[6.989276,50.944067],[6.989271,50.944065],[6.989205,50.944048],[6.989138,50.944031],[6.989004,50.944],[6.988935,50.943985],[6.988867,50.943972],[6.988798,50.943959],[6.988714,50.943946],[6.988658,50.943937],[6.988588,50.943927],[6.988518,50.943919],[6.988447,50.943911],[6.988376,50.943904],[6.988234,50.943894],[6.988162,50.943889],[6.988093,50.943886],[6.988088,50.943886],[6.98806,50.943889],[6.988056,50.94389],[6.988032,50.9439],[6.988029,50.943902],[6.988014,50.943917],[6.988012,50.94392],[6.987972,50.943994],[6.987951,50.944032],[6.987929,50.944074],[6.987916,50.944098],[6.987898,50.944129],[6.987883,50.944158],[6.987882,50.94416],[6.987878,50.94418],[6.987879,50.944182],[6.987891,50.944201],[6.987893,50.944202],[6.987916,50.944216],[6.987919,50.944217],[6.987949,50.944222],[6.987954,50.944222],[6.988,50.944223],[6.98806,50.944225],[6.98812,50.944227],[6.988181,50.944231],[6.988241,50.944235],[6.988301,50.94424],[6.98836,50.944246],[6.988497,50.944261],[6.988538,50.944268],[6.988597,50.944277],[6.988656,50.944286],[6.988714,50.944297],[6.988772,50.944308],[6.98883,50.94432],[6.988886,50.944333],[6.988943,50.944346],[6.988999,50.944361],[6.989054,50.944376],[6.98906,50.944378],[6.989115,50.944393],[6.98917,50.94441],[6.989224,50.944427],[6.989277,50.944445],[6.98933,50.944463],[6.989382,50.944483],[6.989434,50.944503],[6.989485,50.944524],[6.989535,50.944545],[6.989564,50.944557],[6.989633,50.94459],[6.989681,50.944613],[6.989728,50.944637],[6.989775,50.944661],[6.98982,50.944687],[6.989865,50.944712],[6.989908,50.944739],[6.989951,50.944766],[6.989993,50.944793],[6.990034,50.944822],[6.990038,50.944824],[6.990086,50.944858],[6.990135,50.944889],[6.990187,50.944919],[6.990242,50.944947],[6.9903,50.944972],[6.99036,50.944995],[6.990423,50.945015],[6.990488,50.945032],[6.990554,50.945047],[6.990621,50.945059],[6.990688,50.945068],[6.99083,50.945079],[6.9909,50.945079],[6.99104,50.945071],[6.991177,50.945052],[6.991239,50.94504],[6.991307,50.945028],[6.991375,50.945015],[6.991405,50.945009],[6.991409,50.945009],[6.991436,50.944999],[6.991439,50.944997],[6.991455,50.944981],[6.991457,50.944978],[6.991461,50.944959],[6.99146,50.944957],[6.99145,50.944938]]]},"properties":{"id":"DENW37AL2SX000Fh","h":16.9,"min_z":47.7,"max_z":64.6}},{"type":"Feature","id":"DENW37AL100064hB","geometry":{"type":"Polygon","coordinates":[[[6.982831,50.940813],[6.982964,50.940827],[6.982975,50.940792],[6.982842,50.940777],[6.982831,50.940813]]]},"properties":{"id":"DENW37AL100064hB","h":1.3,"min_z":46.2,"max_z":47.5}},{"type":"Feature","id":"DENW37AL100074ll","geometry":{"type":"Polygon","coordinates":[[[6.979908,50.941766],[6.97992,50.941782],[6.979958,50.94177],[6.979946,50.941755],[6.979908,50.941766]]]},"properties":{"id":"DENW37AL100074ll","h":2.8,"min_z":45.9,"max_z":48.7}},{"type":"Feature","id":"DENW37AL100063dr","geometry":{"type":"Polygon","coordinates":[[[6.988043,50.947702],[6.988013,50.947719],[6.988025,50.947727],[6.988012,50.947734],[6.988117,50.947809],[6.988122,50.947806],[6.988159,50.947786],[6.988043,50.947702]]]},"properties":{"id":"DENW37AL100063dr","h":18.2,"min_z":48.7,"max_z":66.9}},{"type":"Feature","id":"DENW37AL2IG0009p","geometry":{"type":"Polygon","coordinates":[[[6.987077,50.947775],[6.987033,50.947799],[6.987015,50.947785],[6.986925,50.947835],[6.986947,50.947852],[6.986919,50.947869],[6.986958,50.947897],[6.987077,50.947831],[6.987128,50.947868],[6.987177,50.94784],[6.987084,50.947773],[6.987083,50.947772],[6.987077,50.947775]]]},"properties":{"id":"DENW37AL2IG0009p","h":17.2,"min_z":48.4,"max_z":65.6}},{"type":"Feature","id":"DENW37AL100064mz","geometry":{"type":"Polygon","coordinates":[[[6.982811,50.943761],[6.982894,50.943858],[6.983058,50.943802],[6.982975,50.943705],[6.982811,50.943761]]]},"properties":{"id":"DENW37AL100064mz","h":18.8,"min_z":47.4,"max_z":66.2}},{"type":"Feature","id":"DENW37AL100064jC","geometry":{"type":"Polygon","coordinates":[[[6.982214,50.942735],[6.982209,50.942735],[6.982192,50.942734],[6.982176,50.942731],[6.982169,50.942729],[6.982224,50.942774],[6.982152,50.9428],[6.98216,50.942806],[6.982179,50.942816],[6.982202,50.942822],[6.982214,50.942823],[6.982239,50.942823],[6.982251,50.942821],[6.982388,50.942775],[6.982349,50.942729],[6.982284,50.942752],[6.982284,50.942752],[6.982276,50.94275],[6.982275,50.942749],[6.982231,50.942736],[6.982214,50.942735]]]},"properties":{"id":"DENW37AL100064jC","h":24.7,"min_z":46.6,"max_z":71.3}},{"type":"Feature","id":"DENW37AL100064pe","geometry":{"type":"Polygon","coordinates":[[[6.986398,50.948003],[6.986398,50.948003],[6.986328,50.947914],[6.986329,50.947914],[6.986312,50.947892],[6.986281,50.947902],[6.986268,50.947906],[6.986202,50.947928],[6.986212,50.94794],[6.986336,50.948085],[6.986391,50.948057],[6.986403,50.948051],[6.986426,50.948039],[6.986398,50.948003]]]},"properties":{"id":"DENW37AL100064pe","h":18.9,"min_z":48.5,"max_z":67.4}},{"type":"Feature","id":"DENW37AL2Fi0001U","geometry":{"type":"Polygon","coordinates":[[[6.986035,50.943194],[6.986008,50.943232],[6.986055,50.943243],[6.986092,50.943252],[6.986117,50.943216],[6.986035,50.943194]]]},"properties":{"id":"DENW37AL2Fi0001U","h":3.1,"min_z":47.3,"max_z":50.3}},{"type":"Feature","id":"DENW37AL10006yIW","geometry":{"type":"Polygon","coordinates":[[[6.986412,50.943606],[6.986438,50.943613],[6.986484,50.943624],[6.986524,50.94356],[6.986452,50.943542],[6.986452,50.943542],[6.986426,50.943585],[6.986412,50.943606]]]},"properties":{"id":"DENW37AL10006yIW","h":20.9,"min_z":47.8,"max_z":68.8}},{"type":"Feature","id":"DENW37AL100074Zd","geometry":{"type":"Polygon","coordinates":[[[6.984983,50.947329],[6.98492,50.947306],[6.984579,50.947668],[6.984537,50.947709],[6.984488,50.947747],[6.984434,50.947781],[6.984376,50.947812],[6.984314,50.94784],[6.984248,50.947863],[6.98419,50.94788],[6.984131,50.947894],[6.984071,50.947904],[6.984009,50.947912],[6.983948,50.947917],[6.983886,50.947919],[6.983825,50.947918],[6.983798,50.947916],[6.983771,50.947914],[6.983744,50.947912],[6.983665,50.947901],[6.983587,50.947885],[6.983513,50.947864],[6.983485,50.947894],[6.983543,50.947915],[6.983602,50.947932],[6.983664,50.947947],[6.983728,50.947958],[6.983796,50.947967],[6.983866,50.947971],[6.983935,50.947972],[6.983992,50.94797],[6.984048,50.947965],[6.984104,50.947958],[6.984166,50.947947],[6.984226,50.947933],[6.984284,50.947916],[6.98434,50.947897],[6.984378,50.947879],[6.984414,50.94786],[6.984449,50.94784],[6.98449,50.947813],[6.984527,50.947784],[6.984562,50.947753],[6.984629,50.947681],[6.984632,50.947682],[6.984601,50.947715],[6.984651,50.947733],[6.984996,50.947366],[6.984961,50.947353],[6.984983,50.947329]]]},"properties":{"id":"DENW37AL100074Zd","h":12.6,"min_z":47.0,"max_z":59.6}},{"type":"Feature","id":"DENW37AL10006yHb","geometry":{"type":"Polygon","coordinates":[[[6.988174,50.947506],[6.988263,50.947571],[6.988316,50.947541],[6.988231,50.947475],[6.988174,50.947506]]]},"properties":{"id":"DENW37AL10006yHb","h":18.0,"min_z":48.8,"max_z":66.8}},{"type":"Feature","id":"DENW37AL100062in","geometry":{"type":"Polygon","coordinates":[[[6.982346,50.939276],[6.982205,50.939291],[6.982204,50.939288],[6.982179,50.939291],[6.982049,50.939304],[6.982041,50.939305],[6.981971,50.939312],[6.981926,50.939316],[6.981926,50.93932],[6.980708,50.939445],[6.98072,50.939491],[6.980624,50.939502],[6.980611,50.939456],[6.979934,50.93953],[6.979947,50.939577],[6.97985,50.939587],[6.979837,50.939541],[6.979446,50.939584],[6.979458,50.939626],[6.97944,50.939628],[6.979429,50.939621],[6.979417,50.939615],[6.979404,50.93961],[6.97939,50.939606],[6.979375,50.939602],[6.97936,50.9396],[6.979345,50.939599],[6.979329,50.939598],[6.979314,50.939599],[6.979291,50.939603],[6.979278,50.939606],[6.979264,50.93961],[6.979252,50.939615],[6.97924,50.939621],[6.97923,50.939628],[6.97922,50.939635],[6.979212,50.939643],[6.979205,50.939651],[6.9792,50.93966],[6.979197,50.939665],[6.979195,50.93967],[6.979193,50.939675],[6.979192,50.939685],[6.979192,50.939695],[6.979194,50.939704],[6.979198,50.939714],[6.979203,50.939723],[6.97921,50.939731],[6.979218,50.93974],[6.979228,50.939747],[6.979239,50.939754],[6.979251,50.93976],[6.979261,50.939764],[6.979271,50.939768],[6.979282,50.939771],[6.979293,50.939774],[6.979309,50.939776],[6.979325,50.939777],[6.979342,50.939777],[6.979358,50.939776],[6.979374,50.939774],[6.979389,50.93977],[6.979404,50.939766],[6.979417,50.93976],[6.97943,50.939754],[6.979441,50.939747],[6.979451,50.939738],[6.979458,50.939731],[6.979464,50.939724],[6.979469,50.939716],[6.979472,50.939708],[6.979475,50.9397],[6.979476,50.939692],[6.979476,50.939692],[6.979488,50.939734],[6.980838,50.939585],[6.982145,50.939452],[6.982132,50.939445],[6.982121,50.939438],[6.982111,50.93943],[6.982103,50.939422],[6.982097,50.939412],[6.982092,50.939403],[6.982088,50.939393],[6.982087,50.939383],[6.982087,50.939373],[6.982089,50.939363],[6.982093,50.939353],[6.982098,50.939344],[6.982105,50.939335],[6.982115,50.939326],[6.982126,50.939318],[6.982138,50.93931],[6.982152,50.939304],[6.982167,50.939299],[6.982182,50.939295],[6.982199,50.939292],[6.982215,50.93929],[6.982232,50.93929],[6.982249,50.939291],[6.982266,50.939293],[6.982282,50.939297],[6.982297,50.939301],[6.982311,50.939307],[6.982325,50.939314],[6.982336,50.939322],[6.982346,50.93933],[6.982355,50.93934],[6.982362,50.93935],[6.982366,50.93936],[6.982369,50.93937],[6.98237,50.939381],[6.982368,50.939392],[6.982365,50.939402],[6.98236,50.939412],[6.982352,50.939422],[6.982343,50.939431],[6.982385,50.939427],[6.982346,50.939276]]]},"properties":{"id":"DENW37AL100062in","h":37.3,"min_z":44.9,"max_z":82.3}},{"type":"Feature","id":"DENW37AL40000kPL","geometry":{"type":"Polygon","coordinates":[[[6.992396,50.940417],[6.992369,50.940491],[6.992461,50.940504],[6.992451,50.94053],[6.992376,50.940737],[6.992338,50.940732],[6.992284,50.940724],[6.992257,50.940798],[6.992487,50.940832],[6.99259,50.94055],[6.992627,50.94045],[6.992396,50.940417]]]},"properties":{"id":"DENW37AL40000kPL","h":28.8,"min_z":46.3,"max_z":75.1}},{"type":"Feature","id":"DENW37AL100074kP","geometry":{"type":"Polygon","coordinates":[[[6.990733,50.948045],[6.990791,50.948103],[6.9908,50.948099],[6.990826,50.948089],[6.990769,50.948031],[6.990733,50.948045]]]},"properties":{"id":"DENW37AL100074kP","h":5.6,"min_z":48.2,"max_z":53.8}},{"type":"Feature","id":"DENW37AL100065Rf","geometry":{"type":"Polygon","coordinates":[[[6.990068,50.947902],[6.990096,50.947932],[6.99019,50.947895],[6.990163,50.947866],[6.990161,50.947867],[6.990068,50.947902]]]},"properties":{"id":"DENW37AL100065Rf","h":2.3,"min_z":48.7,"max_z":51.0}},{"type":"Feature","id":"DENW37ALes0000Gw","geometry":{"type":"Polygon","coordinates":[[[6.991485,50.939227],[6.991363,50.939561],[6.99161,50.939597],[6.991732,50.939263],[6.991485,50.939227]]]},"properties":{"id":"DENW37ALes0000Gw","h":21.8,"min_z":46.3,"max_z":68.1}},{"type":"Feature","id":"DENW37AL100074HW","geometry":{"type":"Polygon","coordinates":[[[6.985215,50.943628],[6.985249,50.943684],[6.985539,50.943615],[6.985505,50.943559],[6.98547,50.943567],[6.985297,50.943608],[6.985215,50.943628]]]},"properties":{"id":"DENW37AL100074HW","h":5.2,"min_z":47.8,"max_z":53.0}},{"type":"Feature","id":"DENW37AL100063z7","geometry":{"type":"Polygon","coordinates":[[[6.985693,50.942907],[6.985664,50.9429],[6.985623,50.942971],[6.985705,50.94299],[6.985746,50.942922],[6.985692,50.942909],[6.985693,50.942907]]]},"properties":{"id":"DENW37AL100063z7","h":3.0,"min_z":47.0,"max_z":50.0}},{"type":"Feature","id":"DENW37AL2Fi0001T","geometry":{"type":"Polygon","coordinates":[[[6.987626,50.942493],[6.987589,50.942482],[6.987505,50.942602],[6.987544,50.942611],[6.987626,50.942493]]]},"properties":{"id":"DENW37AL2Fi0001T","h":5.6,"min_z":46.8,"max_z":52.3}},{"type":"Feature","id":"DENW37AL100066pw","geometry":{"type":"Polygon","coordinates":[[[6.988231,50.947475],[6.988316,50.947541],[6.988346,50.947524],[6.98838,50.947505],[6.988511,50.94743],[6.988517,50.947427],[6.988432,50.947364],[6.988231,50.947475]]]},"properties":{"id":"DENW37AL100066pw","h":18.0,"min_z":48.8,"max_z":66.8}},{"type":"Feature","id":"DENW37ALes0000H9","geometry":{"type":"Polygon","coordinates":[[[6.991795,50.939698],[6.991825,50.939702],[6.991832,50.939684],[6.991802,50.939679],[6.991795,50.939698]]]},"properties":{"id":"DENW37ALes0000H9","h":18.8,"min_z":46.5,"max_z":65.3}},{"type":"Feature","id":"DENW37AL100154BV","geometry":{"type":"Polygon","coordinates":[[[6.988096,50.94312],[6.988216,50.943148],[6.988236,50.943115],[6.988117,50.943086],[6.988096,50.94312]]]},"properties":{"id":"DENW37AL100154BV","h":5.6,"min_z":48.2,"max_z":53.8}},{"type":"Feature","id":"DENW37AL100064es","geometry":{"type":"Polygon","coordinates":[[[6.990288,50.947607],[6.989983,50.947749],[6.98996,50.947729],[6.989725,50.947858],[6.989602,50.947926],[6.989652,50.947976],[6.989653,50.947977],[6.99028,50.947734],[6.990306,50.947725],[6.990373,50.947699],[6.990308,50.947629],[6.990301,50.947622],[6.990288,50.947607]]]},"properties":{"id":"DENW37AL100064es","h":7.5,"min_z":48.5,"max_z":55.9}},{"type":"Feature","id":"DENW37AL100065bg","geometry":{"type":"Polygon","coordinates":[[[6.980383,50.943339],[6.9799,50.943496],[6.979596,50.943595],[6.97966,50.943674],[6.979699,50.943722],[6.979784,50.943826],[6.980194,50.943691],[6.980568,50.943568],[6.980464,50.94344],[6.980383,50.943339]]]},"properties":{"id":"DENW37AL100065bg","h":10.9,"min_z":46.2,"max_z":57.0}},{"type":"Feature","id":"DENW37AL2IG0009y","geometry":{"type":"Polygon","coordinates":[[[6.987251,50.947672],[6.987273,50.94766],[6.987253,50.947646],[6.987231,50.947657],[6.987251,50.947672]]]},"properties":{"id":"DENW37AL2IG0009y","h":15.1,"min_z":48.9,"max_z":64.0}},{"type":"Feature","id":"DENW37ALXi00002Q","geometry":{"type":"Polygon","coordinates":[[[6.982026,50.94218],[6.982036,50.942192],[6.9821,50.942171],[6.98219,50.942275],[6.982209,50.942269],[6.982109,50.942152],[6.982026,50.94218]]]},"properties":{"id":"DENW37ALXi00002Q","h":10.3,"min_z":42.8,"max_z":53.1}},{"type":"Feature","id":"DENW37AL100066I6","geometry":{"type":"Polygon","coordinates":[[[6.990701,50.948018],[6.99064,50.948042],[6.990637,50.948051],[6.990654,50.948069],[6.990667,50.948071],[6.990733,50.948045],[6.990734,50.948037],[6.990715,50.948018],[6.990701,50.948018]]]},"properties":{"id":"DENW37AL100066I6","h":14.2,"min_z":48.4,"max_z":62.6}},{"type":"Feature","id":"DENW37AL100074Zs","geometry":{"type":"Polygon","coordinates":[[[6.98417,50.944032],[6.984211,50.944101],[6.984404,50.944108],[6.984404,50.944098],[6.984334,50.944096],[6.984342,50.944064],[6.98434,50.944064],[6.984338,50.944063],[6.984337,50.944063],[6.984337,50.944063],[6.984336,50.944063],[6.984336,50.944063],[6.984334,50.944062],[6.984332,50.944061],[6.98433,50.94406],[6.984328,50.944059],[6.984327,50.944058],[6.984325,50.944057],[6.984324,50.944056],[6.984323,50.944055],[6.984322,50.944053],[6.984321,50.944052],[6.984321,50.94405],[6.98432,50.944049],[6.98432,50.944049],[6.98432,50.944048],[6.98432,50.944048],[6.98432,50.944048],[6.98432,50.944046],[6.984321,50.944045],[6.984321,50.944043],[6.984322,50.944042],[6.984322,50.944041],[6.984322,50.944041],[6.984322,50.944041],[6.984323,50.94404],[6.984324,50.944039],[6.984325,50.944038],[6.984326,50.944037],[6.984328,50.944036],[6.984329,50.944035],[6.984331,50.944034],[6.984333,50.944033],[6.984335,50.944032],[6.984337,50.944032],[6.98434,50.944031],[6.984342,50.944031],[6.984344,50.944031],[6.984345,50.94403],[6.984345,50.94403],[6.984345,50.94403],[6.984346,50.94403],[6.984349,50.94403],[6.984351,50.944031],[6.98436,50.943997],[6.984535,50.943956],[6.984529,50.943946],[6.98417,50.944032]]]},"properties":{"id":"DENW37AL100074Zs","h":16.3,"min_z":47.8,"max_z":64.2}},{"type":"Feature","id":"DENW37AL100063v9","geometry":{"type":"Polygon","coordinates":[[[6.984545,50.947769],[6.984527,50.947784],[6.984509,50.947798],[6.98449,50.947813],[6.98447,50.947827],[6.984449,50.94784],[6.984428,50.947852],[6.984407,50.947864],[6.984385,50.947876],[6.984363,50.947886],[6.98434,50.947897],[6.984308,50.947908],[6.984276,50.947919],[6.984243,50.947929],[6.984209,50.947938],[6.984174,50.947945],[6.984139,50.947952],[6.984104,50.947958],[6.984071,50.947963],[6.984037,50.947966],[6.984003,50.947969],[6.983969,50.947971],[6.983935,50.947972],[6.983901,50.947972],[6.983866,50.947971],[6.983831,50.947969],[6.983796,50.947967],[6.983762,50.947963],[6.983728,50.947958],[6.983696,50.947953],[6.983664,50.947947],[6.983633,50.94794],[6.983602,50.947932],[6.983572,50.947924],[6.983543,50.947915],[6.983514,50.947904],[6.983485,50.947894],[6.983465,50.947886],[6.983446,50.947877],[6.983427,50.947868],[6.983408,50.947859],[6.983389,50.947848],[6.983371,50.947837],[6.983354,50.947825],[6.983338,50.947813],[6.983323,50.9478],[6.983309,50.947786],[6.983296,50.947773],[6.983291,50.947766],[6.983318,50.947757],[6.983227,50.947645],[6.983206,50.947652],[6.98321,50.947658],[6.982241,50.947867],[6.98224,50.947867],[6.982387,50.948047],[6.983058,50.947829],[6.983062,50.947834],[6.983151,50.947805],[6.983736,50.948525],[6.983732,50.948527],[6.983862,50.948575],[6.984651,50.947733],[6.984601,50.947715],[6.984632,50.947682],[6.984629,50.947681],[6.984562,50.947753],[6.984545,50.947769]]]},"properties":{"id":"DENW37AL100063v9","h":15.9,"min_z":47.0,"max_z":62.8}},{"type":"Feature","id":"DENW37AL100063hQ","geometry":{"type":"Polygon","coordinates":[[[6.987373,50.947595],[6.987346,50.94761],[6.987361,50.947621],[6.987388,50.947606],[6.987385,50.947604],[6.987373,50.947595]]]},"properties":{"id":"DENW37AL100063hQ","h":18.2,"min_z":48.8,"max_z":67.0}},{"type":"Feature","id":"DENW37AL10006431","geometry":{"type":"Polygon","coordinates":[[[6.988214,50.947825],[6.988182,50.947842],[6.988252,50.947892],[6.988284,50.947875],[6.988214,50.947825]]]},"properties":{"id":"DENW37AL10006431","h":3.6,"min_z":49.1,"max_z":52.6}},{"type":"Feature","id":"DENW37AL10016Fav","geometry":{"type":"Polygon","coordinates":[[[6.987095,50.944148],[6.987258,50.944183],[6.987289,50.944126],[6.987125,50.944091],[6.987095,50.944148]]]},"properties":{"id":"DENW37AL10016Fav","h":5.3,"min_z":48.4,"max_z":53.7}},{"type":"Feature","id":"DENW37AL100065HC","geometry":{"type":"Polygon","coordinates":[[[6.989039,50.940406],[6.989153,50.940455],[6.989247,50.940365],[6.989131,50.940315],[6.989039,50.940406]]]},"properties":{"id":"DENW37AL100065HC","h":6.8,"min_z":46.2,"max_z":53.0}},{"type":"Feature","id":"DENW37AL100063UI","geometry":{"type":"Polygon","coordinates":[[[6.980308,50.945401],[6.980433,50.945361],[6.980434,50.94536],[6.980333,50.945236],[6.980331,50.945236],[6.980206,50.945277],[6.980308,50.945401]]]},"properties":{"id":"DENW37AL100063UI","h":19.3,"min_z":46.1,"max_z":65.4}},{"type":"Feature","id":"DENW37AL10006yHE","geometry":{"type":"Polygon","coordinates":[[[6.99028,50.947734],[6.99037,50.947823],[6.990395,50.947813],[6.990306,50.947725],[6.99028,50.947734]]]},"properties":{"id":"DENW37AL10006yHE","h":6.9,"min_z":48.7,"max_z":55.5}},{"type":"Feature","id":"DENW37AL100066g9","geometry":{"type":"Polygon","coordinates":[[[6.980568,50.943568],[6.980673,50.943697],[6.980699,50.943729],[6.980737,50.943776],[6.981185,50.943635],[6.981107,50.94354],[6.981011,50.943422],[6.980568,50.943568]]]},"properties":{"id":"DENW37AL100066g9","h":27.7,"min_z":46.2,"max_z":73.9}},{"type":"Feature","id":"DENW37AL1000645a","geometry":{"type":"Polygon","coordinates":[[[6.9846,50.940827],[6.98455,50.940829],[6.98455,50.940829],[6.98456,50.940927],[6.984561,50.940927],[6.984613,50.940925],[6.984613,50.940926],[6.984867,50.940916],[6.984856,50.940815],[6.9846,50.940825],[6.9846,50.940827]]]},"properties":{"id":"DENW37AL1000645a","h":10.5,"min_z":46.2,"max_z":56.7}},{"type":"Feature","id":"DENW37AL100063kR","geometry":{"type":"Polygon","coordinates":[[[6.988781,50.940744],[6.988851,50.940772],[6.988932,50.940691],[6.988863,50.940664],[6.988781,50.940744]]]},"properties":{"id":"DENW37AL100063kR","h":3.1,"min_z":46.1,"max_z":49.2}},{"type":"Feature","id":"DENW37AL100074mx","geometry":{"type":"Polygon","coordinates":[[[6.979699,50.943722],[6.97966,50.943674],[6.979448,50.943743],[6.97933,50.943598],[6.978718,50.943797],[6.978735,50.943817],[6.978606,50.943859],[6.978589,50.943839],[6.978426,50.943892],[6.978544,50.944037],[6.97831,50.944113],[6.978349,50.944161],[6.978583,50.944085],[6.978701,50.94423],[6.979204,50.944066],[6.979188,50.944046],[6.979317,50.944005],[6.979333,50.944024],[6.979605,50.943936],[6.979487,50.943791],[6.979699,50.943722]]]},"properties":{"id":"DENW37AL100074mx","h":5.8,"min_z":46.0,"max_z":51.8}},{"type":"Feature","id":"DENW37AL100066S9","geometry":{"type":"Polygon","coordinates":[[[6.987704,50.948126],[6.987759,50.948166],[6.987821,50.948132],[6.987765,50.948092],[6.987704,50.948126]]]},"properties":{"id":"DENW37AL100066S9","h":3.0,"min_z":48.8,"max_z":51.9}},{"type":"Feature","id":"DENW37AL4U00007f","geometry":{"type":"Polygon","coordinates":[[[6.987589,50.941177],[6.987267,50.941085],[6.986435,50.940845],[6.986139,50.94076],[6.986106,50.940806],[6.986086,50.940832],[6.985914,50.940782],[6.985761,50.940738],[6.98564,50.940906],[6.987976,50.941578],[6.988086,50.941426],[6.987526,50.941265],[6.987589,50.941177]]]},"properties":{"id":"DENW37AL4U00007f","h":10.8,"min_z":46.0,"max_z":56.8}},{"type":"Feature","id":"DENW37AL100066p6","geometry":{"type":"Polygon","coordinates":[[[6.986232,50.940651],[6.98626,50.940589],[6.986163,50.940572],[6.986135,50.940633],[6.986232,50.940651]]]},"properties":{"id":"DENW37AL100066p6","h":3.9,"min_z":46.1,"max_z":50.0}},{"type":"Feature","id":"DENW37AL2Ff000BZ","geometry":{"type":"Polygon","coordinates":[[[6.985447,50.942784],[6.985538,50.942805],[6.985636,50.942639],[6.985547,50.942618],[6.985447,50.942784]]]},"properties":{"id":"DENW37AL2Ff000BZ","h":7.2,"min_z":45.2,"max_z":52.4}},{"type":"Feature","id":"DENW37AL1Nw000aE","geometry":{"type":"Polygon","coordinates":[[[6.992523,50.940212],[6.992506,50.940258],[6.992508,50.940258],[6.992508,50.940259],[6.992523,50.940261],[6.99254,50.940214],[6.992535,50.940214],[6.992523,50.940212]]]},"properties":{"id":"DENW37AL1Nw000aE","h":3.4,"min_z":43.8,"max_z":47.3}},{"type":"Feature","id":"DENW37AL100154Ba","geometry":{"type":"Polygon","coordinates":[[[6.988212,50.943131],[6.988354,50.943165],[6.988374,50.943132],[6.988233,50.943097],[6.988212,50.943131]]]},"properties":{"id":"DENW37AL100154Ba","h":4.3,"min_z":48.2,"max_z":52.5}},{"type":"Feature","id":"DENW37ALes0000H7","geometry":{"type":"Polygon","coordinates":[[[6.991097,50.939596],[6.991127,50.9396],[6.991133,50.939582],[6.991104,50.939577],[6.991097,50.939596]]]},"properties":{"id":"DENW37ALes0000H7","h":18.7,"min_z":46.6,"max_z":65.3}},{"type":"Feature","id":"DENW37AL10006yFE","geometry":{"type":"Polygon","coordinates":[[[6.988895,50.942175],[6.989017,50.942237],[6.989044,50.942216],[6.988922,50.942154],[6.988895,50.942175]]]},"properties":{"id":"DENW37AL10006yFE","h":2.9,"min_z":45.9,"max_z":48.9}},{"type":"Feature","id":"DENW37AL14X00074","geometry":{"type":"Polygon","coordinates":[[[6.991073,50.94023],[6.991064,50.940229],[6.991056,50.94025],[6.991065,50.940251],[6.991064,50.940253],[6.991155,50.940266],[6.991155,50.940265],[6.991163,50.940266],[6.991171,50.940244],[6.991163,50.940243],[6.991163,50.940242],[6.991073,50.940229],[6.991073,50.94023]]]},"properties":{"id":"DENW37AL14X00074","h":18.3,"min_z":46.6,"max_z":64.9}},{"type":"Feature","id":"DENW37AL10006yIe","geometry":{"type":"Polygon","coordinates":[[[6.987993,50.941172],[6.988109,50.941235],[6.988129,50.94122],[6.988014,50.941157],[6.987993,50.941172]]]},"properties":{"id":"DENW37AL10006yIe","h":2.5,"min_z":46.2,"max_z":48.7}},{"type":"Feature","id":"DENW37AL10006yI0","geometry":{"type":"Polygon","coordinates":[[[6.988039,50.943054],[6.988081,50.943064],[6.988164,50.942925],[6.988123,50.942915],[6.988039,50.943054]]]},"properties":{"id":"DENW37AL10006yI0","h":3.3,"min_z":48.2,"max_z":51.5}},{"type":"Feature","id":"DENW37AL100066uV","geometry":{"type":"Polygon","coordinates":[[[6.992572,50.94306],[6.992614,50.943049],[6.992686,50.943031],[6.992683,50.943027],[6.992368,50.942602],[6.992259,50.942635],[6.992572,50.94306]]]},"properties":{"id":"DENW37AL100066uV","h":8.6,"min_z":46.2,"max_z":54.8}},{"type":"Feature","id":"DENW37AL100154BQ","geometry":{"type":"Polygon","coordinates":[[[6.988068,50.943076],[6.98804,50.943122],[6.988045,50.943124],[6.988073,50.943077],[6.988068,50.943076]]]},"properties":{"id":"DENW37AL100154BQ","h":6.0,"min_z":48.3,"max_z":54.3}},{"type":"Feature","id":"DENW37AL100063xZ","geometry":{"type":"Polygon","coordinates":[[[6.984751,50.942447],[6.984637,50.94247],[6.984833,50.942813],[6.984946,50.942787],[6.984751,50.942447]]]},"properties":{"id":"DENW37AL100063xZ","h":5.0,"min_z":47.0,"max_z":52.0}},{"type":"Feature","id":"DENW37AL1000645E","geometry":{"type":"Polygon","coordinates":[[[6.984949,50.941026],[6.985046,50.941054],[6.985094,50.940987],[6.98523,50.940799],[6.985228,50.940798],[6.985113,50.940799],[6.984949,50.941026]]]},"properties":{"id":"DENW37AL1000645E","h":8.2,"min_z":45.9,"max_z":54.1}},{"type":"Feature","id":"DENW37AL100064QX","geometry":{"type":"Polygon","coordinates":[[[6.982742,50.942646],[6.983197,50.942492],[6.982543,50.941726],[6.982088,50.941879],[6.982742,50.942646]]]},"properties":{"id":"DENW37AL100064QX","h":9.0,"min_z":46.7,"max_z":55.7}},{"type":"Feature","id":"DENW37ALgb00004H","geometry":{"type":"Polygon","coordinates":[[[6.989446,50.947149],[6.989608,50.947222],[6.989651,50.947255],[6.989707,50.94721],[6.989476,50.947123],[6.989446,50.947149]]]},"properties":{"id":"DENW37ALgb00004H","h":3.4,"min_z":48.4,"max_z":51.8}},{"type":"Feature","id":"DENW37AL100064Y1","geometry":{"type":"Polygon","coordinates":[[[6.985503,50.942863],[6.985544,50.942872],[6.985573,50.942879],[6.985664,50.9429],[6.985693,50.942907],[6.98592,50.942526],[6.985732,50.942481],[6.985636,50.942639],[6.985538,50.942805],[6.985521,50.942832],[6.985503,50.942863]]]},"properties":{"id":"DENW37AL100064Y1","h":9.0,"min_z":45.2,"max_z":54.2}},{"type":"Feature","id":"DENWAT01D0007LIf","geometry":{"type":"Polygon","coordinates":[[[6.987363,50.939576],[6.987253,50.939551],[6.987262,50.939587],[6.987363,50.939576]]]},"properties":{"id":"DENWAT01D0007LIf","h":6.7,"min_z":60.7,"max_z":67.5}},{"type":"Feature","id":"DENWAT01D000A8bn","geometry":{"type":"Polygon","coordinates":[[[6.978529,50.939846],[6.978505,50.939813],[6.978402,50.939843],[6.978529,50.939846]]]},"properties":{"id":"DENWAT01D000A8bn","h":22.9,"min_z":49.7,"max_z":72.6}},{"type":"Feature","id":"DENWAT01D0007Jsy","geometry":{"type":"Polygon","coordinates":[[[6.978862,50.939929],[6.978794,50.939879],[6.978743,50.939885],[6.978862,50.939929]]]},"properties":{"id":"DENWAT01D0007Jsy","h":1.3,"min_z":49.1,"max_z":50.3}},{"type":"Feature","id":"DENWAT01D0007LIR","geometry":{"type":"Polygon","coordinates":[[[6.983935,50.940077],[6.983932,50.940055],[6.983723,50.94007],[6.983935,50.940077]]]},"properties":{"id":"DENWAT01D0007LIR","h":1.7,"min_z":57.5,"max_z":59.1}},{"type":"Feature","id":"DENWAT01D000AAJ3","geometry":{"type":"Polygon","coordinates":[[[6.985365,50.946865],[6.985418,50.946879],[6.985431,50.94686],[6.985365,50.946865]]]},"properties":{"id":"DENWAT01D000AAJ3","h":10.3,"min_z":47.7,"max_z":58.0}},{"type":"Feature","id":"DENWAT01D0001i9M","geometry":{"type":"Polygon","coordinates":[[[6.985997,50.945873],[6.98594,50.945875],[6.985945,50.945934],[6.985997,50.945873]]]},"properties":{"id":"DENWAT01D0001i9M","h":6.3,"min_z":50.8,"max_z":57.1}},{"type":"Feature","id":"DENWAT01D0001q8H","geometry":{"type":"Polygon","coordinates":[[[6.987416,50.947096],[6.98731,50.947062],[6.987312,50.947098],[6.987416,50.947096]]]},"properties":{"id":"DENWAT01D0001q8H","h":6.8,"min_z":51.5,"max_z":58.3}},{"type":"Feature","id":"DENWAT01D000A9Ek","geometry":{"type":"Polygon","coordinates":[[[6.986407,50.947307],[6.986386,50.947269],[6.98637,50.947279],[6.986407,50.947307]]]},"properties":{"id":"DENWAT01D000A9Ek","h":11.4,"min_z":46.7,"max_z":58.1}},{"type":"Feature","id":"DENWAT01D0002mnU","geometry":{"type":"Polygon","coordinates":[[[6.987417,50.946985],[6.987359,50.946955],[6.987324,50.946983],[6.987417,50.946985]]]},"properties":{"id":"DENWAT01D0002mnU","h":3.1,"min_z":51.1,"max_z":54.2}},{"type":"Feature","id":"DENWAT01D0002KRW","geometry":{"type":"Polygon","coordinates":[[[6.988502,50.944595],[6.988294,50.944569],[6.988287,50.944605],[6.988502,50.944595]]]},"properties":{"id":"DENWAT01D0002KRW","h":7.6,"min_z":51.1,"max_z":58.6}},{"type":"Feature","id":"DENWAT01D00014DL","geometry":{"type":"Polygon","coordinates":[[[6.970479,50.957526],[6.970258,50.957372],[6.970167,50.957679],[6.970479,50.957526]]]},"properties":{"id":"DENWAT01D00014DL","h":14.9,"min_z":49.5,"max_z":64.4}},{"type":"Feature","id":"DENWAT01D0002zum","geometry":{"type":"Polygon","coordinates":[[[6.9885,50.944716],[6.988338,50.944694],[6.988327,50.944729],[6.9885,50.944716]]]},"properties":{"id":"DENWAT01D0002zum","h":4.2,"min_z":50.9,"max_z":55.1}},{"type":"Feature","id":"DENWAT01D0004Bol","geometry":{"type":"Polygon","coordinates":[[[6.982851,50.945035],[6.982866,50.944987],[6.982828,50.944997],[6.982851,50.945035]]]},"properties":{"id":"DENWAT01D0004Bol","h":1.6,"min_z":53.5,"max_z":55.1}},{"type":"Feature","id":"DENWAT01D00025YA","geometry":{"type":"Polygon","coordinates":[[[6.985155,50.94454],[6.985081,50.944485],[6.98506,50.944519],[6.985155,50.94454]]]},"properties":{"id":"DENWAT01D00025YA","h":3.7,"min_z":51.4,"max_z":55.0}},{"type":"Feature","id":"DENWAT01D0001ntC","geometry":{"type":"Polygon","coordinates":[[[6.984394,50.944843],[6.984341,50.944841],[6.984338,50.944876],[6.984394,50.944843]]]},"properties":{"id":"DENWAT01D0001ntC","h":1.1,"min_z":53.8,"max_z":54.9}},{"type":"Feature","id":"DENWAT01D0001lhK","geometry":{"type":"Polygon","coordinates":[[[6.991626,50.9464],[6.991572,50.946388],[6.991548,50.946475],[6.991626,50.9464]]]},"properties":{"id":"DENWAT01D0001lhK","h":6.3,"min_z":50.0,"max_z":56.4}},{"type":"Feature","id":"DENWAT01D0004RUM","geometry":{"type":"Polygon","coordinates":[[[6.985787,50.945115],[6.985696,50.94509],[6.985736,50.94514],[6.985787,50.945115]]]},"properties":{"id":"DENWAT01D0004RUM","h":2.4,"min_z":52.5,"max_z":54.9}},{"type":"Feature","id":"DENWAT01D0003hZI","geometry":{"type":"Polygon","coordinates":[[[6.985113,50.945142],[6.985124,50.945147],[6.985158,50.945118],[6.985113,50.945142]]]},"properties":{"id":"DENWAT01D0003hZI","h":3.5,"min_z":51.3,"max_z":54.8}},{"type":"Feature","id":"DENWAT01D0003P2f","geometry":{"type":"Polygon","coordinates":[[[6.986105,50.945967],[6.986112,50.945909],[6.986065,50.945929],[6.986105,50.945967]]]},"properties":{"id":"DENWAT01D0003P2f","h":4.0,"min_z":50.5,"max_z":54.5}},{"type":"Feature","id":"DENWAT012JM000Fa","geometry":{"type":"Polygon","coordinates":[[[6.98274,50.940274],[6.982543,50.940274],[6.982559,50.940308],[6.98274,50.940274]]]},"properties":{"id":"DENWAT012JM000Fa","h":2.0,"min_z":58.1,"max_z":60.1}},{"type":"Feature","id":"DENWAT01D0007JUr","geometry":{"type":"Polygon","coordinates":[[[6.980103,50.94077],[6.980106,50.940716],[6.980056,50.940715],[6.980103,50.94077]]]},"properties":{"id":"DENWAT01D0007JUr","h":1.9,"min_z":56.3,"max_z":58.1}},{"type":"Feature","id":"DENWAT01D0007JWr","geometry":{"type":"Polygon","coordinates":[[[6.986544,50.941869],[6.98638,50.941866],[6.986427,50.941879],[6.986544,50.941869]]]},"properties":{"id":"DENWAT01D0007JWr","h":1.1,"min_z":51.3,"max_z":52.4}},{"type":"Feature","id":"DENWAT01dx00001J","geometry":{"type":"Polygon","coordinates":[[[6.988031,50.944603],[6.988013,50.94456],[6.987958,50.944579],[6.988031,50.944603]]]},"properties":{"id":"DENWAT01dx00001J","h":3.3,"min_z":50.2,"max_z":53.5}}]}