{"type":"FeatureCollection","features":[{"type":"Feature","geometry":{"type":"Point","coordinates":[6.984452,50.935031]},"properties":{"h":30.0,"k":15.0,"s":100.0,"n":"Platane"}},{"type":"Feature","geometry":{"type":"Point","coordinates":[6.98454,50.935019]},"properties":{"h":30.0,"k":15.0,"s":100.0,"n":"Platane"}},{"type":"Feature","geometry":{"type":"Point","coordinates":[6.990158,50.930329]},"properties":{"h":22.0,"k":15.0,"s":60.0,"n":"Platane"}},{"type":"Feature","geometry":{"type":"Point","coordinates":[6.992006,50.93067]},"properties":{"h":12.0,"k":10.0,"s":55.0,"n":"Silber-Ahorn"}},{"type":"Feature","geometry":{"type":"Point","coordinates":[6.9915,50.930869]},"properties":{"h":20.0,"k":10.0,"s":70.0,"n":"Silber-Ahorn"}},{"type":"Feature","geometry":{"type":"Point","coordinates":[6.991181,50.930999]},"properties":{"h":22.0,"k":12.0,"s":80.0,"n":"Silber-Ahorn"}},{"type":"Feature","geometry":{"type":"Point","coordinates":[6.99094,50.931086]},"properties":{"h":10.0,"k":7.0,"s":30.0,"n":"Baumhasel"}},{"type":"Feature","geometry":{"type":"Point","coordinates":[6.969936,50.945415]},"properties":{"h":6.0,"k":3.0,"s":16.0,"n":"Fichte"}},{"type":"Feature","geometry":{"type":"Point","coordinates":[6.991667,50.930802]},"properties":{"h":20.0,"k":12.0,"s":55.0,"n":"Silber-Ahorn"}},{"type":"Feature","geometry":{"type":"Point","coordinates":[6.990975,50.930611]},"properties":{"h":10.0,"k":10.0,"s":40.0,"n":"Platane"}},{"type":"Feature","geometry":{"type":"Point","coordinates":[6.991203,50.930538]},"properties":{"h":10.0,"k":8.0,"s":35.0,"n":"Silber-Ahorn"}},{"type":"Feature","geometry":{"type":"Point","coordinates":[6.991379,50.930467]},"properties":{"h":16.0,"k":12.0,"s":60.0,"n":"Silber-Ahorn"}},{"type":"Feature","geometry":{"type":"Point","coordinates":[6.991228,50.930419]},"properties":{"h":14.0,"k":10.0,"s":60.0,"n":"Silber-Ahorn"}},{"type":"Feature","geometry":{"type":"Point","coordinates":[6.991025,50.930492]},"properties":{"h":12.0,"k":10.0,"s":40.0,"n":"Silber-Ahorn"}},{"type":"Feature","geometry":{"type":"Point","coordinates":[6.991984,50.93857]},"properties":{"h":6.0,"k":3.0,"s":10.0,"n":"Gleditsie, Lederhülsenbaum"}},{"type":"Feature","geometry":{"type":"Point","coordinates":[6.992067,50.938352]},"properties":{"h":6.0,"k":3.0,"s":10.0,"n":"Gleditsie, Lederhülsenbaum"}},{"type":"Feature","geometry":{"type":"Point","coordinates":[6.992332,50.938089]},"properties":{"h":6.0,"k":3.0,"s":10.0,"n":"Gleditsie, Lederhülsenbaum"}},{"type":"Feature","geometry":{"type":"Point","coordinates":[6.99244,50.938197]},"properties":{"h":6.0,"k":3.0,"s":10.0,"n":"Gleditsie, Lederhülsenbaum"}},{"type":"Feature","geometry":{"type":"Point","coordinates":[6.99222,50.938373]},"properties":{"h":6.0,"k":3.0,"s":10.0,"n":"Gleditsie, Lederhülsenbaum"}},{"type":"Feature","geometry":{"type":"Point","coordinates":[6.992143,50.938596]},"properties":{"h":6.0,"k":3.0,"s":15.0,"n":"Gleditsie, Lederhülsenbaum"}},{"type":"Feature","geometry":{"type":"Point","coordinates":[6.991634,50.938836]},"properties":{"h":4.0,"k":1.0,"s":20.0,"n":"Eiche"}},{"type":"Feature","geometry":{"type":"Point","coordinates":[6.991543,50.938797]},"properties":{"h":5.0,"k":4.0,"s":25.0,"n":"Eiche"}},{"type":"Feature","geometry":{"type":"Point","coordinates":[6.991378,50.938772]},"properties":{"h":5.0,"k":1.0,"s":20.0,"n":"Eiche"}},{"type":"Feature","geometry":{"type":"Point","coordinates":[6.991274,50.938805]},"properties":{"h":5.0,"k":2.0,"s":15.0,"n":"Eiche"}},{"type":"Feature","geometry":{"type":"Point","coordinates":[6.99121,50.938743]},"properties":{"h":5.0,"k":4.0,"s":25.0,"n":"Eiche"}},{"type":"Feature","geometry":{"type":"Point","coordinates":[6.993072,50.939056]},"properties":{"h":5.0,"k":3.0,"s":15.0,"n":"Eiche"}},{"type":"Feature","geometry":{"type":"Point","coordinates":[6.992998,50.938997]},"properties":{"h":7.0,"k":4.0,"s":15.0,"n":"Eiche"}},{"type":"Feature","geometry":{"type":"Point","coordinates":[6.992894,50.939034]},"properties":{"h":5.0,"k":3.0,"s":15.0,"n":"Eiche"}},{"type":"Feature","geometry":{"type":"Point","coordinates":[6.992719,50.939012]},"properties":{"h":5.0,"k":3.0,"s":15.0,"n":"Eiche"}},{"type":"Feature","geometry":{"type":"Point","coordinates":[6.992654,50.938953]},"properties":{"h":7.0,"k":4.0,"s":20.0,"n":"Eiche"}},{"type":"Feature","geometry":{"type":"Point","coordinates":[6.992545,50.938989]},"properties":{"h":5.0,"k":3.0,"s":15.0,"n":"Eiche"}},{"type":"Feature","geometry":{"type":"Point","coordinates":[6.992472,50.93893]},"properties":{"h":7.0,"k":4.0,"s":15.0,"n":"Eiche"}},{"type":"Feature","geometry":{"type":"Point","coordinates":[6.992367,50.938966]},"properties":{"h":5.0,"k":3.0,"s":15.0,"n":"Eiche"}},{"type":"Feature","geometry":{"type":"Point","coordinates":[6.992297,50.938905]},"properties":{"h":7.0,"k":4.0,"s":25.0,"n":"Eiche"}},{"type":"Feature","geometry":{"type":"Point","coordinates":[6.992826,50.938974]},"properties":{"h":7.0,"k":5.0,"s":20.0,"n":"Eiche"}},{"type":"Feature","geometry":{"type":"Point","coordinates":[6.993061,50.939678]},"properties":{"h":6.0,"k":6.0,"s":20.0,"n":"Eiche"}},{"type":"Feature","geometry":{"type":"Point","coordinates":[6.993023,50.939791]},"properties":{"h":6.0,"k":5.0,"s":25.0,"n":"Eiche"}},{"type":"Feature","geometry":{"type":"Point","coordinates":[6.993073,50.939867]},"properties":{"h":7.0,"k":4.0,"s":20.0,"n":"Eiche"}},{"type":"Feature","geometry":{"type":"Point","coordinates":[6.992976,50.939908]},"properties":{"h":9.0,"k":5.0,"s":20.0,"n":"Eiche"}},{"type":"Feature","geometry":{"type":"Point","coordinates":[6.99303,50.939979]},"properties":{"h":7.0,"k":4.0,"s":20.0,"n":"Eiche"}},{"type":"Feature","geometry":{"type":"Point","coordinates":[6.992979,50.940099]},"properties":{"h":9.0,"k":4.0,"s":25.0,"n":"Eiche"}},{"type":"Feature","geometry":{"type":"Point","coordinates":[6.992887,50.940142]},"properties":{"h":7.0,"k":4.0,"s":20.0,"n":"Eiche"}},{"type":"Feature","geometry":{"type":"Point","coordinates":[6.992941,50.940213]},"properties":{"h":7.0,"k":5.0,"s":25.0,"n":"Eiche"}},{"type":"Feature","geometry":{"type":"Point","coordinates":[6.992895,50.940335]},"properties":{"h":7.0,"k":4.0,"s":25.0,"n":"Eiche"}},{"type":"Feature","geometry":{"type":"Point","coordinates":[6.992799,50.94038]},"properties":{"h":7.0,"k":4.0,"s":20.0,"n":"Eiche"}},{"type":"Feature","geometry":{"type":"Point","coordinates":[6.992851,50.940451]},"properties":{"h":7.0,"k":4.0,"s":20.0,"n":"Eiche"}},{"type":"Feature","geometry":{"type":"Point","coordinates":[6.992753,50.9405]},"properties":{"h":7.0,"k":4.0,"s":20.0,"n":"Eiche"}},{"type":"Feature","geometry":{"type":"Point","coordinates":[6.992807,50.940569]},"properties":{"h":7.0,"k":4.0,"s":25.0,"n":"Eiche"}},{"type":"Feature","geometry":{"type":"Point","coordinates":[6.992707,50.940618]},"properties":{"h":7.0,"k":4.0,"s":20.0,"n":"Eiche"}},{"type":"Feature","geometry":{"type":"Point","coordinates":[6.992763,50.940686]},"properties":{"h":7.0,"k":4.0,"s":15.0,"n":"Eiche"}},{"type":"Feature","geometry":{"type":"Point","coordinates":[6.992664,50.940734]},"properties":{"h":7.0,"k":4.0,"s":20.0,"n":"Eiche"}},{"type":"Feature","geometry":{"type":"Point","coordinates":[6.992716,50.940806]},"properties":{"h":7.0,"k":4.0,"s":25.0,"n":"Eiche"}},{"type":"Feature","geometry":{"type":"Point","coordinates":[6.992617,50.940859]},"properties":{"h":7.0,"k":4.0,"s":20.0,"n":"Eiche"}},{"type":"Feature","geometry":{"type":"Point","coordinates":[6.992431,50.941229]},"properties":{"h":9.0,"k":6.0,"s":35.0,"n":"Eiche"}},{"type":"Feature","geometry":{"type":"Point","coordinates":[6.992448,50.941348]},"properties":{"h":7.0,"k":3.0,"s":15.0,"n":"Eiche"}},{"type":"Feature","geometry":{"type":"Point","coordinates":[6.992527,50.941415]},"properties":{"h":4.0,"k":2.0,"s":15.0,"n":"Eiche"}},{"type":"Feature","geometry":{"type":"Point","coordinates":[6.992445,50.941482]},"properties":{"h":8.0,"k":5.0,"s":25.0,"n":"Eiche"}},{"type":"Feature","geometry":{"type":"Point","coordinates":[6.992538,50.941539]},"properties":{"h":6.0,"k":4.0,"s":20.0,"n":"Eiche"}},{"type":"Feature","geometry":{"type":"Point","coordinates":[6.992471,50.941612]},"properties":{"h":12.0,"k":6.0,"s":35.0,"n":"Eiche"}},{"type":"Feature","geometry":{"type":"Point","coordinates":[6.992572,50.941665]},"properties":{"h":8.0,"k":5.0,"s":20.0,"n":"Eiche"}},{"type":"Feature","geometry":{"type":"Point","coordinates":[6.992751,50.941522]},"properties":{"h":4.0,"k":2.0,"s":10.0,"n":"Eiche"}},{"type":"Feature","geometry":{"type":"Point","coordinates":[6.992523,50.941746]},"properties":{"h":9.0,"k":6.0,"s":20.0,"n":"Eiche"}},{"type":"Feature","geometry":{"type":"Point","coordinates":[6.992583,50.941856]},"properties":{"h":9.0,"k":6.0,"s":30.0,"n":"Eiche"}},{"type":"Feature","geometry":{"type":"Point","coordinates":[6.99269,50.941892]},"properties":{"h":4.0,"k":2.0,"s":10.0,"n":"Eiche"}},{"type":"Feature","geometry":{"type":"Point","coordinates":[6.992803,50.941753]},"properties":{"h":7.0,"k":3.0,"s":15.0,"n":"Eiche"}},{"type":"Feature","geometry":{"type":"Point","coordinates":[6.992648,50.941972]},"properties":{"h":9.0,"k":6.0,"s":25.0,"n":"Eiche"}},{"type":"Feature","geometry":{"type":"Point","coordinates":[6.992754,50.942001]},"properties":{"h":7.0,"k":4.0,"s":25.0,"n":"Eiche"}},{"type":"Feature","geometry":{"type":"Point","coordinates":[6.992904,50.941966]},"properties":{"h":4.0,"k":1.0,"s":10.0,"n":"Eiche"}},{"type":"Feature","geometry":{"type":"Point","coordinates":[6.992724,50.94208]},"properties":{"h":8.0,"k":5.0,"s":30.0,"n":"Eiche"}},{"type":"Feature","geometry":{"type":"Point","coordinates":[6.992834,50.942107]},"properties":{"h":8.0,"k":4.0,"s":20.0,"n":"Eiche"}},{"type":"Feature","geometry":{"type":"Point","coordinates":[6.992965,50.942063]},"properties":{"h":7.0,"k":4.0,"s":15.0,"n":"Eiche"}},{"type":"Feature","geometry":{"type":"Point","coordinates":[6.99281,50.942188]},"properties":{"h":9.0,"k":6.0,"s":30.0,"n":"Eiche"}},{"type":"Feature","geometry":{"type":"Point","coordinates":[6.992926,50.942213]},"properties":{"h":9.0,"k":6.0,"s":30.0,"n":"Eiche"}},{"type":"Feature","geometry":{"type":"Point","coordinates":[6.99291,50.942291]},"properties":{"h":9.0,"k":6.0,"s":30.0,"n":"Eiche"}},{"type":"Feature","geometry":{"type":"Point","coordinates":[6.974769,50.939793]},"properties":{"h":8.0,"k":2.0,"s":15.0,"n":"Platane"}},{"type":"Feature","geometry":{"type":"Point","coordinates":[6.9744,50.939803]},"properties":{"h":8.0,"k":2.0,"s":15.0,"n":"Platane"}},{"type":"Feature","geometry":{"type":"Point","coordinates":[6.974243,50.939805]},"properties":{"h":8.0,"k":2.0,"s":15.0,"n":"Platane"}},{"type":"Feature","geometry":{"type":"Point","coordinates":[6.974058,50.939812]},"properties":{"h":8.0,"k":2.0,"s":15.0,"n":"Platane"}},{"type":"Feature","geometry":{"type":"Point","coordinates":[6.973891,50.939817]},"properties":{"h":8.0,"k":2.0,"s":15.0,"n":"Platane"}},{"type":"Feature","geometry":{"type":"Point","coordinates":[6.971422,50.937114]},"properties":{"h":8.0,"k":4.0,"s":20.0,"n":"Gemeine Esche"}},{"type":"Feature","geometry":{"type":"Point","coordinates":[6.971386,50.937042]},"properties":{"h":8.0,"k":3.0,"s":20.0,"n":"Gemeine Esche"}},{"type":"Feature","geometry":{"type":"Point","coordinates":[6.971,50.936766]},"properties":{"h":8.0,"k":4.0,"s":35.0,"n":"Gemeine Esche"}},{"type":"Feature","geometry":{"type":"Point","coordinates":[6.971101,50.936843]},"properties":{"h":8.0,"k":4.0,"s":35.0,"n":"Gemeine Esche"}},{"type":"Feature","geometry":{"type":"Point","coordinates":[6.971247,50.936493]},"properties":{"h":11.0,"k":6.0,"s":40.0,"n":"Gemeine Esche"}},{"type":"Feature","geometry":{"type":"Point","coordinates":[6.971268,50.936557]},"properties":{"h":11.0,"k":6.0,"s":40.0,"n":"Gemeine Esche"}},{"type":"Feature","geometry":{"type":"Point","coordinates":[6.971211,50.936602]},"properties":{"h":10.0,"k":6.0,"s":30.0,"n":"Gemeine Esche"}},{"type":"Feature","geometry":{"type":"Point","coordinates":[6.971297,50.936626]},"properties":{"h":11.0,"k":6.0,"s":35.0,"n":"Gemeine Esche"}},{"type":"Feature","geometry":{"type":"Point","coordinates":[6.970677,50.936471]},"properties":{"h":8.0,"k":6.0,"s":45.0,"n":"Gemeine Esche"}},{"type":"Feature","geometry":{"type":"Point","coordinates":[6.970784,50.936269]},"properties":{"h":20.0,"k":8.0,"s":90.0,"n":"Scheinakazie"}},{"type":"Feature","geometry":{"type":"Point","coordinates":[6.970756,50.936294]},"properties":{"h":17.0,"k":9.0,"s":70.0,"n":"Platane"}},{"type":"Feature","geometry":{"type":"Point","coordinates":[6.970729,50.936318]},"properties":{"h":10.0,"k":4.0,"s":25.0,"n":"Gemeine Esche"}},{"type":"Feature","geometry":{"type":"Point","coordinates":[6.970663,50.936354]},"properties":{"h":8.0,"k":4.0,"s":20.0,"n":"Gemeine Esche"}},{"type":"Feature","geometry":{"type":"Point","coordinates":[6.971633,50.937258]},"properties":{"h":15.0,"k":6.0,"s":40.0,"n":"Scheinakazie"}},{"type":"Feature","geometry":{"type":"Point","coordinates":[6.971644,50.937294]},"properties":{"h":15.0,"k":6.0,"s":50.0,"n":"Scheinakazie"}},{"type":"Feature","geometry":{"type":"Point","coordinates":[6.971662,50.937649]},"properties":{"h":18.0,"k":10.0,"s":90.0,"n":"Pappel"}},{"type":"Feature","geometry":{"type":"Point","coordinates":[6.970904,50.937014]},"properties":{"h":10.0,"k":6.0,"s":45.0,"n":"Gemeine Esche"}},{"type":"Feature","geometry":{"type":"Point","coordinates":[6.968583,50.939868]},"properties":{"h":4.0,"k":2.0,"s":20.0,"n":"Schnurbaum"}},{"type":"Feature","geometry":{"type":"Point","coordinates":[6.968578,50.939777]},"properties":{"h":4.0,"k":2.0,"s":20.0,"n":"Schnurbaum"}},{"type":"Feature","geometry":{"type":"Point","coordinates":[6.968585,50.939684]},"properties":{"h":4.0,"k":2.0,"s":20.0,"n":"Schnurbaum"}},{"type":"Feature","geometry":{"type":"Point","coordinates":[6.968582,50.939595]},"properties":{"h":4.0,"k":2.0,"s":20.0,"n":"Schnurbaum"}},{"type":"Feature","geometry":{"type":"Point","coordinates":[6.968582,50.939505]},"properties":{"h":4.0,"k":2.0,"s":20.0,"n":"Schnurbaum"}},{"type":"Feature","geometry":{"type":"Point","coordinates":[6.968582,50.939418]},"properties":{"h":4.0,"k":2.0,"s":20.0,"n":"Schnurbaum"}},{"type":"Feature","geometry":{"type":"Point","coordinates":[6.968558,50.938947]},"properties":{"h":4.0,"k":2.0,"s":20.0,"n":"Schnurbaum"}},{"type":"Feature","geometry":{"type":"Point","coordinates":[6.968564,50.938852]},"properties":{"h":4.0,"k":2.0,"s":20.0,"n":"Schnurbaum"}},{"type":"Feature","geometry":{"type":"Point","coordinates":[6.96856,50.938761]},"properties":{"h":4.0,"k":2.0,"s":20.0,"n":"Schnurbaum"}},{"type":"Feature","geometry":{"type":"Point","coordinates":[6.968551,50.938667]},"properties":{"h":4.0,"k":2.0,"s":20.0,"n":"Schnurbaum"}},{"type":"Feature","geometry":{"type":"Point","coordinates":[6.968561,50.938536]},"properties":{"h":4.0,"k":2.0,"s":20.0,"n":"Schnurbaum"}},{"type":"Feature","geometry":{"type":"Point","coordinates":[6.968564,50.938467]},"properties":{"h":4.0,"k":2.0,"s":20.0,"n":"Schnurbaum"}},{"type":"Feature","geometry":{"type":"Point","coordinates":[6.968573,50.938351]},"properties":{"h":4.0,"k":2.0,"s":20.0,"n":"Schnurbaum"}},{"type":"Feature","geometry":{"type":"Point","coordinates":[6.968572,50.938259]},"properties":{"h":4.0,"k":2.0,"s":20.0,"n":"Schnurbaum"}},{"type":"Feature","geometry":{"type":"Point","coordinates":[6.968574,50.938173]},"properties":{"h":4.0,"k":2.0,"s":20.0,"n":"Schnurbaum"}},{"type":"Feature","geometry":{"type":"Point","coordinates":[6.968568,50.938076]},"properties":{"h":4.0,"k":2.0,"s":20.0,"n":"Schnurbaum"}},{"type":"Feature","geometry":{"type":"Point","coordinates":[6.968471,50.938176]},"properties":{"h":4.0,"k":2.0,"s":20.0,"n":"Schnurbaum"}},{"type":"Feature","geometry":{"type":"Point","coordinates":[6.968479,50.938264]},"properties":{"h":4.0,"k":2.0,"s":20.0,"n":"Schnurbaum"}},{"type":"Feature","geometry":{"type":"Point","coordinates":[6.968481,50.938354]},"properties":{"h":4.0,"k":2.0,"s":20.0,"n":"Schnurbaum"}},{"type":"Feature","geometry":{"type":"Point","coordinates":[6.968478,50.938465]},"properties":{"h":4.0,"k":2.0,"s":20.0,"n":"Schnurbaum"}},{"type":"Feature","geometry":{"type":"Point","coordinates":[6.968481,50.938535]},"properties":{"h":4.0,"k":2.0,"s":20.0,"n":"Schnurbaum"}},{"type":"Feature","geometry":{"type":"Point","coordinates":[6.968485,50.938669]},"properties":{"h":4.0,"k":2.0,"s":20.0,"n":"Schnurbaum"}},{"type":"Feature","geometry":{"type":"Point","coordinates":[6.968486,50.938761]},"properties":{"h":4.0,"k":2.0,"s":20.0,"n":"Schnurbaum"}},{"type":"Feature","geometry":{"type":"Point","coordinates":[6.968488,50.938855]},"properties":{"h":4.0,"k":2.0,"s":20.0,"n":"Schnurbaum"}},{"type":"Feature","geometry":{"type":"Point","coordinates":[6.968488,50.93895]},"properties":{"h":4.0,"k":2.0,"s":20.0,"n":"Schnurbaum"}},{"type":"Feature","geometry":{"type":"Point","coordinates":[6.968499,50.939421]},"properties":{"h":4.0,"k":2.0,"s":20.0,"n":"Schnurbaum"}},{"type":"Feature","geometry":{"type":"Point","coordinates":[6.968499,50.939512]},"properties":{"h":4.0,"k":2.0,"s":20.0,"n":"Schnurbaum"}},{"type":"Feature","geometry":{"type":"Point","coordinates":[6.968502,50.9396]},"properties":{"h":4.0,"k":2.0,"s":20.0,"n":"Schnurbaum"}},{"type":"Feature","geometry":{"type":"Point","coordinates":[6.968498,50.939687]},"properties":{"h":4.0,"k":2.0,"s":20.0,"n":"Schnurbaum"}},{"type":"Feature","geometry":{"type":"Point","coordinates":[6.968502,50.939782]},"properties":{"h":4.0,"k":2.0,"s":20.0,"n":"Schnurbaum"}},{"type":"Feature","geometry":{"type":"Point","coordinates":[6.968503,50.93987]},"properties":{"h":4.0,"k":2.0,"s":20.0,"n":"Schnurbaum"}},{"type":"Feature","geometry":{"type":"Point","coordinates":[6.96917,50.939975]},"properties":{"h":8.0,"k":3.0,"s":15.0,"n":"Roßkastanie"}},{"type":"Feature","geometry":{"type":"Point","coordinates":[6.96962,50.939994]},"properties":{"h":10.0,"k":4.0,"s":30.0,"n":"Roßkastanie"}},{"type":"Feature","geometry":{"type":"Point","coordinates":[6.969715,50.939992]},"properties":{"h":16.0,"k":6.0,"s":50.0,"n":"Roßkastanie"}},{"type":"Feature","geometry":{"type":"Point","coordinates":[6.970141,50.939981]},"properties":{"h":14.0,"k":6.0,"s":40.0,"n":"Roßkastanie"}},{"type":"Feature","geometry":{"type":"Point","coordinates":[6.970226,50.939979]},"properties":{"h":16.0,"k":8.0,"s":60.0,"n":"Roßkastanie"}},{"type":"Feature","geometry":{"type":"Point","coordinates":[6.970306,50.939978]},"properties":{"h":16.0,"k":8.0,"s":50.0,"n":"Roßkastanie"}},{"type":"Feature","geometry":{"type":"Point","coordinates":[6.970385,50.939977]},"properties":{"h":16.0,"k":8.0,"s":70.0,"n":"Roßkastanie"}},{"type":"Feature","geometry":{"type":"Point","coordinates":[6.970544,50.939972]},"properties":{"h":16.0,"k":10.0,"s":70.0,"n":"Roßkastanie"}},{"type":"Feature","geometry":{"type":"Point","coordinates":[6.971478,50.939814]},"properties":{"h":8.0,"k":6.0,"s":30.0,"n":"Purpur-Kastanie, Blut-Kastanie"}},{"type":"Feature","geometry":{"type":"Point","coordinates":[6.971983,50.93981]},"properties":{"h":9.0,"k":6.0,"s":35.0,"n":"Purpur-Kastanie, Blut-Kastanie"}},{"type":"Feature","geometry":{"type":"Point","coordinates":[6.972652,50.939779]},"properties":{"h":7.0,"k":3.0,"s":20.0,"n":"Sommer-Eiche, Stieleiche"}},{"type":"Feature","geometry":{"type":"Point","coordinates":[6.972546,50.939922]},"properties":{"h":6.0,"k":2.0,"s":5.0,"n":"Purpur-Kastanie, Blut-Kastanie"}},{"type":"Feature","geometry":{"type":"Point","coordinates":[6.972762,50.939813]},"properties":{"h":8.0,"k":4.0,"s":20.0,"n":"Sommer-Eiche, Stieleiche"}},{"type":"Feature","geometry":{"type":"Point","coordinates":[6.969513,50.939983]},"properties":{"h":6.0,"k":2.0,"s":10.0,"n":"Roßkastanie"}},{"type":"Feature","geometry":{"type":"Point","coordinates":[6.970685,50.939965]},"properties":{"h":16.0,"k":8.0,"s":70.0,"n":"Roßkastanie"}},{"type":"Feature","geometry":{"type":"Point","coordinates":[6.970821,50.939962]},"properties":{"h":16.0,"k":10.0,"s":60.0,"n":"Roßkastanie"}},{"type":"Feature","geometry":{"type":"Point","coordinates":[6.970987,50.939943]},"properties":{"h":16.0,"k":10.0,"s":60.0,"n":"Roßkastanie"}},{"type":"Feature","geometry":{"type":"Point","coordinates":[6.971291,50.939936]},"properties":{"h":20.0,"k":10.0,"s":90.0,"n":"Roßkastanie"}},{"type":"Feature","geometry":{"type":"Point","coordinates":[6.971538,50.939931]},"properties":{"h":14.0,"k":10.0,"s":60.0,"n":"Roßkastanie"}},{"type":"Feature","geometry":{"type":"Point","coordinates":[6.971638,50.939935]},"properties":{"h":12.0,"k":8.0,"s":50.0,"n":"Purpur-Kastanie, Blut-Kastanie"}},{"type":"Feature","geometry":{"type":"Point","coordinates":[6.971798,50.939929]},"properties":{"h":6.0,"k":4.0,"s":10.0,"n":"Purpur-Kastanie, Blut-Kastanie"}},{"type":"Feature","geometry":{"type":"Point","coordinates":[6.972015,50.939924]},"properties":{"h":10.0,"k":6.0,"s":40.0,"n":"Purpur-Kastanie, Blut-Kastanie"}},{"type":"Feature","geometry":{"type":"Point","coordinates":[6.972391,50.93991]},"properties":{"h":6.0,"k":2.0,"s":5.0,"n":"Purpur-Kastanie, Blut-Kastanie"}},{"type":"Feature","geometry":{"type":"Point","coordinates":[6.972306,50.939829]},"properties":{"h":10.0,"k":6.0,"s":35.0,"n":"Sommer-Eiche, Stieleiche"}},{"type":"Feature","geometry":{"type":"Point","coordinates":[6.9717,50.939418]},"properties":{"h":10.0,"k":6.0,"s":45.0,"n":"Papierbirke"}},{"type":"Feature","geometry":{"type":"Point","coordinates":[6.971666,50.939372]},"properties":{"h":8.0,"k":4.0,"s":30.0,"n":"Papierbirke"}},{"type":"Feature","geometry":{"type":"Point","coordinates":[6.97173,50.939686]},"properties":{"h":10.0,"k":4.0,"s":30.0,"n":"Papierbirke"}},{"type":"Feature","geometry":{"type":"Point","coordinates":[6.971784,50.939708]},"properties":{"h":10.0,"k":4.0,"s":25.0,"n":"Papierbirke"}},{"type":"Feature","geometry":{"type":"Point","coordinates":[6.9718,50.939642]},"properties":{"h":10.0,"k":5.0,"s":30.0,"n":"Papierbirke"}},{"type":"Feature","geometry":{"type":"Point","coordinates":[6.971995,50.939729]},"properties":{"h":10.0,"k":8.0,"s":30.0,"n":"Sommer-Eiche, Stieleiche"}},{"type":"Feature","geometry":{"type":"Point","coordinates":[6.971991,50.939668]},"properties":{"h":10.0,"k":8.0,"s":40.0,"n":"Sommer-Eiche, Stieleiche"}},{"type":"Feature","geometry":{"type":"Point","coordinates":[6.972045,50.939705]},"properties":{"h":8.0,"k":6.0,"s":25.0,"n":"Sommer-Eiche, Stieleiche"}},{"type":"Feature","geometry":{"type":"Point","coordinates":[6.972574,50.939744]},"properties":{"h":10.0,"k":6.0,"s":35.0,"n":"Sommer-Eiche, Stieleiche"}},{"type":"Feature","geometry":{"type":"Point","coordinates":[6.972804,50.939711]},"properties":{"h":10.0,"k":6.0,"s":30.0,"n":"Sommer-Eiche, Stieleiche"}},{"type":"Feature","geometry":{"type":"Point","coordinates":[6.971393,50.939944]},"properties":{"h":8.0,"k":3.0,"s":25.0,"n":"Purpur-Kastanie, Blut-Kastanie"}},{"type":"Feature","geometry":{"type":"Point","coordinates":[6.971069,50.939941]},"properties":{"h":9.0,"k":4.0,"s":25.0,"n":"Purpur-Kastanie, Blut-Kastanie"}},{"type":"Feature","geometry":{"type":"Point","coordinates":[6.969252,50.939973]},"properties":{"h":8.0,"k":3.0,"s":15.0,"n":"Purpur-Kastanie, Blut-Kastanie"}},{"type":"Feature","geometry":{"type":"Point","coordinates":[6.96933,50.939973]},"properties":{"h":8.0,"k":3.0,"s":15.0,"n":"Purpur-Kastanie, Blut-Kastanie"}},{"type":"Feature","geometry":{"type":"Point","coordinates":[6.969401,50.93997]},"properties":{"h":8.0,"k":3.0,"s":15.0,"n":"Purpur-Kastanie, Blut-Kastanie"}},{"type":"Feature","geometry":{"type":"Point","coordinates":[6.97216,50.939928]},"properties":{"h":6.0,"k":2.0,"s":10.0,"n":"Purpur-Kastanie, Blut-Kastanie"}},{"type":"Feature","geometry":{"type":"Point","coordinates":[6.969618,50.941958]},"properties":{"h":9.0,"k":4.0,"s":20.0,"n":"Baumhasel"}},{"type":"Feature","geometry":{"type":"Point","coordinates":[6.969707,50.941953]},"properties":{"h":8.0,"k":4.0,"s":20.0,"n":"Baumhasel"}},{"type":"Feature","geometry":{"type":"Point","coordinates":[6.969894,50.94194]},"properties":{"h":9.0,"k":4.0,"s":20.0,"n":"Baumhasel"}},{"type":"Feature","geometry":{"type":"Point","coordinates":[6.969985,50.941929]},"properties":{"h":11.0,"k":5.0,"s":25.0,"n":"Corylus avellana tortuosa"}},{"type":"Feature","geometry":{"type":"Point","coordinates":[6.970074,50.941925]},"properties":{"h":10.0,"k":5.0,"s":20.0,"n":"Baumhasel"}},{"type":"Feature","geometry":{"type":"Point","coordinates":[6.970163,50.941918]},"properties":{"h":10.0,"k":5.0,"s":25.0,"n":"Baumhasel"}},{"type":"Feature","geometry":{"type":"Point","coordinates":[6.970252,50.941909]},"properties":{"h":7.0,"k":2.0,"s":10.0,"n":"Baumhasel"}},{"type":"Feature","geometry":{"type":"Point","coordinates":[6.969941,50.941704]},"properties":{"h":15.0,"k":6.0,"s":55.0,"n":"Winterlinde"}},{"type":"Feature","geometry":{"type":"Point","coordinates":[6.970057,50.9417]},"properties":{"h":6.0,"k":2.0,"s":5.0,"n":"Linde"}},{"type":"Feature","geometry":{"type":"Point","coordinates":[6.970341,50.941693]},"properties":{"h":15.0,"k":8.0,"s":45.0,"n":"Winterlinde"}},{"type":"Feature","geometry":{"type":"Point","coordinates":[6.970343,50.941909]},"properties":{"h":7.0,"k":3.0,"s":15.0,"n":"Baumhasel"}},{"type":"Feature","geometry":{"type":"Point","coordinates":[6.970432,50.941903]},"properties":{"h":9.0,"k":4.0,"s":20.0,"n":"Baumhasel"}},{"type":"Feature","geometry":{"type":"Point","coordinates":[6.970521,50.941896]},"properties":{"h":9.0,"k":4.0,"s":20.0,"n":"Baumhasel"}},{"type":"Feature","geometry":{"type":"Point","coordinates":[6.970607,50.941891]},"properties":{"h":12.0,"k":6.0,"s":35.0,"n":"Baumhasel"}},{"type":"Feature","geometry":{"type":"Point","coordinates":[6.970639,50.941677]},"properties":{"h":15.0,"k":8.0,"s":65.0,"n":"Winterlinde"}},{"type":"Feature","geometry":{"type":"Point","coordinates":[6.970753,50.941688]},"properties":{"h":20.0,"k":8.0,"s":45.0,"n":"Winterlinde"}},{"type":"Feature","geometry":{"type":"Point","coordinates":[6.97097,50.941663]},"properties":{"h":15.0,"k":6.0,"s":45.0,"n":"Winterlinde"}},{"type":"Feature","geometry":{"type":"Point","coordinates":[6.970866,50.941667]},"properties":{"h":16.0,"k":8.0,"s":45.0,"n":"Winterlinde"}},{"type":"Feature","geometry":{"type":"Point","coordinates":[6.971088,50.941659]},"properties":{"h":20.0,"k":10.0,"s":55.0,"n":"Winterlinde"}},{"type":"Feature","geometry":{"type":"Point","coordinates":[6.971212,50.941655]},"properties":{"h":6.0,"k":2.0,"s":10.0,"n":"Amerikanische Stadt-Linde"}},{"type":"Feature","geometry":{"type":"Point","coordinates":[6.971318,50.941646]},"properties":{"h":15.0,"k":6.0,"s":30.0,"n":"Winterlinde"}},{"type":"Feature","geometry":{"type":"Point","coordinates":[6.971424,50.941651]},"properties":{"h":20.0,"k":8.0,"s":50.0,"n":"Winterlinde"}},{"type":"Feature","geometry":{"type":"Point","coordinates":[6.971542,50.941644]},"properties":{"h":15.0,"k":8.0,"s":50.0,"n":"Winterlinde"}},{"type":"Feature","geometry":{"type":"Point","coordinates":[6.971656,50.941642]},"properties":{"h":6.0,"k":2.0,"s":5.0,"n":"Amerikanische Stadt-Linde"}},{"type":"Feature","geometry":{"type":"Point","coordinates":[6.971762,50.941632]},"properties":{"h":17.0,"k":8.0,"s":70.0,"n":"Winterlinde"}},{"type":"Feature","geometry":{"type":"Point","coordinates":[6.971863,50.941626]},"properties":{"h":15.0,"k":4.0,"s":70.0,"n":"Winterlinde"}},{"type":"Feature","geometry":{"type":"Point","coordinates":[6.971974,50.941625]},"properties":{"h":15.0,"k":8.0,"s":65.0,"n":"Winterlinde"}},{"type":"Feature","geometry":{"type":"Point","coordinates":[6.9721,50.941618]},"properties":{"h":6.0,"k":2.0,"s":5.0,"n":"Amerikanische Stadt-Linde"}},{"type":"Feature","geometry":{"type":"Point","coordinates":[6.971339,50.941835]},"properties":{"h":11.0,"k":5.0,"s":30.0,"n":"Baumhasel"}},{"type":"Feature","geometry":{"type":"Point","coordinates":[6.971428,50.941828]},"properties":{"h":10.0,"k":5.0,"s":25.0,"n":"Baumhasel"}},{"type":"Feature","geometry":{"type":"Point","coordinates":[6.971519,50.941824]},"properties":{"h":10.0,"k":5.0,"s":30.0,"n":"Baumhasel"}},{"type":"Feature","geometry":{"type":"Point","coordinates":[6.971613,50.941817]},"properties":{"h":7.0,"k":3.0,"s":25.0,"n":"Baumhasel"}},{"type":"Feature","geometry":{"type":"Point","coordinates":[6.971694,50.94181]},"properties":{"h":6.0,"k":3.0,"s":25.0,"n":"Baumhasel"}},{"type":"Feature","geometry":{"type":"Point","coordinates":[6.971783,50.9418]},"properties":{"h":7.0,"k":3.0,"s":15.0,"n":"Baumhasel"}},{"type":"Feature","geometry":{"type":"Point","coordinates":[6.971869,50.941796]},"properties":{"h":7.0,"k":3.0,"s":15.0,"n":"Baumhasel"}},{"type":"Feature","geometry":{"type":"Point","coordinates":[6.971963,50.941789]},"properties":{"h":7.0,"k":2.0,"s":15.0,"n":"Baumhasel"}},{"type":"Feature","geometry":{"type":"Point","coordinates":[6.972054,50.941782]},"properties":{"h":7.0,"k":2.0,"s":15.0,"n":"Baumhasel"}},{"type":"Feature","geometry":{"type":"Point","coordinates":[6.972145,50.941773]},"properties":{"h":10.0,"k":5.0,"s":30.0,"n":"Baumhasel"}},{"type":"Feature","geometry":{"type":"Point","coordinates":[6.97233,50.941764]},"properties":{"h":10.0,"k":5.0,"s":25.0,"n":"Baumhasel"}},{"type":"Feature","geometry":{"type":"Point","coordinates":[6.972907,50.941602]},"properties":{"h":15.0,"k":8.0,"s":60.0,"n":"Winterlinde"}},{"type":"Feature","geometry":{"type":"Point","coordinates":[6.972781,50.9416]},"properties":{"h":20.0,"k":8.0,"s":70.0,"n":"Winterlinde"}},{"type":"Feature","geometry":{"type":"Point","coordinates":[6.97267,50.941594]},"properties":{"h":20.0,"k":10.0,"s":70.0,"n":"Winterlinde"}},{"type":"Feature","geometry":{"type":"Point","coordinates":[6.97244,50.941606]},"properties":{"h":20.0,"k":10.0,"s":60.0,"n":"Winterlinde"}},{"type":"Feature","geometry":{"type":"Point","coordinates":[6.972332,50.94161]},"properties":{"h":20.0,"k":6.0,"s":60.0,"n":"Winterlinde"}},{"type":"Feature","geometry":{"type":"Point","coordinates":[6.972211,50.941614]},"properties":{"h":16.0,"k":8.0,"s":70.0,"n":"Winterlinde"}},{"type":"Feature","geometry":{"type":"Point","coordinates":[6.970186,50.941695]},"properties":{"h":20.0,"k":10.0,"s":65.0,"n":"Winterlinde"}},{"type":"Feature","geometry":{"type":"Point","coordinates":[6.972671,50.941728]},"properties":{"h":10.0,"k":5.0,"s":25.0,"n":"Winterlinde"}},{"type":"Feature","geometry":{"type":"Point","coordinates":[6.970439,50.941685]},"properties":{"h":20.0,"k":8.0,"s":45.0,"n":"Winterlinde"}},{"type":"Feature","geometry":{"type":"Point","coordinates":[6.970539,50.941681]},"properties":{"h":14.0,"k":5.0,"s":35.0,"n":"Winterlinde"}},{"type":"Feature","geometry":{"type":"Point","coordinates":[6.985097,50.935536]},"properties":{"h":12.0,"k":8.0,"s":40.0,"n":"Winterlinde"}},{"type":"Feature","geometry":{"type":"Point","coordinates":[6.985319,50.935925]},"properties":{"h":6.0,"k":3.0,"s":20.0,"n":"Wal-, Nußbaum"}},{"type":"Feature","geometry":{"type":"Point","coordinates":[6.97541,50.937846]},"properties":{"h":20.0,"k":15.0,"s":100.0,"n":"Flügelnuß"}},{"type":"Feature","geometry":{"type":"Point","coordinates":[6.991906,50.932058]},"properties":{"h":20.0,"k":16.0,"s":80.0,"n":"Roßkastanie"}},{"type":"Feature","geometry":{"type":"Point","coordinates":[6.97501,50.946034]},"properties":{"h":23.0,"k":12.0,"s":80.0,"n":"Silber-Ahorn"}},{"type":"Feature","geometry":{"type":"Point","coordinates":[6.992838,50.931797]},"properties":{"h":18.0,"k":8.0,"s":45.0,"n":"Linde"}},{"type":"Feature","geometry":{"type":"Point","coordinates":[6.975521,50.938673]},"properties":{"h":14.0,"k":8.0,"s":70.0,"n":"Gemeine Esche"}},{"type":"Feature","geometry":{"type":"Point","coordinates":[6.975139,50.93901]},"properties":{"h":6.0,"k":2.0,"s":5.0,"n":"Gemeine Esche"}},{"type":"Feature","geometry":{"type":"Point","coordinates":[6.975154,50.938945]},"properties":{"h":9.0,"k":4.0,"s":20.0,"n":"Gemeine Esche"}},{"type":"Feature","geometry":{"type":"Point","coordinates":[6.975142,50.939087]},"properties":{"h":8.0,"k":3.0,"s":20.0,"n":"Gemeine Esche"}},{"type":"Feature","geometry":{"type":"Point","coordinates":[6.975143,50.939134]},"properties":{"h":16.0,"k":8.0,"s":70.0,"n":"Gemeine Esche"}},{"type":"Feature","geometry":{"type":"Point","coordinates":[6.975131,50.939255]},"properties":{"h":20.0,"k":12.0,"s":100.0,"n":"Gemeine Esche"}},{"type":"Feature","geometry":{"type":"Point","coordinates":[6.975131,50.939308]},"properties":{"h":6.0,"k":1.0,"s":15.0,"n":"Gemeine Esche"}},{"type":"Feature","geometry":{"type":"Point","coordinates":[6.975128,50.939329]},"properties":{"h":6.0,"k":2.0,"s":10.0,"n":"Fraxinus caroliniana Mill"}},{"type":"Feature","geometry":{"type":"Point","coordinates":[6.976136,50.938329]},"properties":{"h":20.0,"k":6.0,"s":90.0,"n":"Gemeine Esche"}},{"type":"Feature","geometry":{"type":"Point","coordinates":[6.976251,50.938272]},"properties":{"h":20.0,"k":6.0,"s":70.0,"n":"Gemeine Esche"}},{"type":"Feature","geometry":{"type":"Point","coordinates":[6.975962,50.938441]},"properties":{"h":10.0,"k":3.0,"s":25.0,"n":"Gemeine Esche"}},{"type":"Feature","geometry":{"type":"Point","coordinates":[6.975602,50.938634]},"properties":{"h":8.0,"k":4.0,"s":20.0,"n":"Gemeine Esche"}},{"type":"Feature","geometry":{"type":"Point","coordinates":[6.977147,50.938096]},"properties":{"h":7.0,"k":3.0,"s":5.0,"n":"Gewöhnliche Eberesche"}},{"type":"Feature","geometry":{"type":"Point","coordinates":[6.975129,50.939493]},"properties":{"h":10.0,"k":6.0,"s":25.0,"n":"Gemeine Esche"}},{"type":"Feature","geometry":{"type":"Point","coordinates":[6.975127,50.939452]},"properties":{"h":9.0,"k":4.0,"s":20.0,"n":"Gemeine Esche"}},{"type":"Feature","geometry":{"type":"Point","coordinates":[6.975124,50.939405]},"properties":{"h":8.0,"k":4.0,"s":10.0,"n":"Gemeine Esche"}},{"type":"Feature","geometry":{"type":"Point","coordinates":[6.97547,50.938712]},"properties":{"h":15.0,"k":8.0,"s":70.0,"n":"Esche"}},{"type":"Feature","geometry":{"type":"Point","coordinates":[6.975658,50.938605]},"properties":{"h":14.0,"k":6.0,"s":50.0,"n":"Esche"}},{"type":"Feature","geometry":{"type":"Point","coordinates":[6.97571,50.938575]},"properties":{"h":8.0,"k":4.0,"s":20.0,"n":"Esche"}},{"type":"Feature","geometry":{"type":"Point","coordinates":[6.975775,50.938549]},"properties":{"h":7.0,"k":2.0,"s":10.0,"n":"Walnuß"}},{"type":"Feature","geometry":{"type":"Point","coordinates":[6.97584,50.938517]},"properties":{"h":10.0,"k":5.0,"s":25.0,"n":"Esche"}},{"type":"Feature","geometry":{"type":"Point","coordinates":[6.975906,50.938475]},"properties":{"h":7.0,"k":2.0,"s":10.0,"n":"Esche"}},{"type":"Feature","geometry":{"type":"Point","coordinates":[6.993025,50.93049]},"properties":{"h":11.0,"k":11.0,"s":55.0,"n":"Scheinakazie"}},{"type":"Feature","geometry":{"type":"Point","coordinates":[6.992792,50.930584]},"properties":{"h":15.0,"k":8.0,"s":50.0,"n":"Ahorn"}},{"type":"Feature","geometry":{"type":"Point","coordinates":[6.993048,50.93073]},"properties":{"h":5.0,"k":1.0,"s":10.0,"n":"Kirsche"}},{"type":"Feature","geometry":{"type":"Point","coordinates":[6.993015,50.930708]},"properties":{"h":5.0,"k":1.0,"s":10.0,"n":"Kirsche"}},{"type":"Feature","geometry":{"type":"Point","coordinates":[6.993132,50.930734]},"properties":{"h":5.0,"k":1.0,"s":10.0,"n":"Kirsche"}},{"type":"Feature","geometry":{"type":"Point","coordinates":[6.99303,50.930836]},"properties":{"h":15.0,"k":10.0,"s":30.0,"n":"Eschen-Ahorn"}},{"type":"Feature","geometry":{"type":"Point","coordinates":[6.992942,50.930729]},"properties":{"h":10.0,"k":10.0,"s":30.0,"n":"Hainbuche, Weißbuche"}},{"type":"Feature","geometry":{"type":"Point","coordinates":[6.992836,50.930643]},"properties":{"h":22.0,"k":10.0,"s":50.0,"n":"Sandbirke"}},{"type":"Feature","geometry":{"type":"Point","coordinates":[6.993197,50.930919]},"properties":{"h":12.0,"k":8.0,"s":40.0,"n":"Hainbuche, Weißbuche"}},{"type":"Feature","geometry":{"type":"Point","coordinates":[6.993302,50.931076]},"properties":{"h":12.0,"k":10.0,"s":35.0,"n":"Hainbuche, Weißbuche"}},{"type":"Feature","geometry":{"type":"Point","coordinates":[6.993312,50.931049]},"properties":{"h":13.0,"k":10.0,"s":40.0,"n":"Hainbuche, Weißbuche"}},{"type":"Feature","geometry":{"type":"Point","coordinates":[6.993259,50.930988]},"properties":{"h":5.0,"k":3.0,"s":10.0,"n":"Zierapfel"}},{"type":"Feature","geometry":{"type":"Point","coordinates":[6.993236,50.930961]},"properties":{"h":5.0,"k":3.0,"s":10.0,"n":"Zierapfel"}},{"type":"Feature","geometry":{"type":"Point","coordinates":[6.99319,50.931019]},"properties":{"h":5.0,"k":3.0,"s":10.0,"n":"Zierapfel"}},{"type":"Feature","geometry":{"type":"Point","coordinates":[6.993163,50.930986]},"properties":{"h":5.0,"k":3.0,"s":10.0,"n":"Zierapfel"}},{"type":"Feature","geometry":{"type":"Point","coordinates":[6.976367,50.936153]},"properties":{"h":7.0,"k":4.0,"s":30.0,"n":"Eibe"}},{"type":"Feature","geometry":{"type":"Point","coordinates":[6.976091,50.93609]},"properties":{"h":15.0,"k":8.0,"s":30.0,"n":"Scheinakazie"}},{"type":"Feature","geometry":{"type":"Point","coordinates":[6.975944,50.936079]},"properties":{"h":15.0,"k":6.0,"s":35.0,"n":"Scheinakazie"}},{"type":"Feature","geometry":{"type":"Point","coordinates":[6.975762,50.93606]},"properties":{"h":6.0,"k":1.0,"s":10.0,"n":"Scheinakazie"}},{"type":"Feature","geometry":{"type":"Point","coordinates":[6.990217,50.931604]},"properties":{"h":8.0,"k":6.0,"s":30.0,"n":"Hasel"}},{"type":"Feature","geometry":{"type":"Point","coordinates":[6.990309,50.931592]},"properties":{"h":8.0,"k":6.0,"s":25.0,"n":"Hasel"}},{"type":"Feature","geometry":{"type":"Point","coordinates":[6.9904,50.931595]},"properties":{"h":8.0,"k":6.0,"s":30.0,"n":"Hasel"}},{"type":"Feature","geometry":{"type":"Point","coordinates":[6.990556,50.931546]},"properties":{"h":10.0,"k":5.0,"s":25.0,"n":"Baumhasel"}},{"type":"Feature","geometry":{"type":"Point","coordinates":[6.991088,50.932008]},"properties":{"h":11.0,"k":6.0,"s":25.0,"n":"Hasel"}},{"type":"Feature","geometry":{"type":"Point","coordinates":[6.981353,50.93563]},"properties":{"h":16.0,"k":14.0,"s":65.0,"n":"Feldahorn"}},{"type":"Feature","geometry":{"type":"Point","coordinates":[6.970107,50.945401]},"properties":{"h":15.0,"k":10.0,"s":93.0,"n":"Rot-Buche"}},{"type":"Feature","geometry":{"type":"Point","coordinates":[6.970079,50.945393]},"properties":{"h":6.0,"k":2.0,"s":15.0,"n":"Feldahorn"}},{"type":"Feature","geometry":{"type":"Point","coordinates":[6.970056,50.945383]},"properties":{"h":6.0,"k":2.0,"s":17.0,"n":"Feldahorn"}},{"type":"Feature","geometry":{"type":"Point","coordinates":[6.970056,50.945366]},"properties":{"h":6.0,"k":2.0,"s":16.0,"n":"Feldahorn"}},{"type":"Feature","geometry":{"type":"Point","coordinates":[6.97005,50.945349]},"properties":{"h":5.0,"k":2.0,"s":21.0,"n":"Weißdorn"}},{"type":"Feature","geometry":{"type":"Point","coordinates":[6.970087,50.94535]},"properties":{"h":6.0,"k":2.0,"s":15.0,"n":"Feldahorn"}},{"type":"Feature","geometry":{"type":"Point","coordinates":[6.970308,50.946406]},"properties":{"h":16.0,"k":3.0,"s":32.0,"n":"Säulenpappel, Pyramidenpappel"}},{"type":"Feature","geometry":{"type":"Point","coordinates":[6.979104,50.930468]},"properties":{"h":12.0,"k":7.0,"s":40.0,"n":"Rot-Buche"}},{"type":"Feature","geometry":{"type":"Point","coordinates":[6.979968,50.930302]},"properties":{"h":9.0,"k":4.0,"s":25.0,"n":"Feldahorn"}},{"type":"Feature","geometry":{"type":"Point","coordinates":[6.978886,50.930508]},"properties":{"h":13.0,"k":7.0,"s":35.0,"n":"Rot-Buche"}},{"type":"Feature","geometry":{"type":"Point","coordinates":[6.977803,50.930817]},"properties":{"h":9.0,"k":4.0,"s":25.0,"n":"Feldahorn"}},{"type":"Feature","geometry":{"type":"Point","coordinates":[6.980681,50.930222]},"properties":{"h":15.0,"k":7.0,"s":50.0,"n":"Rot-Buche"}},{"type":"Feature","geometry":{"type":"Point","coordinates":[6.989835,50.932388]},"properties":{"h":11.0,"k":7.0,"s":50.0,"n":"Feldahorn"}},{"type":"Feature","geometry":{"type":"Point","coordinates":[6.989763,50.93234]},"properties":{"h":9.0,"k":6.0,"s":30.0,"n":"Kirsche"}},{"type":"Feature","geometry":{"type":"Point","coordinates":[6.990156,50.93266]},"properties":{"h":10.0,"k":5.0,"s":30.0,"n":"Feldahorn"}},{"type":"Feature","geometry":{"type":"Point","coordinates":[6.990328,50.932808]},"properties":{"h":11.0,"k":7.0,"s":45.0,"n":"Hainbuche, Weißbuche"}},{"type":"Feature","geometry":{"type":"Point","coordinates":[6.991873,50.934302]},"properties":{"h":8.0,"k":4.0,"s":40.0,"n":"Kirsche"}},{"type":"Feature","geometry":{"type":"Point","coordinates":[6.99054,50.932992]},"properties":{"h":9.0,"k":4.0,"s":25.0,"n":"Feldahorn"}},{"type":"Feature","geometry":{"type":"Point","coordinates":[6.990981,50.933391]},"properties":{"h":10.0,"k":6.0,"s":40.0,"n":"Gemeine Esche"}},{"type":"Feature","geometry":{"type":"Point","coordinates":[6.990816,50.933239]},"properties":{"h":8.0,"k":5.0,"s":40.0,"n":"Feldahorn"}},{"type":"Feature","geometry":{"type":"Point","coordinates":[6.99083,50.933254]},"properties":{"h":8.0,"k":5.0,"s":35.0,"n":"Feldahorn"}},{"type":"Feature","geometry":{"type":"Point","coordinates":[6.991265,50.933668]},"properties":{"h":10.0,"k":8.0,"s":60.0,"n":"Sommer-Eiche, Stieleiche"}},{"type":"Feature","geometry":{"type":"Point","coordinates":[6.992243,50.934859]},"properties":{"h":6.0,"k":3.0,"s":30.0,"n":"Feldahorn"}},{"type":"Feature","geometry":{"type":"Point","coordinates":[6.991929,50.934373]},"properties":{"h":8.0,"k":4.0,"s":30.0,"n":"Spitzahorn"}},{"type":"Feature","geometry":{"type":"Point","coordinates":[6.988599,50.931474]},"properties":{"h":9.0,"k":4.0,"s":30.0,"n":"Feldahorn"}},{"type":"Feature","geometry":{"type":"Point","coordinates":[6.988305,50.931313]},"properties":{"h":12.0,"k":6.0,"s":35.0,"n":"Spitzahorn"}},{"type":"Feature","geometry":{"type":"Point","coordinates":[6.987913,50.931096]},"properties":{"h":10.0,"k":5.0,"s":30.0,"n":"Feldahorn"}},{"type":"Feature","geometry":{"type":"Point","coordinates":[6.987466,50.930887]},"properties":{"h":9.0,"k":4.0,"s":30.0,"n":"Bergahorn"}},{"type":"Feature","geometry":{"type":"Point","coordinates":[6.978688,50.930564]},"properties":{"h":11.0,"k":530.0,"s":35.0,"n":"Feldahorn"}},{"type":"Feature","geometry":{"type":"Point","coordinates":[6.977948,50.930778]},"properties":{"h":10.0,"k":6.0,"s":25.0,"n":"Hainbuche, Weißbuche"}},{"type":"Feature","geometry":{"type":"Point","coordinates":[6.97839,50.930652]},"properties":{"h":44.0,"k":5.0,"s":35.0,"n":"Rot-Buche"}},{"type":"Feature","geometry":{"type":"Point","coordinates":[6.977053,50.931087]},"properties":{"h":10.0,"k":5.0,"s":40.0,"n":"Feldahorn"}},{"type":"Feature","geometry":{"type":"Point","coordinates":[6.977651,50.930858]},"properties":{"h":8.0,"k":4.0,"s":25.0,"n":"Hainbuche, Weißbuche"}},{"type":"Feature","geometry":{"type":"Point","coordinates":[6.978181,50.93342]},"properties":{"h":6.0,"k":2.0,"s":10.0,"n":"Ahorn"}},{"type":"Feature","geometry":{"type":"Point","coordinates":[6.978282,50.93339]},"properties":{"h":6.0,"k":2.0,"s":10.0,"n":"Ahorn"}},{"type":"Feature","geometry":{"type":"Point","coordinates":[6.978387,50.93336]},"properties":{"h":6.0,"k":2.0,"s":10.0,"n":"Ahorn"}},{"type":"Feature","geometry":{"type":"Point","coordinates":[6.978488,50.933326]},"properties":{"h":6.0,"k":2.0,"s":10.0,"n":"Ahorn"}},{"type":"Feature","geometry":{"type":"Point","coordinates":[6.978586,50.933297]},"properties":{"h":6.0,"k":2.0,"s":10.0,"n":"Ahorn"}},{"type":"Feature","geometry":{"type":"Point","coordinates":[6.978693,50.933265]},"properties":{"h":6.0,"k":2.0,"s":10.0,"n":"Ahorn"}},{"type":"Feature","geometry":{"type":"Point","coordinates":[6.978117,50.933346]},"properties":{"h":6.0,"k":2.0,"s":10.0,"n":"Ahorn"}},{"type":"Feature","geometry":{"type":"Point","coordinates":[6.97823,50.933312]},"properties":{"h":6.0,"k":2.0,"s":10.0,"n":"Ahorn"}},{"type":"Feature","geometry":{"type":"Point","coordinates":[6.978343,50.933277]},"properties":{"h":6.0,"k":2.0,"s":10.0,"n":"Ahorn"}},{"type":"Feature","geometry":{"type":"Point","coordinates":[6.978539,50.93322]},"properties":{"h":6.0,"k":2.0,"s":10.0,"n":"Ahorn"}},{"type":"Feature","geometry":{"type":"Point","coordinates":[6.978664,50.933184]},"properties":{"h":6.0,"k":2.0,"s":10.0,"n":"Ahorn"}},{"type":"Feature","geometry":{"type":"Point","coordinates":[6.978762,50.933154]},"properties":{"h":6.0,"k":2.0,"s":10.0,"n":"Crataegus, Dorn"}},{"type":"Feature","geometry":{"type":"Point","coordinates":[6.978857,50.933125]},"properties":{"h":6.0,"k":2.0,"s":10.0,"n":"Ahorn"}},{"type":"Feature","geometry":{"type":"Point","coordinates":[6.97904,50.933067]},"properties":{"h":6.0,"k":2.0,"s":10.0,"n":"Ahorn"}},{"type":"Feature","geometry":{"type":"Point","coordinates":[6.9791,50.933142]},"properties":{"h":6.0,"k":2.0,"s":10.0,"n":"Ahorn"}},{"type":"Feature","geometry":{"type":"Point","coordinates":[6.978999,50.933173]},"properties":{"h":6.0,"k":2.0,"s":10.0,"n":"Ahorn"}},{"type":"Feature","geometry":{"type":"Point","coordinates":[6.978899,50.9332]},"properties":{"h":6.0,"k":2.0,"s":10.0,"n":"Ahorn"}},{"type":"Feature","geometry":{"type":"Point","coordinates":[6.978794,50.933234]},"properties":{"h":6.0,"k":2.0,"s":10.0,"n":"Ahorn"}},{"type":"Feature","geometry":{"type":"Point","coordinates":[6.978441,50.93325]},"properties":{"h":6.0,"k":2.0,"s":10.0,"n":"Ahorn"}},{"type":"Feature","geometry":{"type":"Point","coordinates":[6.97895,50.933097]},"properties":{"h":6.0,"k":2.0,"s":10.0,"n":"Ahorn"}},{"type":"Feature","geometry":{"type":"Point","coordinates":[6.971675,50.934419]},"properties":{"h":9.0,"k":3.0,"s":35.0,"n":"Gewöhnliche Eberesche"}},{"type":"Feature","geometry":{"type":"Point","coordinates":[6.971755,50.934353]},"properties":{"h":9.0,"k":4.0,"s":30.0,"n":"Gewöhnliche Eberesche"}},{"type":"Feature","geometry":{"type":"Point","coordinates":[6.971794,50.934467]},"properties":{"h":4.0,"k":2.0,"s":10.0,"n":"Gewöhnliche Eberesche"}},{"type":"Feature","geometry":{"type":"Point","coordinates":[6.968943,50.942158]},"properties":{"h":18.0,"k":9.0,"s":50.0,"n":"Winterlinde"}},{"type":"Feature","geometry":{"type":"Point","coordinates":[6.969115,50.942149]},"properties":{"h":18.0,"k":9.0,"s":50.0,"n":"Winterlinde"}},{"type":"Feature","geometry":{"type":"Point","coordinates":[6.969196,50.94214]},"properties":{"h":18.0,"k":9.0,"s":50.0,"n":"Winterlinde"}},{"type":"Feature","geometry":{"type":"Point","coordinates":[6.969205,50.942071]},"properties":{"h":18.0,"k":9.0,"s":50.0,"n":"Winterlinde"}},{"type":"Feature","geometry":{"type":"Point","coordinates":[6.969148,50.941648]},"properties":{"h":18.0,"k":9.0,"s":50.0,"n":"Winterlinde"}},{"type":"Feature","geometry":{"type":"Point","coordinates":[6.969154,50.941724]},"properties":{"h":18.0,"k":9.0,"s":50.0,"n":"Winterlinde"}},{"type":"Feature","geometry":{"type":"Point","coordinates":[6.969153,50.941798]},"properties":{"h":18.0,"k":9.0,"s":50.0,"n":"Winterlinde"}},{"type":"Feature","geometry":{"type":"Point","coordinates":[6.969223,50.94194]},"properties":{"h":18.0,"k":9.0,"s":50.0,"n":"Winterlinde"}},{"type":"Feature","geometry":{"type":"Point","coordinates":[6.969223,50.941868]},"properties":{"h":18.0,"k":9.0,"s":35.0,"n":"Winterlinde"}},{"type":"Feature","geometry":{"type":"Point","coordinates":[6.969222,50.9418]},"properties":{"h":18.0,"k":9.0,"s":35.0,"n":"Winterlinde"}},{"type":"Feature","geometry":{"type":"Point","coordinates":[6.969153,50.941932]},"properties":{"h":18.0,"k":9.0,"s":50.0,"n":"Winterlinde"}},{"type":"Feature","geometry":{"type":"Point","coordinates":[6.96915,50.941865]},"properties":{"h":18.0,"k":9.0,"s":50.0,"n":"Winterlinde"}},{"type":"Feature","geometry":{"type":"Point","coordinates":[6.968903,50.941652]},"properties":{"h":18.0,"k":9.0,"s":50.0,"n":"Winterlinde"}},{"type":"Feature","geometry":{"type":"Point","coordinates":[6.969036,50.941654]},"properties":{"h":18.0,"k":9.0,"s":50.0,"n":"Winterlinde"}},{"type":"Feature","geometry":{"type":"Point","coordinates":[6.975429,50.946533]},"properties":{"h":7.0,"k":4.0,"s":15.0,"n":"Blauglockenbaum"}},{"type":"Feature","geometry":{"type":"Point","coordinates":[6.976212,50.947074]},"properties":{"h":12.0,"k":6.0,"s":15.0,"n":"Feldahorn"}},{"type":"Feature","geometry":{"type":"Point","coordinates":[6.979809,50.93873]},"properties":{"h":5.0,"k":3.0,"s":20.0,"n":"Dreidorniger Lederhülsenbaum, Gleditschie"}},{"type":"Feature","geometry":{"type":"Point","coordinates":[6.969867,50.937806]},"properties":{"h":15.0,"k":6.0,"s":50.0,"n":"Tulpenbaum"}},{"type":"Feature","geometry":{"type":"Point","coordinates":[6.988757,50.947161]},"properties":{"h":8.0,"k":4.0,"s":15.0,"n":"Amberbaum"}},{"type":"Feature","geometry":{"type":"Point","coordinates":[6.988683,50.947209]},"properties":{"h":8.0,"k":4.0,"s":15.0,"n":"Amberbaum"}},{"type":"Feature","geometry":{"type":"Point","coordinates":[6.988738,50.947249]},"properties":{"h":8.0,"k":4.0,"s":15.0,"n":"Amberbaum"}},{"type":"Feature","geometry":{"type":"Point","coordinates":[6.988811,50.947315]},"properties":{"h":8.0,"k":4.0,"s":15.0,"n":"Amberbaum"}},{"type":"Feature","geometry":{"type":"Point","coordinates":[6.988884,50.947381]},"properties":{"h":8.0,"k":4.0,"s":15.0,"n":"Amberbaum"}},{"type":"Feature","geometry":{"type":"Point","coordinates":[6.988642,50.947235]},"properties":{"h":12.0,"k":6.0,"s":20.0,"n":"Ahorn"}},{"type":"Feature","geometry":{"type":"Point","coordinates":[6.988574,50.947278]},"properties":{"h":13.0,"k":5.0,"s":20.0,"n":"Ahorn"}},{"type":"Feature","geometry":{"type":"Point","coordinates":[6.988535,50.947279]},"properties":{"h":13.0,"k":6.0,"s":25.0,"n":"Hainbuche, Weißbuche"}},{"type":"Feature","geometry":{"type":"Point","coordinates":[6.988527,50.94731]},"properties":{"h":15.0,"k":6.0,"s":30.0,"n":"Hainbuche, Weißbuche"}},{"type":"Feature","geometry":{"type":"Point","coordinates":[6.988541,50.947319]},"properties":{"h":15.0,"k":6.0,"s":35.0,"n":"Ahorn"}},{"type":"Feature","geometry":{"type":"Point","coordinates":[6.988582,50.947346]},"properties":{"h":15.0,"k":6.0,"s":30.0,"n":"Ahorn"}},{"type":"Feature","geometry":{"type":"Point","coordinates":[6.988607,50.94736]},"properties":{"h":14.0,"k":6.0,"s":20.0,"n":"Ahorn"}},{"type":"Feature","geometry":{"type":"Point","coordinates":[6.988629,50.947375]},"properties":{"h":18.0,"k":10.0,"s":40.0,"n":"Hainbuche, Weißbuche"}},{"type":"Feature","geometry":{"type":"Point","coordinates":[6.988736,50.94739]},"properties":{"h":18.0,"k":12.0,"s":55.0,"n":"Roßkastanie"}},{"type":"Feature","geometry":{"type":"Point","coordinates":[6.98873,50.947432]},"properties":{"h":18.0,"k":6.0,"s":30.0,"n":"Ahorn"}},{"type":"Feature","geometry":{"type":"Point","coordinates":[6.988745,50.947442]},"properties":{"h":16.0,"k":6.0,"s":30.0,"n":"Ahorn"}},{"type":"Feature","geometry":{"type":"Point","coordinates":[6.988789,50.947464]},"properties":{"h":14.0,"k":8.0,"s":45.0,"n":"Ahorn"}},{"type":"Feature","geometry":{"type":"Point","coordinates":[6.988851,50.947502]},"properties":{"h":14.0,"k":8.0,"s":25.0,"n":"Ahorn"}},{"type":"Feature","geometry":{"type":"Point","coordinates":[6.989088,50.947415]},"properties":{"h":25.0,"k":20.0,"s":85.0,"n":"Platane"}},{"type":"Feature","geometry":{"type":"Point","coordinates":[6.989219,50.94722]},"properties":{"h":6.0,"k":1.0,"s":10.0,"n":"Kirsche"}},{"type":"Feature","geometry":{"type":"Point","coordinates":[6.989171,50.947196]},"properties":{"h":7.0,"k":2.0,"s":10.0,"n":"Kirsche"}},{"type":"Feature","geometry":{"type":"Point","coordinates":[6.98911,50.947167]},"properties":{"h":7.0,"k":2.0,"s":15.0,"n":"Kirsche"}},{"type":"Feature","geometry":{"type":"Point","coordinates":[6.98904,50.947137]},"properties":{"h":7.0,"k":3.0,"s":10.0,"n":"Kirsche"}},{"type":"Feature","geometry":{"type":"Point","coordinates":[6.989086,50.946976]},"properties":{"h":6.0,"k":2.0,"s":10.0,"n":"Amberbaum"}},{"type":"Feature","geometry":{"type":"Point","coordinates":[6.989288,50.946744]},"properties":{"h":14.0,"k":8.0,"s":25.0,"n":"Hainbuche, Weißbuche"}},{"type":"Feature","geometry":{"type":"Point","coordinates":[6.989383,50.946693]},"properties":{"h":8.0,"k":3.0,"s":10.0,"n":"Ahorn"}},{"type":"Feature","geometry":{"type":"Point","coordinates":[6.989497,50.946673]},"properties":{"h":8.0,"k":3.0,"s":10.0,"n":"Hainbuche, Weißbuche"}},{"type":"Feature","geometry":{"type":"Point","coordinates":[6.989604,50.946707]},"properties":{"h":8.0,"k":6.0,"s":25.0,"n":"Hainbuche, Weißbuche"}},{"type":"Feature","geometry":{"type":"Point","coordinates":[6.989664,50.946741]},"properties":{"h":7.0,"k":3.0,"s":15.0,"n":"Kirsche"}},{"type":"Feature","geometry":{"type":"Point","coordinates":[6.989492,50.946759]},"properties":{"h":16.0,"k":8.0,"s":45.0,"n":"Ahorn"}},{"type":"Feature","geometry":{"type":"Point","coordinates":[6.989546,50.946801]},"properties":{"h":6.0,"k":2.0,"s":10.0,"n":"Ahorn"}},{"type":"Feature","geometry":{"type":"Point","coordinates":[6.989277,50.946884]},"properties":{"h":8.0,"k":3.0,"s":15.0,"n":"Tulpenbaum"}},{"type":"Feature","geometry":{"type":"Point","coordinates":[6.989365,50.946909]},"properties":{"h":6.0,"k":2.0,"s":15.0,"n":"Ahorn"}},{"type":"Feature","geometry":{"type":"Point","coordinates":[6.989468,50.946946]},"properties":{"h":6.0,"k":2.0,"s":15.0,"n":"Ahorn"}},{"type":"Feature","geometry":{"type":"Point","coordinates":[6.989537,50.946977]},"properties":{"h":6.0,"k":2.0,"s":15.0,"n":"Ahorn"}},{"type":"Feature","geometry":{"type":"Point","coordinates":[6.989605,50.947011]},"properties":{"h":6.0,"k":2.0,"s":15.0,"n":"Ahorn"}},{"type":"Feature","geometry":{"type":"Point","coordinates":[6.98967,50.947042]},"properties":{"h":6.0,"k":2.0,"s":15.0,"n":"Ahorn"}},{"type":"Feature","geometry":{"type":"Point","coordinates":[6.989741,50.947077]},"properties":{"h":6.0,"k":2.0,"s":15.0,"n":"Ahorn"}},{"type":"Feature","geometry":{"type":"Point","coordinates":[6.989944,50.946909]},"properties":{"h":7.0,"k":2.0,"s":15.0,"n":"Ahorn"}},{"type":"Feature","geometry":{"type":"Point","coordinates":[6.989885,50.946879]},"properties":{"h":7.0,"k":2.0,"s":15.0,"n":"Ahorn"}},{"type":"Feature","geometry":{"type":"Point","coordinates":[6.989995,50.946866]},"properties":{"h":8.0,"k":3.0,"s":15.0,"n":"Ahorn"}},{"type":"Feature","geometry":{"type":"Point","coordinates":[6.989927,50.946834]},"properties":{"h":8.0,"k":3.0,"s":15.0,"n":"Ahorn"}},{"type":"Feature","geometry":{"type":"Point","coordinates":[6.989873,50.946808]},"properties":{"h":7.0,"k":3.0,"s":15.0,"n":"Kirsche"}},{"type":"Feature","geometry":{"type":"Point","coordinates":[6.989691,50.947612]},"properties":{"h":7.0,"k":3.0,"s":10.0,"n":"Gleditsie, Lederhülsenbaum"}},{"type":"Feature","geometry":{"type":"Point","coordinates":[6.989757,50.947566]},"properties":{"h":7.0,"k":3.0,"s":10.0,"n":"Gleditsie, Lederhülsenbaum"}},{"type":"Feature","geometry":{"type":"Point","coordinates":[6.989847,50.947511]},"properties":{"h":7.0,"k":3.0,"s":10.0,"n":"Gleditsie, Lederhülsenbaum"}},{"type":"Feature","geometry":{"type":"Point","coordinates":[6.989929,50.947449]},"properties":{"h":7.0,"k":3.0,"s":10.0,"n":"Gleditsie, Lederhülsenbaum"}},{"type":"Feature","geometry":{"type":"Point","coordinates":[6.990033,50.947319]},"properties":{"h":16.0,"k":8.0,"s":60.0,"n":"Ulme, Rüster"}},{"type":"Feature","geometry":{"type":"Point","coordinates":[6.990138,50.947324]},"properties":{"h":7.0,"k":4.0,"s":15.0,"n":"Ahorn"}},{"type":"Feature","geometry":{"type":"Point","coordinates":[6.990216,50.947268]},"properties":{"h":6.0,"k":2.0,"s":10.0,"n":"Ahorn"}},{"type":"Feature","geometry":{"type":"Point","coordinates":[6.990415,50.947015]},"properties":{"h":8.0,"k":3.0,"s":10.0,"n":"Gemeine Esche"}},{"type":"Feature","geometry":{"type":"Point","coordinates":[6.990485,50.94705]},"properties":{"h":8.0,"k":3.0,"s":10.0,"n":"Gemeine Esche"}},{"type":"Feature","geometry":{"type":"Point","coordinates":[6.990615,50.947117]},"properties":{"h":8.0,"k":3.0,"s":10.0,"n":"Gemeine Esche"}},{"type":"Feature","geometry":{"type":"Point","coordinates":[6.99084,50.947237]},"properties":{"h":8.0,"k":3.0,"s":10.0,"n":"Gemeine Esche"}},{"type":"Feature","geometry":{"type":"Point","coordinates":[6.990528,50.947462]},"properties":{"h":6.0,"k":4.0,"s":15.0,"n":"Hainbuche, Weißbuche"}},{"type":"Feature","geometry":{"type":"Point","coordinates":[6.990475,50.947482]},"properties":{"h":7.0,"k":4.0,"s":15.0,"n":"Hainbuche, Weißbuche"}},{"type":"Feature","geometry":{"type":"Point","coordinates":[6.990419,50.947506]},"properties":{"h":7.0,"k":4.0,"s":15.0,"n":"Hainbuche, Weißbuche"}},{"type":"Feature","geometry":{"type":"Point","coordinates":[6.989795,50.94779]},"properties":{"h":8.0,"k":4.0,"s":15.0,"n":"Ahorn"}},{"type":"Feature","geometry":{"type":"Point","coordinates":[6.98929,50.947682]},"properties":{"h":17.0,"k":10.0,"s":45.0,"n":"Linde"}},{"type":"Feature","geometry":{"type":"Point","coordinates":[6.989412,50.9477]},"properties":{"h":15.0,"k":10.0,"s":55.0,"n":"Roßkastanie"}},{"type":"Feature","geometry":{"type":"Point","coordinates":[6.989437,50.947772]},"properties":{"h":17.0,"k":12.0,"s":60.0,"n":"Ahorn"}},{"type":"Feature","geometry":{"type":"Point","coordinates":[6.989516,50.94779]},"properties":{"h":15.0,"k":7.0,"s":35.0,"n":"Ahorn"}},{"type":"Feature","geometry":{"type":"Point","coordinates":[6.989548,50.947808]},"properties":{"h":5.0,"k":8.0,"s":20.0,"n":"Hainbuche, Weißbuche"}},{"type":"Feature","geometry":{"type":"Point","coordinates":[6.989478,50.947825]},"properties":{"h":15.0,"k":10.0,"s":35.0,"n":"Ahorn"}},{"type":"Feature","geometry":{"type":"Point","coordinates":[6.989539,50.947891]},"properties":{"h":25.0,"k":20.0,"s":105.0,"n":"Pappel"}},{"type":"Feature","geometry":{"type":"Point","coordinates":[6.989578,50.947677]},"properties":{"h":6.0,"k":3.0,"s":10.0,"n":"Ahorn"}},{"type":"Feature","geometry":{"type":"Point","coordinates":[6.989158,50.946821]},"properties":{"h":20.0,"k":15.0,"s":80.0,"n":"Ahorn"}},{"type":"Feature","geometry":{"type":"Point","coordinates":[6.986139,50.93651]},"properties":{"h":6.0,"k":3.0,"s":15.0,"n":"Spitzahorn"}},{"type":"Feature","geometry":{"type":"Point","coordinates":[6.987058,50.936325]},"properties":{"h":6.0,"k":5.0,"s":15.0,"n":"Spitzahorn"}},{"type":"Feature","geometry":{"type":"Point","coordinates":[6.987953,50.936432]},"properties":{"h":8.0,"k":6.0,"s":20.0,"n":"Spitzahorn"}},{"type":"Feature","geometry":{"type":"Point","coordinates":[6.98817,50.93646]},"properties":{"h":10.0,"k":4.0,"s":20.0,"n":"Spitzahorn"}},{"type":"Feature","geometry":{"type":"Point","coordinates":[6.992571,50.937034]},"properties":{"h":12.0,"k":5.0,"s":40.0,"n":"Amerikanische Linde"}},{"type":"Feature","geometry":{"type":"Point","coordinates":[6.992816,50.937066]},"properties":{"h":12.0,"k":5.0,"s":40.0,"n":"Winterlinde"}},{"type":"Feature","geometry":{"type":"Point","coordinates":[6.99094,50.936843]},"properties":{"h":6.0,"k":4.0,"s":10.0,"n":"Linde"}},{"type":"Feature","geometry":{"type":"Point","coordinates":[6.973512,50.933201]},"properties":{"h":10.0,"k":3.0,"s":65.0,"n":"Säulenpappel, Pyramidenpappel"}},{"type":"Feature","geometry":{"type":"Point","coordinates":[6.974205,50.933015]},"properties":{"h":12.0,"k":7.0,"s":40.0,"n":"Hainbuche, Weißbuche"}},{"type":"Feature","geometry":{"type":"Point","coordinates":[6.984845,50.935069]},"properties":{"h":18.0,"k":10.0,"s":45.0,"n":"Bergahorn"}},{"type":"Feature","geometry":{"type":"Point","coordinates":[6.986352,50.935493]},"properties":{"h":8.0,"k":6.0,"s":25.0,"n":"Ahorn"}},{"type":"Feature","geometry":{"type":"Point","coordinates":[6.975506,50.946225]},"properties":{"h":9.0,"k":5.0,"s":20.0,"n":"Scheinakazie"}},{"type":"Feature","geometry":{"type":"Point","coordinates":[6.975606,50.946317]},"properties":{"h":9.0,"k":5.0,"s":20.0,"n":"Scheinakazie"}},{"type":"Feature","geometry":{"type":"Point","coordinates":[6.975639,50.940093]},"properties":{"h":8.0,"k":5.0,"s":20.0,"n":"Hainbuche, Weißbuche"}},{"type":"Feature","geometry":{"type":"Point","coordinates":[6.978614,50.934006]},"properties":{"h":5.0,"k":2.0,"s":10.0,"n":"Ahorn"}},{"type":"Feature","geometry":{"type":"Point","coordinates":[6.975143,50.940383]},"properties":{"h":15.0,"k":5.0,"s":50.0,"n":"Platane"}},{"type":"Feature","geometry":{"type":"Point","coordinates":[6.975072,50.940352]},"properties":{"h":17.0,"k":8.0,"s":75.0,"n":"Platane"}},{"type":"Feature","geometry":{"type":"Point","coordinates":[6.97522,50.940384]},"properties":{"h":25.0,"k":12.0,"s":110.0,"n":"Platane"}},{"type":"Feature","geometry":{"type":"Point","coordinates":[6.975321,50.940336]},"properties":{"h":23.0,"k":10.0,"s":110.0,"n":"Platane"}},{"type":"Feature","geometry":{"type":"Point","coordinates":[6.970126,50.945438]},"properties":{"h":16.0,"k":6.0,"s":49.0,"n":"Bergahorn"}},{"type":"Feature","geometry":{"type":"Point","coordinates":[6.969011,50.938581]},"properties":{"h":6.0,"k":5.0,"s":25.0,"n":"Kugelrobinie"}},{"type":"Feature","geometry":{"type":"Point","coordinates":[6.969009,50.938494]},"properties":{"h":6.0,"k":5.0,"s":25.0,"n":"Kugelrobinie"}},{"type":"Feature","geometry":{"type":"Point","coordinates":[6.973689,50.933264]},"properties":{"h":17.0,"k":7.0,"s":55.0,"n":"Silber-Ahorn"}},{"type":"Feature","geometry":{"type":"Point","coordinates":[6.974225,50.933225]},"properties":{"h":7.0,"k":3.0,"s":10.0,"n":"Crataegus, Dorn"}},{"type":"Feature","geometry":{"type":"Point","coordinates":[6.974225,50.933087]},"properties":{"h":18.0,"k":5.0,"s":50.0,"n":"Scheinakazie"}},{"type":"Feature","geometry":{"type":"Point","coordinates":[6.974218,50.933056]},"properties":{"h":12.0,"k":6.0,"s":30.0,"n":"Hainbuche, Weißbuche"}},{"type":"Feature","geometry":{"type":"Point","coordinates":[6.976775,50.938097]},"properties":{"h":10.0,"k":8.0,"s":130.0,"n":"Roßkastanie"}},{"type":"Feature","geometry":{"type":"Point","coordinates":[6.976695,50.938144]},"properties":{"h":16.0,"k":20.0,"s":160.0,"n":"Roßkastanie"}},{"type":"Feature","geometry":{"type":"Point","coordinates":[6.973911,50.933328]},"properties":{"h":14.0,"k":7.0,"s":45.0,"n":"Silber-Ahorn"}},{"type":"Feature","geometry":{"type":"Point","coordinates":[6.974025,50.933344]},"properties":{"h":14.0,"k":8.0,"s":50.0,"n":"Silber-Ahorn"}},{"type":"Feature","geometry":{"type":"Point","coordinates":[6.974131,50.933383]},"properties":{"h":6.0,"k":4.0,"s":20.0,"n":"Crataegus, Dorn"}},{"type":"Feature","geometry":{"type":"Point","coordinates":[6.97413,50.933328]},"properties":{"h":14.0,"k":7.0,"s":40.0,"n":"Silber-Ahorn"}},{"type":"Feature","geometry":{"type":"Point","coordinates":[6.974275,50.933412]},"properties":{"h":9.0,"k":6.0,"s":25.0,"n":"Baumhasel"}},{"type":"Feature","geometry":{"type":"Point","coordinates":[6.9743,50.933346]},"properties":{"h":6.0,"k":2.0,"s":10.0,"n":"Baumhasel"}},{"type":"Feature","geometry":{"type":"Point","coordinates":[6.974317,50.933282]},"properties":{"h":12.0,"k":7.0,"s":35.0,"n":"Bergahorn"}},{"type":"Feature","geometry":{"type":"Point","coordinates":[6.974358,50.933106]},"properties":{"h":6.0,"k":3.0,"s":10.0,"n":"Crataegus, Dorn"}},{"type":"Feature","geometry":{"type":"Point","coordinates":[6.974377,50.933054]},"properties":{"h":7.0,"k":4.0,"s":10.0,"n":"Crataegus, Dorn"}},{"type":"Feature","geometry":{"type":"Point","coordinates":[6.974427,50.932956]},"properties":{"h":14.0,"k":8.0,"s":40.0,"n":"Bergahorn"}},{"type":"Feature","geometry":{"type":"Point","coordinates":[6.97428,50.932958]},"properties":{"h":15.0,"k":8.0,"s":45.0,"n":"Bergahorn"}},{"type":"Feature","geometry":{"type":"Point","coordinates":[6.974159,50.932962]},"properties":{"h":7.0,"k":3.0,"s":10.0,"n":"Mehlbeere"}},{"type":"Feature","geometry":{"type":"Point","coordinates":[6.974028,50.933008]},"properties":{"h":16.0,"k":8.0,"s":50.0,"n":"Sandbirke"}},{"type":"Feature","geometry":{"type":"Point","coordinates":[6.973962,50.932991]},"properties":{"h":14.0,"k":6.0,"s":30.0,"n":"Sandbirke"}},{"type":"Feature","geometry":{"type":"Point","coordinates":[6.973671,50.932956]},"properties":{"h":16.0,"k":5.0,"s":35.0,"n":"Gleditsie, Lederhülsenbaum"}},{"type":"Feature","geometry":{"type":"Point","coordinates":[6.973835,50.932955]},"properties":{"h":14.0,"k":6.0,"s":80.0,"n":"Bergahorn"}},{"type":"Feature","geometry":{"type":"Point","coordinates":[6.973754,50.933048]},"properties":{"h":17.0,"k":12.0,"s":60.0,"n":"Platane"}},{"type":"Feature","geometry":{"type":"Point","coordinates":[6.973855,50.933037]},"properties":{"h":12.0,"k":8.0,"s":40.0,"n":"Hainbuche, Weißbuche"}},{"type":"Feature","geometry":{"type":"Point","coordinates":[6.973915,50.933067]},"properties":{"h":13.0,"k":7.0,"s":35.0,"n":"Hainbuche, Weißbuche"}},{"type":"Feature","geometry":{"type":"Point","coordinates":[6.973889,50.933098]},"properties":{"h":13.0,"k":6.0,"s":30.0,"n":"Hainbuche, Weißbuche"}},{"type":"Feature","geometry":{"type":"Point","coordinates":[6.973903,50.933153]},"properties":{"h":14.0,"k":6.0,"s":30.0,"n":"Bergahorn"}},{"type":"Feature","geometry":{"type":"Point","coordinates":[6.973874,50.933125]},"properties":{"h":12.0,"k":5.0,"s":20.0,"n":"Hainbuche, Weißbuche"}},{"type":"Feature","geometry":{"type":"Point","coordinates":[6.975885,50.936166]},"properties":{"h":6.0,"k":1.0,"s":10.0,"n":"Scheinakazie"}},{"type":"Feature","geometry":{"type":"Point","coordinates":[6.976026,50.936274]},"properties":{"h":6.0,"k":1.0,"s":10.0,"n":"Scheinakazie"}},{"type":"Feature","geometry":{"type":"Point","coordinates":[6.976128,50.936344]},"properties":{"h":14.0,"k":5.0,"s":35.0,"n":"Scheinakazie"}},{"type":"Feature","geometry":{"type":"Point","coordinates":[6.976313,50.936355]},"properties":{"h":6.0,"k":5.0,"s":30.0,"n":"Eibe"}},{"type":"Feature","geometry":{"type":"Point","coordinates":[6.976223,50.936401]},"properties":{"h":14.0,"k":5.0,"s":30.0,"n":"Scheinakazie"}},{"type":"Feature","geometry":{"type":"Point","coordinates":[6.976335,50.936252]},"properties":{"h":7.0,"k":4.0,"s":25.0,"n":"Eibe"}},{"type":"Feature","geometry":{"type":"Point","coordinates":[6.976378,50.936429]},"properties":{"h":6.0,"k":1.0,"s":5.0,"n":"Scheinakazie"}},{"type":"Feature","geometry":{"type":"Point","coordinates":[6.976396,50.936356]},"properties":{"h":14.0,"k":4.0,"s":30.0,"n":"Scheinakazie"}},{"type":"Feature","geometry":{"type":"Point","coordinates":[6.976408,50.936288]},"properties":{"h":6.0,"k":1.0,"s":10.0,"n":"Scheinakazie"}},{"type":"Feature","geometry":{"type":"Point","coordinates":[6.976353,50.9362]},"properties":{"h":7.0,"k":4.0,"s":25.0,"n":"Eibe"}},{"type":"Feature","geometry":{"type":"Point","coordinates":[6.97643,50.936103]},"properties":{"h":6.0,"k":1.0,"s":5.0,"n":"Scheinakazie"}},{"type":"Feature","geometry":{"type":"Point","coordinates":[6.976292,50.936097]},"properties":{"h":9.0,"k":4.0,"s":25.0,"n":"Scheinakazie"}},{"type":"Feature","geometry":{"type":"Point","coordinates":[6.972365,50.935357]},"properties":{"h":20.0,"k":16.0,"s":80.0,"n":"Götterbaum"}},{"type":"Feature","geometry":{"type":"Point","coordinates":[6.972382,50.935461]},"properties":{"h":17.0,"k":12.0,"s":40.0,"n":"Japanischer Schnurbaum"}},{"type":"Feature","geometry":{"type":"Point","coordinates":[6.972352,50.935531]},"properties":{"h":20.0,"k":16.0,"s":60.0,"n":"Silber-Ahorn"}},{"type":"Feature","geometry":{"type":"Point","coordinates":[6.972304,50.935523]},"properties":{"h":20.0,"k":16.0,"s":60.0,"n":"Silber-Ahorn"}},{"type":"Feature","geometry":{"type":"Point","coordinates":[6.97238,50.935944]},"properties":{"h":7.0,"k":2.0,"s":20.0,"n":"Hainbuche, Weißbuche"}},{"type":"Feature","geometry":{"type":"Point","coordinates":[6.972397,50.935564]},"properties":{"h":18.0,"k":15.0,"s":50.0,"n":"Japanischer Schnurbaum"}},{"type":"Feature","geometry":{"type":"Point","coordinates":[6.972418,50.935661]},"properties":{"h":20.0,"k":16.0,"s":60.0,"n":"Götterbaum"}},{"type":"Feature","geometry":{"type":"Point","coordinates":[6.972257,50.935725]},"properties":{"h":18.0,"k":12.0,"s":50.0,"n":"Silber-Ahorn"}},{"type":"Feature","geometry":{"type":"Point","coordinates":[6.972367,50.935782]},"properties":{"h":15.0,"k":8.0,"s":30.0,"n":"Roßkastanie"}},{"type":"Feature","geometry":{"type":"Point","coordinates":[6.972333,50.935836]},"properties":{"h":17.0,"k":8.0,"s":30.0,"n":"Platane"}},{"type":"Feature","geometry":{"type":"Point","coordinates":[6.972378,50.935877]},"properties":{"h":5.0,"k":2.0,"s":15.0,"n":"Hainbuche, Weißbuche"}},{"type":"Feature","geometry":{"type":"Point","coordinates":[6.972275,50.935959]},"properties":{"h":14.0,"k":7.0,"s":35.0,"n":"Roßkastanie"}},{"type":"Feature","geometry":{"type":"Point","coordinates":[6.972165,50.935853]},"properties":{"h":25.0,"k":20.0,"s":120.0,"n":"Platane"}},{"type":"Feature","geometry":{"type":"Point","coordinates":[6.972065,50.935812]},"properties":{"h":18.0,"k":15.0,"s":50.0,"n":"Bergahorn"}},{"type":"Feature","geometry":{"type":"Point","coordinates":[6.97238,50.935912]},"properties":{"h":5.0,"k":2.0,"s":15.0,"n":"Hainbuche, Weißbuche"}},{"type":"Feature","geometry":{"type":"Point","coordinates":[6.972033,50.935959]},"properties":{"h":30.0,"k":20.0,"s":70.0,"n":"Japanischer Schnurbaum"}},{"type":"Feature","geometry":{"type":"Point","coordinates":[6.971795,50.935853]},"properties":{"h":16.0,"k":8.0,"s":40.0,"n":"Bergahorn"}},{"type":"Feature","geometry":{"type":"Point","coordinates":[6.971785,50.935766]},"properties":{"h":16.0,"k":8.0,"s":50.0,"n":"Bergahorn"}},{"type":"Feature","geometry":{"type":"Point","coordinates":[6.972342,50.935904]},"properties":{"h":8.0,"k":3.0,"s":25.0,"n":"Hainbuche, Weißbuche"}},{"type":"Feature","geometry":{"type":"Point","coordinates":[6.971835,50.935925]},"properties":{"h":10.0,"k":6.0,"s":20.0,"n":"Eibe"}},{"type":"Feature","geometry":{"type":"Point","coordinates":[6.971801,50.935909]},"properties":{"h":14.0,"k":8.0,"s":60.0,"n":"Götterbaum"}},{"type":"Feature","geometry":{"type":"Point","coordinates":[6.971897,50.935752]},"properties":{"h":16.0,"k":8.0,"s":50.0,"n":"Götterbaum"}},{"type":"Feature","geometry":{"type":"Point","coordinates":[6.971952,50.935748]},"properties":{"h":16.0,"k":9.0,"s":60.0,"n":"Götterbaum"}},{"type":"Feature","geometry":{"type":"Point","coordinates":[6.972009,50.935721]},"properties":{"h":16.0,"k":8.0,"s":65.0,"n":"Götterbaum"}},{"type":"Feature","geometry":{"type":"Point","coordinates":[6.972088,50.935713]},"properties":{"h":15.0,"k":8.0,"s":40.0,"n":"Bergahorn"}},{"type":"Feature","geometry":{"type":"Point","coordinates":[6.972051,50.935736]},"properties":{"h":7.0,"k":3.0,"s":10.0,"n":"Hainbuche, Weißbuche"}},{"type":"Feature","geometry":{"type":"Point","coordinates":[6.972076,50.935604]},"properties":{"h":11.0,"k":6.0,"s":40.0,"n":"Rot-Buche"}},{"type":"Feature","geometry":{"type":"Point","coordinates":[6.972065,50.935534]},"properties":{"h":16.0,"k":10.0,"s":60.0,"n":"Flügelnuß"}},{"type":"Feature","geometry":{"type":"Point","coordinates":[6.972059,50.935516]},"properties":{"h":14.0,"k":7.0,"s":20.0,"n":"Hainbuche, Weißbuche"}},{"type":"Feature","geometry":{"type":"Point","coordinates":[6.972094,50.935679]},"properties":{"h":7.0,"k":3.0,"s":15.0,"n":"Hainbuche, Weißbuche"}},{"type":"Feature","geometry":{"type":"Point","coordinates":[6.972049,50.935391]},"properties":{"h":16.0,"k":8.0,"s":70.0,"n":"Götterbaum"}},{"type":"Feature","geometry":{"type":"Point","coordinates":[6.972085,50.935365]},"properties":{"h":15.0,"k":8.0,"s":50.0,"n":"Götterbaum"}},{"type":"Feature","geometry":{"type":"Point","coordinates":[6.972126,50.935345]},"properties":{"h":6.0,"k":6.0,"s":15.0,"n":"Hainbuche, Weißbuche"}},{"type":"Feature","geometry":{"type":"Point","coordinates":[6.972195,50.935359]},"properties":{"h":14.0,"k":8.0,"s":45.0,"n":"Bergahorn"}},{"type":"Feature","geometry":{"type":"Point","coordinates":[6.9805,50.931171]},"properties":{"h":13.0,"k":2.0,"s":35.0,"n":"Serbische Fichte"}},{"type":"Feature","geometry":{"type":"Point","coordinates":[6.980528,50.931107]},"properties":{"h":13.0,"k":11.0,"s":70.0,"n":"Japanischer Schnurbaum"}},{"type":"Feature","geometry":{"type":"Point","coordinates":[6.980624,50.931102]},"properties":{"h":12.0,"k":2.0,"s":30.0,"n":"Serbische Fichte"}},{"type":"Feature","geometry":{"type":"Point","coordinates":[6.980485,50.931186]},"properties":{"h":5.0,"k":4.0,"s":20.0,"n":"Apfel"}},{"type":"Feature","geometry":{"type":"Point","coordinates":[6.980384,50.931226]},"properties":{"h":4.0,"k":3.0,"s":15.0,"n":"Apfel"}},{"type":"Feature","geometry":{"type":"Point","coordinates":[6.980324,50.931216]},"properties":{"h":15.0,"k":10.0,"s":85.0,"n":"Silber-Ahorn"}},{"type":"Feature","geometry":{"type":"Point","coordinates":[6.98093,50.930921]},"properties":{"h":10.0,"k":6.0,"s":35.0,"n":"Bergahorn"}},{"type":"Feature","geometry":{"type":"Point","coordinates":[6.980289,50.931169]},"properties":{"h":10.0,"k":6.0,"s":25.0,"n":"Feldahorn"}},{"type":"Feature","geometry":{"type":"Point","coordinates":[6.98024,50.931117]},"properties":{"h":12.0,"k":2.0,"s":30.0,"n":"Serbische Fichte"}},{"type":"Feature","geometry":{"type":"Point","coordinates":[6.980161,50.931043]},"properties":{"h":5.0,"k":5.0,"s":30.0,"n":"Apfel"}},{"type":"Feature","geometry":{"type":"Point","coordinates":[6.980086,50.931003]},"properties":{"h":18.0,"k":10.0,"s":95.0,"n":"Silber-Ahorn"}},{"type":"Feature","geometry":{"type":"Point","coordinates":[6.979982,50.930856]},"properties":{"h":10.0,"k":3.0,"s":30.0,"n":"Feldahorn"}},{"type":"Feature","geometry":{"type":"Point","coordinates":[6.979939,50.930835]},"properties":{"h":11.0,"k":4.0,"s":30.0,"n":"Feldahorn"}},{"type":"Feature","geometry":{"type":"Point","coordinates":[6.980023,50.930834]},"properties":{"h":17.0,"k":8.0,"s":60.0,"n":"Sommer-Eiche, Stieleiche"}},{"type":"Feature","geometry":{"type":"Point","coordinates":[6.980044,50.930858]},"properties":{"h":16.0,"k":7.0,"s":40.0,"n":"Sommer-Eiche, Stieleiche"}},{"type":"Feature","geometry":{"type":"Point","coordinates":[6.980811,50.930993]},"properties":{"h":7.0,"k":4.0,"s":35.0,"n":"Apfel"}},{"type":"Feature","geometry":{"type":"Point","coordinates":[6.98008,50.93086]},"properties":{"h":6.0,"k":3.0,"s":40.0,"n":"Gemeine Esche"}},{"type":"Feature","geometry":{"type":"Point","coordinates":[6.980127,50.930827]},"properties":{"h":10.0,"k":3.0,"s":30.0,"n":"Feldahorn"}},{"type":"Feature","geometry":{"type":"Point","coordinates":[6.980154,50.930853]},"properties":{"h":8.0,"k":2.0,"s":15.0,"n":"Feldahorn"}},{"type":"Feature","geometry":{"type":"Point","coordinates":[6.980183,50.930823]},"properties":{"h":13.0,"k":5.0,"s":35.0,"n":"Bergahorn"}},{"type":"Feature","geometry":{"type":"Point","coordinates":[6.980228,50.930846]},"properties":{"h":12.0,"k":4.0,"s":35.0,"n":"Sommer-Eiche, Stieleiche"}},{"type":"Feature","geometry":{"type":"Point","coordinates":[6.980228,50.930812]},"properties":{"h":17.0,"k":6.0,"s":45.0,"n":"Bergahorn"}},{"type":"Feature","geometry":{"type":"Point","coordinates":[6.980272,50.93083]},"properties":{"h":17.0,"k":6.0,"s":40.0,"n":"Spitzahorn"}},{"type":"Feature","geometry":{"type":"Point","coordinates":[6.980309,50.930802]},"properties":{"h":16.0,"k":4.0,"s":20.0,"n":"Spitzahorn"}},{"type":"Feature","geometry":{"type":"Point","coordinates":[6.980355,50.930795]},"properties":{"h":17.0,"k":5.0,"s":40.0,"n":"Spitzahorn"}},{"type":"Feature","geometry":{"type":"Point","coordinates":[6.980374,50.930821]},"properties":{"h":8.0,"k":3.0,"s":20.0,"n":"Hainbuche, Weißbuche"}},{"type":"Feature","geometry":{"type":"Point","coordinates":[6.980699,50.931041]},"properties":{"h":13.0,"k":2.0,"s":35.0,"n":"Serbische Fichte"}},{"type":"Feature","geometry":{"type":"Point","coordinates":[6.980384,50.930787]},"properties":{"h":16.0,"k":3.0,"s":25.0,"n":"Spitzahorn"}},{"type":"Feature","geometry":{"type":"Point","coordinates":[6.980425,50.930806]},"properties":{"h":6.0,"k":2.0,"s":10.0,"n":"Feldahorn"}},{"type":"Feature","geometry":{"type":"Point","coordinates":[6.980426,50.930774]},"properties":{"h":17.0,"k":6.0,"s":35.0,"n":"Sommer-Eiche, Stieleiche"}},{"type":"Feature","geometry":{"type":"Point","coordinates":[6.980548,50.9309]},"properties":{"h":16.0,"k":8.0,"s":60.0,"n":"Silber-Ahorn"}},{"type":"Feature","geometry":{"type":"Point","coordinates":[6.980476,50.930761]},"properties":{"h":18.0,"k":7.0,"s":50.0,"n":"Sommer-Eiche, Stieleiche"}},{"type":"Feature","geometry":{"type":"Point","coordinates":[6.980518,50.93075]},"properties":{"h":11.0,"k":4.0,"s":25.0,"n":"Hainbuche, Weißbuche"}},{"type":"Feature","geometry":{"type":"Point","coordinates":[6.980422,50.931056]},"properties":{"h":13.0,"k":10.0,"s":60.0,"n":"Japanischer Schnurbaum"}},{"type":"Feature","geometry":{"type":"Point","coordinates":[6.980761,50.93102]},"properties":{"h":7.0,"k":4.0,"s":35.0,"n":"Apfel"}},{"type":"Feature","geometry":{"type":"Point","coordinates":[6.980582,50.93076]},"properties":{"h":20.0,"k":8.0,"s":60.0,"n":"Amerikanische Rot-Eiche"}},{"type":"Feature","geometry":{"type":"Point","coordinates":[6.980667,50.931118]},"properties":{"h":11.0,"k":6.0,"s":40.0,"n":"Bergahorn"}},{"type":"Feature","geometry":{"type":"Point","coordinates":[6.980569,50.930724]},"properties":{"h":12.0,"k":3.0,"s":20.0,"n":"Kirsche"}},{"type":"Feature","geometry":{"type":"Point","coordinates":[6.980607,50.930723]},"properties":{"h":16.0,"k":5.0,"s":35.0,"n":"Sommer-Eiche, Stieleiche"}},{"type":"Feature","geometry":{"type":"Point","coordinates":[6.980641,50.930731]},"properties":{"h":18.0,"k":9.0,"s":60.0,"n":"Sommer-Eiche, Stieleiche"}},{"type":"Feature","geometry":{"type":"Point","coordinates":[6.980525,50.931172]},"properties":{"h":6.0,"k":5.0,"s":25.0,"n":"Apfel"}},{"type":"Feature","geometry":{"type":"Point","coordinates":[6.980625,50.93069]},"properties":{"h":12.0,"k":3.0,"s":20.0,"n":"Hainbuche, Weißbuche"}},{"type":"Feature","geometry":{"type":"Point","coordinates":[6.980823,50.930682]},"properties":{"h":17.0,"k":5.0,"s":40.0,"n":"Sandbirke"}},{"type":"Feature","geometry":{"type":"Point","coordinates":[6.980765,50.930632]},"properties":{"h":10.0,"k":4.0,"s":20.0,"n":"Kirsche"}},{"type":"Feature","geometry":{"type":"Point","coordinates":[6.993153,50.932403]},"properties":{"h":16.0,"k":7.0,"s":60.0,"n":"Linde"}},{"type":"Feature","geometry":{"type":"Point","coordinates":[6.993298,50.932398]},"properties":{"h":10.0,"k":4.0,"s":15.0,"n":"Linde"}},{"type":"Feature","geometry":{"type":"Point","coordinates":[6.993229,50.9324]},"properties":{"h":10.0,"k":4.0,"s":15.0,"n":"Linde"}},{"type":"Feature","geometry":{"type":"Point","coordinates":[6.99308,50.932402]},"properties":{"h":7.0,"k":4.0,"s":15.0,"n":"Linde"}},{"type":"Feature","geometry":{"type":"Point","coordinates":[6.993022,50.932405]},"properties":{"h":18.0,"k":9.0,"s":50.0,"n":"Linde"}},{"type":"Feature","geometry":{"type":"Point","coordinates":[6.992829,50.932407]},"properties":{"h":18.0,"k":10.0,"s":50.0,"n":"Linde"}},{"type":"Feature","geometry":{"type":"Point","coordinates":[6.992747,50.932409]},"properties":{"h":7.0,"k":3.0,"s":15.0,"n":"Linde"}},{"type":"Feature","geometry":{"type":"Point","coordinates":[6.99329,50.932352]},"properties":{"h":16.0,"k":8.0,"s":70.0,"n":"Linde"}},{"type":"Feature","geometry":{"type":"Point","coordinates":[6.993226,50.932351]},"properties":{"h":14.0,"k":7.0,"s":40.0,"n":"Linde"}},{"type":"Feature","geometry":{"type":"Point","coordinates":[6.993163,50.932353]},"properties":{"h":7.0,"k":3.0,"s":15.0,"n":"Linde"}},{"type":"Feature","geometry":{"type":"Point","coordinates":[6.99309,50.932357]},"properties":{"h":16.0,"k":8.0,"s":60.0,"n":"Linde"}},{"type":"Feature","geometry":{"type":"Point","coordinates":[6.993018,50.932361]},"properties":{"h":17.0,"k":8.0,"s":80.0,"n":"Linde"}},{"type":"Feature","geometry":{"type":"Point","coordinates":[6.992946,50.932361]},"properties":{"h":7.0,"k":3.0,"s":10.0,"n":"Linde"}},{"type":"Feature","geometry":{"type":"Point","coordinates":[6.992885,50.932363]},"properties":{"h":17.0,"k":9.0,"s":60.0,"n":"Linde"}},{"type":"Feature","geometry":{"type":"Point","coordinates":[6.992812,50.932364]},"properties":{"h":7.0,"k":2.0,"s":15.0,"n":"Linde"}},{"type":"Feature","geometry":{"type":"Point","coordinates":[6.992748,50.932366]},"properties":{"h":7.0,"k":2.0,"s":10.0,"n":"Linde"}},{"type":"Feature","geometry":{"type":"Point","coordinates":[6.992817,50.932318]},"properties":{"h":18.0,"k":9.0,"s":65.0,"n":"Linde"}},{"type":"Feature","geometry":{"type":"Point","coordinates":[6.992728,50.932314]},"properties":{"h":14.0,"k":8.0,"s":45.0,"n":"Linde"}},{"type":"Feature","geometry":{"type":"Point","coordinates":[6.992593,50.932326]},"properties":{"h":16.0,"k":8.0,"s":65.0,"n":"Linde"}},{"type":"Feature","geometry":{"type":"Point","coordinates":[6.992474,50.93228]},"properties":{"h":18.0,"k":12.0,"s":70.0,"n":"Linde"}},{"type":"Feature","geometry":{"type":"Point","coordinates":[6.992418,50.932242]},"properties":{"h":15.0,"k":8.0,"s":60.0,"n":"Linde"}},{"type":"Feature","geometry":{"type":"Point","coordinates":[6.992348,50.932163]},"properties":{"h":15.0,"k":8.0,"s":60.0,"n":"Linde"}},{"type":"Feature","geometry":{"type":"Point","coordinates":[6.992325,50.932025]},"properties":{"h":13.0,"k":8.0,"s":60.0,"n":"Linde"}},{"type":"Feature","geometry":{"type":"Point","coordinates":[6.992347,50.931978]},"properties":{"h":15.0,"k":10.0,"s":75.0,"n":"Linde"}},{"type":"Feature","geometry":{"type":"Point","coordinates":[6.992386,50.931938]},"properties":{"h":8.0,"k":3.0,"s":15.0,"n":"Linde"}},{"type":"Feature","geometry":{"type":"Point","coordinates":[6.992498,50.931889]},"properties":{"h":7.0,"k":4.0,"s":15.0,"n":"Linde"}},{"type":"Feature","geometry":{"type":"Point","coordinates":[6.99264,50.931858]},"properties":{"h":18.0,"k":10.0,"s":65.0,"n":"Linde"}},{"type":"Feature","geometry":{"type":"Point","coordinates":[6.99277,50.931858]},"properties":{"h":16.0,"k":8.0,"s":55.0,"n":"Linde"}},{"type":"Feature","geometry":{"type":"Point","coordinates":[6.992695,50.931805]},"properties":{"h":9.0,"k":4.0,"s":15.0,"n":"Linde"}},{"type":"Feature","geometry":{"type":"Point","coordinates":[6.992903,50.931799]},"properties":{"h":18.0,"k":10.0,"s":80.0,"n":"Linde"}},{"type":"Feature","geometry":{"type":"Point","coordinates":[6.993045,50.931801]},"properties":{"h":18.0,"k":8.0,"s":45.0,"n":"Linde"}},{"type":"Feature","geometry":{"type":"Point","coordinates":[6.993184,50.931798]},"properties":{"h":18.0,"k":8.0,"s":50.0,"n":"Linde"}},{"type":"Feature","geometry":{"type":"Point","coordinates":[6.993261,50.931793]},"properties":{"h":9.0,"k":4.0,"s":15.0,"n":"Linde"}},{"type":"Feature","geometry":{"type":"Point","coordinates":[6.992691,50.931754]},"properties":{"h":18.0,"k":8.0,"s":60.0,"n":"Linde"}},{"type":"Feature","geometry":{"type":"Point","coordinates":[6.992838,50.931754]},"properties":{"h":17.0,"k":8.0,"s":45.0,"n":"Linde"}},{"type":"Feature","geometry":{"type":"Point","coordinates":[6.992981,50.931752]},"properties":{"h":17.0,"k":8.0,"s":45.0,"n":"Linde"}},{"type":"Feature","geometry":{"type":"Point","coordinates":[6.99305,50.931747]},"properties":{"h":18.0,"k":8.0,"s":45.0,"n":"Linde"}},{"type":"Feature","geometry":{"type":"Point","coordinates":[6.993118,50.931746]},"properties":{"h":17.0,"k":8.0,"s":45.0,"n":"Linde"}},{"type":"Feature","geometry":{"type":"Point","coordinates":[6.993183,50.931743]},"properties":{"h":18.0,"k":10.0,"s":65.0,"n":"Linde"}},{"type":"Feature","geometry":{"type":"Point","coordinates":[6.99326,50.93174]},"properties":{"h":9.0,"k":4.0,"s":15.0,"n":"Linde"}},{"type":"Feature","geometry":{"type":"Point","coordinates":[6.991144,50.932079]},"properties":{"h":14.0,"k":6.0,"s":35.0,"n":"Winterlinde"}},{"type":"Feature","geometry":{"type":"Point","coordinates":[6.991119,50.932094]},"properties":{"h":14.0,"k":5.0,"s":25.0,"n":"Hainbuche, Weißbuche"}},{"type":"Feature","geometry":{"type":"Point","coordinates":[6.990688,50.93199]},"properties":{"h":7.0,"k":2.0,"s":10.0,"n":"Feldahorn"}},{"type":"Feature","geometry":{"type":"Point","coordinates":[6.990611,50.932021]},"properties":{"h":7.0,"k":2.0,"s":10.0,"n":"Feldahorn"}},{"type":"Feature","geometry":{"type":"Point","coordinates":[6.99098,50.932175]},"properties":{"h":16.0,"k":10.0,"s":45.0,"n":"Bergahorn"}},{"type":"Feature","geometry":{"type":"Point","coordinates":[6.991014,50.932215]},"properties":{"h":15.0,"k":6.0,"s":40.0,"n":"Hainbuche, Weißbuche"}},{"type":"Feature","geometry":{"type":"Point","coordinates":[6.991016,50.932234]},"properties":{"h":9.0,"k":3.0,"s":20.0,"n":"Weißdorn"}},{"type":"Feature","geometry":{"type":"Point","coordinates":[6.991019,50.932258]},"properties":{"h":10.0,"k":5.0,"s":25.0,"n":"Hainbuche, Weißbuche"}},{"type":"Feature","geometry":{"type":"Point","coordinates":[6.990979,50.932255]},"properties":{"h":13.0,"k":7.0,"s":40.0,"n":"Winterlinde"}},{"type":"Feature","geometry":{"type":"Point","coordinates":[6.991024,50.932379]},"properties":{"h":20.0,"k":10.0,"s":65.0,"n":"Bergahorn"}},{"type":"Feature","geometry":{"type":"Point","coordinates":[6.991046,50.932393]},"properties":{"h":16.0,"k":8.0,"s":45.0,"n":"Hainbuche, Weißbuche"}},{"type":"Feature","geometry":{"type":"Point","coordinates":[6.990961,50.93234]},"properties":{"h":13.0,"k":6.0,"s":30.0,"n":"Bergahorn"}},{"type":"Feature","geometry":{"type":"Point","coordinates":[6.990938,50.932325]},"properties":{"h":13.0,"k":6.0,"s":40.0,"n":"Hainbuche, Weißbuche"}},{"type":"Feature","geometry":{"type":"Point","coordinates":[6.990911,50.932305]},"properties":{"h":17.0,"k":7.0,"s":40.0,"n":"Krimlinde"}},{"type":"Feature","geometry":{"type":"Point","coordinates":[6.990888,50.932288]},"properties":{"h":15.0,"k":6.0,"s":30.0,"n":"Hainbuche, Weißbuche"}},{"type":"Feature","geometry":{"type":"Point","coordinates":[6.990868,50.932286]},"properties":{"h":15.0,"k":8.0,"s":35.0,"n":"Hainbuche, Weißbuche"}},{"type":"Feature","geometry":{"type":"Point","coordinates":[6.990809,50.932239]},"properties":{"h":14.0,"k":9.0,"s":40.0,"n":"Hainbuche, Weißbuche"}},{"type":"Feature","geometry":{"type":"Point","coordinates":[6.990682,50.932148]},"properties":{"h":14.0,"k":7.0,"s":30.0,"n":"Hainbuche, Weißbuche"}},{"type":"Feature","geometry":{"type":"Point","coordinates":[6.99067,50.932137]},"properties":{"h":14.0,"k":6.0,"s":30.0,"n":"Hainbuche, Weißbuche"}},{"type":"Feature","geometry":{"type":"Point","coordinates":[6.990701,50.932063]},"properties":{"h":16.0,"k":12.0,"s":60.0,"n":"Platane"}},{"type":"Feature","geometry":{"type":"Point","coordinates":[6.990762,50.931965]},"properties":{"h":20.0,"k":10.0,"s":70.0,"n":"Roßkastanie"}},{"type":"Feature","geometry":{"type":"Point","coordinates":[6.990546,50.931964]},"properties":{"h":20.0,"k":9.0,"s":100.0,"n":"Platane"}},{"type":"Feature","geometry":{"type":"Point","coordinates":[6.990482,50.931982]},"properties":{"h":16.0,"k":8.0,"s":30.0,"n":"Hainbuche, Weißbuche"}},{"type":"Feature","geometry":{"type":"Point","coordinates":[6.990488,50.931915]},"properties":{"h":19.0,"k":7.0,"s":55.0,"n":"Platane"}},{"type":"Feature","geometry":{"type":"Point","coordinates":[6.990404,50.931909]},"properties":{"h":17.0,"k":7.0,"s":50.0,"n":"Spitzahorn"}},{"type":"Feature","geometry":{"type":"Point","coordinates":[6.990433,50.931868]},"properties":{"h":22.0,"k":10.0,"s":95.0,"n":"Platane"}},{"type":"Feature","geometry":{"type":"Point","coordinates":[6.990367,50.931867]},"properties":{"h":17.0,"k":7.0,"s":45.0,"n":"Spitzahorn"}},{"type":"Feature","geometry":{"type":"Point","coordinates":[6.99038,50.931813]},"properties":{"h":22.0,"k":10.0,"s":85.0,"n":"Platane"}},{"type":"Feature","geometry":{"type":"Point","coordinates":[6.990308,50.931815]},"properties":{"h":17.0,"k":7.0,"s":50.0,"n":"Spitzahorn"}},{"type":"Feature","geometry":{"type":"Point","coordinates":[6.990247,50.931754]},"properties":{"h":18.0,"k":9.0,"s":45.0,"n":"Spitzahorn"}},{"type":"Feature","geometry":{"type":"Point","coordinates":[6.990199,50.931709]},"properties":{"h":8.0,"k":4.0,"s":20.0,"n":"Hainbuche, Weißbuche"}},{"type":"Feature","geometry":{"type":"Point","coordinates":[6.99022,50.931691]},"properties":{"h":18.0,"k":9.0,"s":45.0,"n":"Spitzahorn"}},{"type":"Feature","geometry":{"type":"Point","coordinates":[6.990165,50.931674]},"properties":{"h":18.0,"k":8.0,"s":45.0,"n":"Scheinakazie"}},{"type":"Feature","geometry":{"type":"Point","coordinates":[6.990184,50.931662]},"properties":{"h":19.0,"k":10.0,"s":65.0,"n":"Scheinakazie"}},{"type":"Feature","geometry":{"type":"Point","coordinates":[6.990289,50.931698]},"properties":{"h":17.0,"k":9.0,"s":65.0,"n":"Platane"}},{"type":"Feature","geometry":{"type":"Point","coordinates":[6.990459,50.931671]},"properties":{"h":15.0,"k":7.0,"s":45.0,"n":"Scheinakazie"}},{"type":"Feature","geometry":{"type":"Point","coordinates":[6.990681,50.932005]},"properties":{"h":7.0,"k":2.0,"s":10.0,"n":"Feldahorn"}},{"type":"Feature","geometry":{"type":"Point","coordinates":[6.990702,50.931808]},"properties":{"h":13.0,"k":6.0,"s":35.0,"n":"Kirsche"}},{"type":"Feature","geometry":{"type":"Point","coordinates":[6.990758,50.931853]},"properties":{"h":18.0,"k":9.0,"s":55.0,"n":"Scheinakazie"}},{"type":"Feature","geometry":{"type":"Point","coordinates":[6.990847,50.931934]},"properties":{"h":17.0,"k":8.0,"s":65.0,"n":"Roßkastanie"}},{"type":"Feature","geometry":{"type":"Point","coordinates":[6.990874,50.931964]},"properties":{"h":18.0,"k":10.0,"s":80.0,"n":"Roßkastanie"}},{"type":"Feature","geometry":{"type":"Point","coordinates":[6.990974,50.932021]},"properties":{"h":17.0,"k":6.0,"s":40.0,"n":"Bergahorn"}},{"type":"Feature","geometry":{"type":"Point","coordinates":[6.991002,50.932062]},"properties":{"h":16.0,"k":6.0,"s":30.0,"n":"Winterlinde"}},{"type":"Feature","geometry":{"type":"Point","coordinates":[6.980881,50.930606]},"properties":{"h":18.0,"k":9.0,"s":60.0,"n":"Bergahorn"}},{"type":"Feature","geometry":{"type":"Point","coordinates":[6.980904,50.930649]},"properties":{"h":18.0,"k":9.0,"s":50.0,"n":"Bergahorn"}},{"type":"Feature","geometry":{"type":"Point","coordinates":[6.980957,50.930637]},"properties":{"h":16.0,"k":7.0,"s":40.0,"n":"Bergahorn"}},{"type":"Feature","geometry":{"type":"Point","coordinates":[6.980987,50.930643]},"properties":{"h":6.0,"k":3.0,"s":15.0,"n":"Hainbuche, Weißbuche"}},{"type":"Feature","geometry":{"type":"Point","coordinates":[6.981058,50.930664]},"properties":{"h":10.0,"k":3.0,"s":30.0,"n":"Feldahorn"}},{"type":"Feature","geometry":{"type":"Point","coordinates":[6.981085,50.930686]},"properties":{"h":12.0,"k":5.0,"s":35.0,"n":"Feldahorn"}},{"type":"Feature","geometry":{"type":"Point","coordinates":[6.980994,50.93071]},"properties":{"h":7.0,"k":3.0,"s":10.0,"n":"Roßkastanie"}},{"type":"Feature","geometry":{"type":"Point","coordinates":[6.981072,50.930728]},"properties":{"h":10.0,"k":4.0,"s":25.0,"n":"Gewöhnliche Eberesche"}},{"type":"Feature","geometry":{"type":"Point","coordinates":[6.980999,50.930765]},"properties":{"h":4.0,"k":2.0,"s":25.0,"n":"Apfel"}},{"type":"Feature","geometry":{"type":"Point","coordinates":[6.981058,50.930844]},"properties":{"h":19.0,"k":9.0,"s":80.0,"n":"Silber-Ahorn"}},{"type":"Feature","geometry":{"type":"Point","coordinates":[6.981085,50.930845]},"properties":{"h":13.0,"k":3.0,"s":30.0,"n":"Hainbuche, Weißbuche"}},{"type":"Feature","geometry":{"type":"Point","coordinates":[6.981114,50.93086]},"properties":{"h":13.0,"k":4.0,"s":25.0,"n":"Hainbuche, Weißbuche"}},{"type":"Feature","geometry":{"type":"Point","coordinates":[6.981118,50.93084]},"properties":{"h":14.0,"k":6.0,"s":30.0,"n":"Hainbuche, Weißbuche"}},{"type":"Feature","geometry":{"type":"Point","coordinates":[6.981111,50.9308]},"properties":{"h":7.0,"k":2.0,"s":15.0,"n":"Feldahorn"}},{"type":"Feature","geometry":{"type":"Point","coordinates":[6.981161,50.930798]},"properties":{"h":10.0,"k":4.0,"s":30.0,"n":"Feldahorn"}},{"type":"Feature","geometry":{"type":"Point","coordinates":[6.981208,50.930792]},"properties":{"h":17.0,"k":8.0,"s":60.0,"n":"Bergahorn"}},{"type":"Feature","geometry":{"type":"Point","coordinates":[6.981226,50.930834]},"properties":{"h":19.0,"k":12.0,"s":65.0,"n":"Scheinakazie"}},{"type":"Feature","geometry":{"type":"Point","coordinates":[6.972083,50.935641]},"properties":{"h":11.0,"k":5.0,"s":35.0,"n":"Hainbuche, Weißbuche"}},{"type":"Feature","geometry":{"type":"Point","coordinates":[6.97,50.945685]},"properties":{"h":6.0,"k":3.0,"s":22.0,"n":"Lebensbaum"}},{"type":"Feature","geometry":{"type":"Point","coordinates":[6.970089,50.945787]},"properties":{"h":6.0,"k":4.0,"s":20.0,"n":"Lebensbaum"}},{"type":"Feature","geometry":{"type":"Point","coordinates":[6.970098,50.945811]},"properties":{"h":5.0,"k":3.0,"s":22.0,"n":"Lebensbaum"}},{"type":"Feature","geometry":{"type":"Point","coordinates":[6.970084,50.945854]},"properties":{"h":4.0,"k":3.0,"s":52.0,"n":"unbekannt"}},{"type":"Feature","geometry":{"type":"Point","coordinates":[6.973686,50.934853]},"properties":{"h":7.0,"k":2.0,"s":10.0,"n":"Hainbuche, Weißbuche"}},{"type":"Feature","geometry":{"type":"Point","coordinates":[6.973682,50.934846]},"properties":{"h":7.0,"k":2.0,"s":10.0,"n":"Hainbuche, Weißbuche"}},{"type":"Feature","geometry":{"type":"Point","coordinates":[6.973679,50.934838]},"properties":{"h":7.0,"k":2.0,"s":10.0,"n":"Hainbuche, Weißbuche"}},{"type":"Feature","geometry":{"type":"Point","coordinates":[6.973677,50.934831]},"properties":{"h":7.0,"k":2.0,"s":10.0,"n":"Hainbuche, Weißbuche"}},{"type":"Feature","geometry":{"type":"Point","coordinates":[6.973673,50.934824]},"properties":{"h":7.0,"k":2.0,"s":10.0,"n":"Hainbuche, Weißbuche"}},{"type":"Feature","geometry":{"type":"Point","coordinates":[6.973671,50.934817]},"properties":{"h":7.0,"k":2.0,"s":10.0,"n":"Hainbuche, Weißbuche"}},{"type":"Feature","geometry":{"type":"Point","coordinates":[6.973669,50.934811]},"properties":{"h":7.0,"k":2.0,"s":10.0,"n":"Hainbuche, Weißbuche"}},{"type":"Feature","geometry":{"type":"Point","coordinates":[6.973667,50.934805]},"properties":{"h":7.0,"k":2.0,"s":10.0,"n":"Hainbuche, Weißbuche"}},{"type":"Feature","geometry":{"type":"Point","coordinates":[6.973663,50.934797]},"properties":{"h":7.0,"k":2.0,"s":10.0,"n":"Hainbuche, Weißbuche"}},{"type":"Feature","geometry":{"type":"Point","coordinates":[6.97366,50.934789]},"properties":{"h":7.0,"k":2.0,"s":10.0,"n":"Hainbuche, Weißbuche"}},{"type":"Feature","geometry":{"type":"Point","coordinates":[6.973656,50.934781]},"properties":{"h":7.0,"k":2.0,"s":10.0,"n":"Hainbuche, Weißbuche"}},{"type":"Feature","geometry":{"type":"Point","coordinates":[6.973655,50.934775]},"properties":{"h":7.0,"k":2.0,"s":10.0,"n":"Hainbuche, Weißbuche"}},{"type":"Feature","geometry":{"type":"Point","coordinates":[6.973652,50.934769]},"properties":{"h":7.0,"k":2.0,"s":10.0,"n":"Hainbuche, Weißbuche"}},{"type":"Feature","geometry":{"type":"Point","coordinates":[6.973643,50.934769]},"properties":{"h":7.0,"k":2.0,"s":10.0,"n":"Hainbuche, Weißbuche"}},{"type":"Feature","geometry":{"type":"Point","coordinates":[6.973634,50.934771]},"properties":{"h":7.0,"k":2.0,"s":10.0,"n":"Hainbuche, Weißbuche"}},{"type":"Feature","geometry":{"type":"Point","coordinates":[6.973627,50.934771]},"properties":{"h":7.0,"k":2.0,"s":10.0,"n":"Hainbuche, Weißbuche"}},{"type":"Feature","geometry":{"type":"Point","coordinates":[6.973619,50.934772]},"properties":{"h":7.0,"k":2.0,"s":10.0,"n":"Hainbuche, Weißbuche"}},{"type":"Feature","geometry":{"type":"Point","coordinates":[6.97361,50.934773]},"properties":{"h":7.0,"k":2.0,"s":10.0,"n":"Hainbuche, Weißbuche"}},{"type":"Feature","geometry":{"type":"Point","coordinates":[6.973601,50.934774]},"properties":{"h":7.0,"k":2.0,"s":10.0,"n":"Hainbuche, Weißbuche"}},{"type":"Feature","geometry":{"type":"Point","coordinates":[6.973592,50.934775]},"properties":{"h":7.0,"k":2.0,"s":10.0,"n":"Hainbuche, Weißbuche"}},{"type":"Feature","geometry":{"type":"Point","coordinates":[6.973585,50.934775]},"properties":{"h":7.0,"k":2.0,"s":10.0,"n":"Hainbuche, Weißbuche"}},{"type":"Feature","geometry":{"type":"Point","coordinates":[6.973578,50.934776]},"properties":{"h":7.0,"k":2.0,"s":10.0,"n":"Hainbuche, Weißbuche"}},{"type":"Feature","geometry":{"type":"Point","coordinates":[6.973573,50.934776]},"properties":{"h":7.0,"k":2.0,"s":10.0,"n":"Hainbuche, Weißbuche"}},{"type":"Feature","geometry":{"type":"Point","coordinates":[6.973567,50.934777]},"properties":{"h":7.0,"k":2.0,"s":10.0,"n":"Hainbuche, Weißbuche"}},{"type":"Feature","geometry":{"type":"Point","coordinates":[6.973562,50.934777]},"properties":{"h":7.0,"k":2.0,"s":10.0,"n":"Hainbuche, Weißbuche"}},{"type":"Feature","geometry":{"type":"Point","coordinates":[6.973556,50.934778]},"properties":{"h":7.0,"k":2.0,"s":10.0,"n":"Hainbuche, Weißbuche"}},{"type":"Feature","geometry":{"type":"Point","coordinates":[6.973549,50.934779]},"properties":{"h":7.0,"k":2.0,"s":10.0,"n":"Hainbuche, Weißbuche"}},{"type":"Feature","geometry":{"type":"Point","coordinates":[6.973545,50.93478]},"properties":{"h":7.0,"k":2.0,"s":10.0,"n":"Hainbuche, Weißbuche"}},{"type":"Feature","geometry":{"type":"Point","coordinates":[6.991565,50.935567]},"properties":{"h":18.0,"k":10.0,"s":45.0,"n":"Ahorn"}},{"type":"Feature","geometry":{"type":"Point","coordinates":[6.991605,50.935612]},"properties":{"h":12.0,"k":7.0,"s":35.0,"n":"Hainbuche, Weißbuche"}},{"type":"Feature","geometry":{"type":"Point","coordinates":[6.991726,50.935705]},"properties":{"h":18.0,"k":10.0,"s":55.0,"n":"Linde"}},{"type":"Feature","geometry":{"type":"Point","coordinates":[6.991815,50.935707]},"properties":{"h":6.0,"k":4.0,"s":20.0,"n":"Ahorn"}},{"type":"Feature","geometry":{"type":"Point","coordinates":[6.991841,50.935678]},"properties":{"h":12.0,"k":8.0,"s":30.0,"n":"Ahorn"}},{"type":"Feature","geometry":{"type":"Point","coordinates":[6.991618,50.935584]},"properties":{"h":15.0,"k":5.0,"s":30.0,"n":"Ulme, Rüster"}},{"type":"Feature","geometry":{"type":"Point","coordinates":[6.991678,50.935647]},"properties":{"h":12.0,"k":6.0,"s":25.0,"n":"Eberesche, Mehlbeere, Vogelbeerbaum"}},{"type":"Feature","geometry":{"type":"Point","coordinates":[6.991745,50.935644]},"properties":{"h":20.0,"k":10.0,"s":75.0,"n":"Linde"}},{"type":"Feature","geometry":{"type":"Point","coordinates":[6.991804,50.935652]},"properties":{"h":18.0,"k":7.0,"s":20.0,"n":"Esche"}},{"type":"Feature","geometry":{"type":"Point","coordinates":[6.991802,50.935629]},"properties":{"h":12.0,"k":5.0,"s":20.0,"n":"Eschen-Ahorn"}},{"type":"Feature","geometry":{"type":"Point","coordinates":[6.99175,50.935563]},"properties":{"h":7.0,"k":4.0,"s":15.0,"n":"Crataegus, Dorn"}},{"type":"Feature","geometry":{"type":"Point","coordinates":[6.99177,50.935589]},"properties":{"h":15.0,"k":5.0,"s":25.0,"n":"Ahorn"}},{"type":"Feature","geometry":{"type":"Point","coordinates":[6.991695,50.935545]},"properties":{"h":22.0,"k":12.0,"s":75.0,"n":"Eiche"}},{"type":"Feature","geometry":{"type":"Point","coordinates":[6.991697,50.935498]},"properties":{"h":17.0,"k":5.0,"s":20.0,"n":"Esche"}},{"type":"Feature","geometry":{"type":"Point","coordinates":[6.991667,50.935462]},"properties":{"h":15.0,"k":6.0,"s":35.0,"n":"Ulme, Rüster"}},{"type":"Feature","geometry":{"type":"Point","coordinates":[6.991618,50.935447]},"properties":{"h":10.0,"k":6.0,"s":35.0,"n":"Ahorn"}},{"type":"Feature","geometry":{"type":"Point","coordinates":[6.991627,50.935408]},"properties":{"h":20.0,"k":10.0,"s":65.0,"n":"Ahorn"}},{"type":"Feature","geometry":{"type":"Point","coordinates":[6.991519,50.935278]},"properties":{"h":15.0,"k":6.0,"s":20.0,"n":"Hainbuche, Weißbuche"}},{"type":"Feature","geometry":{"type":"Point","coordinates":[6.991494,50.935248]},"properties":{"h":17.0,"k":8.0,"s":35.0,"n":"Hainbuche, Weißbuche"}},{"type":"Feature","geometry":{"type":"Point","coordinates":[6.991435,50.935231]},"properties":{"h":18.0,"k":10.0,"s":40.0,"n":"Hainbuche, Weißbuche"}},{"type":"Feature","geometry":{"type":"Point","coordinates":[6.99138,50.935237]},"properties":{"h":7.0,"k":4.0,"s":15.0,"n":"Eberesche, Mehlbeere, Vogelbeerbaum"}},{"type":"Feature","geometry":{"type":"Point","coordinates":[6.991136,50.935289]},"properties":{"h":18.0,"k":6.0,"s":40.0,"n":"Hainbuche, Weißbuche"}},{"type":"Feature","geometry":{"type":"Point","coordinates":[6.991476,50.935616]},"properties":{"h":8.0,"k":4.0,"s":20.0,"n":"Ahorn"}},{"type":"Feature","geometry":{"type":"Point","coordinates":[6.991434,50.935629]},"properties":{"h":8.0,"k":6.0,"s":25.0,"n":"Hainbuche, Weißbuche"}},{"type":"Feature","geometry":{"type":"Point","coordinates":[6.991397,50.935604]},"properties":{"h":8.0,"k":6.0,"s":25.0,"n":"Hainbuche, Weißbuche"}},{"type":"Feature","geometry":{"type":"Point","coordinates":[6.991368,50.935635]},"properties":{"h":8.0,"k":2.0,"s":15.0,"n":"Ahorn"}},{"type":"Feature","geometry":{"type":"Point","coordinates":[6.991186,50.93547]},"properties":{"h":8.0,"k":3.0,"s":15.0,"n":"Kirsche"}},{"type":"Feature","geometry":{"type":"Point","coordinates":[6.991216,50.935533]},"properties":{"h":7.0,"k":3.0,"s":15.0,"n":"Fichte"}},{"type":"Feature","geometry":{"type":"Point","coordinates":[6.991286,50.935585]},"properties":{"h":20.0,"k":10.0,"s":65.0,"n":"Ahorn"}},{"type":"Feature","geometry":{"type":"Point","coordinates":[6.991225,50.935616]},"properties":{"h":7.0,"k":5.0,"s":25.0,"n":"Feldahorn"}},{"type":"Feature","geometry":{"type":"Point","coordinates":[6.991186,50.935635]},"properties":{"h":18.0,"k":10.0,"s":60.0,"n":"Linde"}},{"type":"Feature","geometry":{"type":"Point","coordinates":[6.991188,50.935664]},"properties":{"h":17.0,"k":8.0,"s":30.0,"n":"Feldahorn"}},{"type":"Feature","geometry":{"type":"Point","coordinates":[6.991183,50.935518]},"properties":{"h":10.0,"k":4.0,"s":25.0,"n":"Kirsche"}},{"type":"Feature","geometry":{"type":"Point","coordinates":[6.991248,50.935679]},"properties":{"h":15.0,"k":6.0,"s":20.0,"n":"Ahorn"}},{"type":"Feature","geometry":{"type":"Point","coordinates":[6.991196,50.935703]},"properties":{"h":10.0,"k":4.0,"s":20.0,"n":"Kirsche"}},{"type":"Feature","geometry":{"type":"Point","coordinates":[6.99125,50.935712]},"properties":{"h":18.0,"k":10.0,"s":60.0,"n":"Linde"}},{"type":"Feature","geometry":{"type":"Point","coordinates":[6.99123,50.935767]},"properties":{"h":20.0,"k":12.0,"s":60.0,"n":"Linde"}},{"type":"Feature","geometry":{"type":"Point","coordinates":[6.991195,50.935784]},"properties":{"h":15.0,"k":10.0,"s":85.0,"n":"Weide"}},{"type":"Feature","geometry":{"type":"Point","coordinates":[6.991185,50.935836]},"properties":{"h":7.0,"k":4.0,"s":40.0,"n":"Schwarzer Holunder"}},{"type":"Feature","geometry":{"type":"Point","coordinates":[6.992115,50.948]},"properties":{"h":15.0,"k":10.0,"s":55.0,"n":"Verschiedene"}},{"type":"Feature","geometry":{"type":"Point","coordinates":[6.978298,50.936018]},"properties":{"h":7.0,"k":3.0,"s":15.0,"n":"Sommer-Eiche, Stieleiche"}},{"type":"Feature","geometry":{"type":"Point","coordinates":[6.978428,50.935936]},"properties":{"h":7.0,"k":3.0,"s":15.0,"n":"Feldahorn"}},{"type":"Feature","geometry":{"type":"Point","coordinates":[6.978569,50.935474]},"properties":{"h":17.0,"k":8.0,"s":45.0,"n":"Hainbuche, Weißbuche"}},{"type":"Feature","geometry":{"type":"Point","coordinates":[6.97861,50.935642]},"properties":{"h":17.0,"k":8.0,"s":60.0,"n":"Roßkastanie"}},{"type":"Feature","geometry":{"type":"Point","coordinates":[6.978621,50.936154]},"properties":{"h":17.0,"k":8.0,"s":35.0,"n":"Bergahorn"}},{"type":"Feature","geometry":{"type":"Point","coordinates":[6.97911,50.935675]},"properties":{"h":5.0,"k":1.0,"s":10.0,"n":"Blut-Pflaume"}},{"type":"Feature","geometry":{"type":"Point","coordinates":[6.979045,50.935807]},"properties":{"h":7.0,"k":2.0,"s":10.0,"n":"Hainbuche, Weißbuche"}},{"type":"Feature","geometry":{"type":"Point","coordinates":[6.978634,50.936077]},"properties":{"h":17.0,"k":8.0,"s":35.0,"n":"Bergahorn"}},{"type":"Feature","geometry":{"type":"Point","coordinates":[6.978397,50.936118]},"properties":{"h":7.0,"k":3.0,"s":10.0,"n":"Walnuß"}},{"type":"Feature","geometry":{"type":"Point","coordinates":[6.978129,50.936233]},"properties":{"h":7.0,"k":3.0,"s":15.0,"n":"Verschiedene"}},{"type":"Feature","geometry":{"type":"Point","coordinates":[6.97855,50.935408]},"properties":{"h":20.0,"k":8.0,"s":35.0,"n":"Hainbuche, Weißbuche"}},{"type":"Feature","geometry":{"type":"Point","coordinates":[6.978759,50.935637]},"properties":{"h":20.0,"k":10.0,"s":65.0,"n":"Roßkastanie"}},{"type":"Feature","geometry":{"type":"Point","coordinates":[6.979313,50.936303]},"properties":{"h":7.0,"k":2.0,"s":15.0,"n":"Spitzahorn"}},{"type":"Feature","geometry":{"type":"Point","coordinates":[6.978828,50.935597]},"properties":{"h":18.0,"k":5.0,"s":35.0,"n":"Rotfichte"}},{"type":"Feature","geometry":{"type":"Point","coordinates":[6.978927,50.935572]},"properties":{"h":15.0,"k":8.0,"s":35.0,"n":"Hainbuche, Weißbuche"}},{"type":"Feature","geometry":{"type":"Point","coordinates":[6.978915,50.935548]},"properties":{"h":18.0,"k":8.0,"s":40.0,"n":"Hainbuche, Weißbuche"}},{"type":"Feature","geometry":{"type":"Point","coordinates":[6.978812,50.935512]},"properties":{"h":10.0,"k":4.0,"s":15.0,"n":"Eibe"}},{"type":"Feature","geometry":{"type":"Point","coordinates":[6.978834,50.935485]},"properties":{"h":17.0,"k":6.0,"s":35.0,"n":"Ginkgobaum, Fächerblattbaum"}},{"type":"Feature","geometry":{"type":"Point","coordinates":[6.978883,50.935469]},"properties":{"h":12.0,"k":5.0,"s":30.0,"n":"Eibe"}},{"type":"Feature","geometry":{"type":"Point","coordinates":[6.97886,50.935426]},"properties":{"h":8.0,"k":4.0,"s":25.0,"n":"Eibe"}},{"type":"Feature","geometry":{"type":"Point","coordinates":[6.979239,50.935685]},"properties":{"h":25.0,"k":15.0,"s":125.0,"n":"Silber-Ahorn"}},{"type":"Feature","geometry":{"type":"Point","coordinates":[6.979279,50.935774]},"properties":{"h":15.0,"k":8.0,"s":55.0,"n":"Eibe"}},{"type":"Feature","geometry":{"type":"Point","coordinates":[6.979211,50.935782]},"properties":{"h":20.0,"k":10.0,"s":55.0,"n":"Hainbuche, Weißbuche"}},{"type":"Feature","geometry":{"type":"Point","coordinates":[6.979116,50.935795]},"properties":{"h":22.0,"k":8.0,"s":45.0,"n":"Schwarzkiefer"}},{"type":"Feature","geometry":{"type":"Point","coordinates":[6.978839,50.935372]},"properties":{"h":15.0,"k":8.0,"s":45.0,"n":"Hainbuche, Weißbuche"}},{"type":"Feature","geometry":{"type":"Point","coordinates":[6.978845,50.935394]},"properties":{"h":17.0,"k":8.0,"s":40.0,"n":"Hainbuche, Weißbuche"}},{"type":"Feature","geometry":{"type":"Point","coordinates":[6.982502,50.931413]},"properties":{"h":20.0,"k":15.0,"s":40.0,"n":"Gemeine Esche"}},{"type":"Feature","geometry":{"type":"Point","coordinates":[6.982601,50.931472]},"properties":{"h":20.0,"k":15.0,"s":40.0,"n":"Rot-Buche"}},{"type":"Feature","geometry":{"type":"Point","coordinates":[6.982705,50.93138]},"properties":{"h":18.0,"k":15.0,"s":40.0,"n":"Ahorn"}},{"type":"Feature","geometry":{"type":"Point","coordinates":[6.98261,50.931168]},"properties":{"h":3.0,"k":6.0,"s":15.0,"n":"Kugelahorn"}},{"type":"Feature","geometry":{"type":"Point","coordinates":[6.982367,50.931236]},"properties":{"h":15.0,"k":8.0,"s":30.0,"n":"Sommer-Eiche, Stieleiche"}},{"type":"Feature","geometry":{"type":"Point","coordinates":[6.982451,50.93133]},"properties":{"h":18.0,"k":15.0,"s":40.0,"n":"Spitzahorn"}},{"type":"Feature","geometry":{"type":"Point","coordinates":[6.982765,50.931338]},"properties":{"h":12.0,"k":8.0,"s":25.0,"n":"Kirsche"}},{"type":"Feature","geometry":{"type":"Point","coordinates":[6.982851,50.931298]},"properties":{"h":10.0,"k":5.0,"s":20.0,"n":"Schwarzer Holunder"}},{"type":"Feature","geometry":{"type":"Point","coordinates":[6.982843,50.931253]},"properties":{"h":8.0,"k":4.0,"s":15.0,"n":"Esche"}},{"type":"Feature","geometry":{"type":"Point","coordinates":[6.982749,50.931241]},"properties":{"h":8.0,"k":4.0,"s":25.0,"n":"Feldahorn"}},{"type":"Feature","geometry":{"type":"Point","coordinates":[6.982757,50.931192]},"properties":{"h":8.0,"k":5.0,"s":20.0,"n":"Kirsche"}},{"type":"Feature","geometry":{"type":"Point","coordinates":[6.982789,50.931133]},"properties":{"h":15.0,"k":7.0,"s":25.0,"n":"Winterlinde"}},{"type":"Feature","geometry":{"type":"Point","coordinates":[6.982438,50.931186]},"properties":{"h":3.0,"k":6.0,"s":15.0,"n":"Kugelahorn"}},{"type":"Feature","geometry":{"type":"Point","coordinates":[6.986651,50.948183]},"properties":{"h":15.0,"k":8.0,"s":40.0,"n":"Winterlinde"}},{"type":"Feature","geometry":{"type":"Point","coordinates":[6.98669,50.94816]},"properties":{"h":16.0,"k":8.0,"s":45.0,"n":"Winterlinde"}},{"type":"Feature","geometry":{"type":"Point","coordinates":[6.986761,50.948118]},"properties":{"h":10.0,"k":8.0,"s":35.0,"n":"Winterlinde"}},{"type":"Feature","geometry":{"type":"Point","coordinates":[6.986864,50.948176]},"properties":{"h":12.0,"k":6.0,"s":30.0,"n":"Winterlinde"}},{"type":"Feature","geometry":{"type":"Point","coordinates":[6.98693,50.948141]},"properties":{"h":13.0,"k":9.0,"s":50.0,"n":"Winterlinde"}},{"type":"Feature","geometry":{"type":"Point","coordinates":[6.98703,50.948085]},"properties":{"h":10.0,"k":6.0,"s":35.0,"n":"Winterlinde"}},{"type":"Feature","geometry":{"type":"Point","coordinates":[6.987137,50.947921]},"properties":{"h":16.0,"k":10.0,"s":60.0,"n":"Winterlinde"}},{"type":"Feature","geometry":{"type":"Point","coordinates":[6.9874,50.947775]},"properties":{"h":16.0,"k":10.0,"s":50.0,"n":"Winterlinde"}},{"type":"Feature","geometry":{"type":"Point","coordinates":[6.987569,50.947677]},"properties":{"h":12.0,"k":8.0,"s":40.0,"n":"Winterlinde"}},{"type":"Feature","geometry":{"type":"Point","coordinates":[6.987653,50.947743]},"properties":{"h":13.0,"k":7.0,"s":45.0,"n":"Winterlinde"}},{"type":"Feature","geometry":{"type":"Point","coordinates":[6.987753,50.947686]},"properties":{"h":15.0,"k":8.0,"s":40.0,"n":"Winterlinde"}},{"type":"Feature","geometry":{"type":"Point","coordinates":[6.987825,50.947643]},"properties":{"h":14.0,"k":10.0,"s":45.0,"n":"Winterlinde"}},{"type":"Feature","geometry":{"type":"Point","coordinates":[6.987916,50.947599]},"properties":{"h":17.0,"k":10.0,"s":45.0,"n":"Winterlinde"}},{"type":"Feature","geometry":{"type":"Point","coordinates":[6.988063,50.947518]},"properties":{"h":14.0,"k":9.0,"s":40.0,"n":"Winterlinde"}},{"type":"Feature","geometry":{"type":"Point","coordinates":[6.988071,50.947402]},"properties":{"h":6.0,"k":1.0,"s":5.0,"n":"Winterlinde"}},{"type":"Feature","geometry":{"type":"Point","coordinates":[6.987117,50.948039]},"properties":{"h":12.0,"k":7.0,"s":50.0,"n":"Winterlinde"}},{"type":"Feature","geometry":{"type":"Point","coordinates":[6.987228,50.947976]},"properties":{"h":17.0,"k":8.0,"s":50.0,"n":"Winterlinde"}},{"type":"Feature","geometry":{"type":"Point","coordinates":[6.986857,50.94807]},"properties":{"h":15.0,"k":6.0,"s":30.0,"n":"Winterlinde"}},{"type":"Feature","geometry":{"type":"Point","coordinates":[6.987566,50.947792]},"properties":{"h":13.0,"k":5.0,"s":25.0,"n":"Winterlinde"}},{"type":"Feature","geometry":{"type":"Point","coordinates":[6.98747,50.947733]},"properties":{"h":15.0,"k":7.0,"s":30.0,"n":"Winterlinde"}},{"type":"Feature","geometry":{"type":"Point","coordinates":[6.987657,50.947631]},"properties":{"h":11.0,"k":6.0,"s":30.0,"n":"Winterlinde"}},{"type":"Feature","geometry":{"type":"Point","coordinates":[6.987741,50.947586]},"properties":{"h":16.0,"k":7.0,"s":40.0,"n":"Winterlinde"}},{"type":"Feature","geometry":{"type":"Point","coordinates":[6.987987,50.947558]},"properties":{"h":12.0,"k":7.0,"s":40.0,"n":"Winterlinde"}},{"type":"Feature","geometry":{"type":"Point","coordinates":[6.987905,50.947496]},"properties":{"h":16.0,"k":8.0,"s":45.0,"n":"Winterlinde"}},{"type":"Feature","geometry":{"type":"Point","coordinates":[6.987313,50.947931]},"properties":{"h":11.0,"k":4.0,"s":25.0,"n":"Winterlinde"}},{"type":"Feature","geometry":{"type":"Point","coordinates":[6.986124,50.947883]},"properties":{"h":8.0,"k":4.0,"s":20.0,"n":"Spitzahorn"}},{"type":"Feature","geometry":{"type":"Point","coordinates":[6.986256,50.94805]},"properties":{"h":8.0,"k":4.0,"s":30.0,"n":"Spitzahorn"}},{"type":"Feature","geometry":{"type":"Point","coordinates":[6.986397,50.948224]},"properties":{"h":7.0,"k":4.0,"s":20.0,"n":"Spitzahorn"}},{"type":"Feature","geometry":{"type":"Point","coordinates":[6.986934,50.948026]},"properties":{"h":10.0,"k":5.0,"s":20.0,"n":"Winterlinde"}},{"type":"Feature","geometry":{"type":"Point","coordinates":[6.987337,50.947818]},"properties":{"h":18.0,"k":8.0,"s":50.0,"n":"Winterlinde"}},{"type":"Feature","geometry":{"type":"Point","coordinates":[6.981564,50.934887]},"properties":{"h":25.0,"k":10.0,"s":55.0,"n":"Bergahorn"}},{"type":"Feature","geometry":{"type":"Point","coordinates":[6.981503,50.934822]},"properties":{"h":30.0,"k":15.0,"s":115.0,"n":"Platane"}},{"type":"Feature","geometry":{"type":"Point","coordinates":[6.981377,50.934962]},"properties":{"h":15.0,"k":8.0,"s":55.0,"n":"Silber-Ahorn"}},{"type":"Feature","geometry":{"type":"Point","coordinates":[6.981137,50.934949]},"properties":{"h":8.0,"k":5.0,"s":20.0,"n":"Cornus mas"}},{"type":"Feature","geometry":{"type":"Point","coordinates":[6.981059,50.93496]},"properties":{"h":7.0,"k":5.0,"s":15.0,"n":"Apfel"}},{"type":"Feature","geometry":{"type":"Point","coordinates":[6.980972,50.934968]},"properties":{"h":30.0,"k":15.0,"s":120.0,"n":"Platane"}},{"type":"Feature","geometry":{"type":"Point","coordinates":[6.980575,50.93511]},"properties":{"h":30.0,"k":10.0,"s":75.0,"n":"Platane"}},{"type":"Feature","geometry":{"type":"Point","coordinates":[6.980425,50.9351]},"properties":{"h":8.0,"k":5.0,"s":25.0,"n":"Hainbuche, Weißbuche"}},{"type":"Feature","geometry":{"type":"Point","coordinates":[6.980424,50.935122]},"properties":{"h":3.0,"k":1.0,"s":10.0,"n":"Hainbuche, Weißbuche"}},{"type":"Feature","geometry":{"type":"Point","coordinates":[6.980449,50.935139]},"properties":{"h":15.0,"k":6.0,"s":25.0,"n":"Schwarzbirke"}},{"type":"Feature","geometry":{"type":"Point","coordinates":[6.980477,50.935183]},"properties":{"h":3.0,"k":1.0,"s":10.0,"n":"Cornus mas"}},{"type":"Feature","geometry":{"type":"Point","coordinates":[6.980507,50.935223]},"properties":{"h":7.0,"k":3.0,"s":10.0,"n":"Schwarzbirke"}},{"type":"Feature","geometry":{"type":"Point","coordinates":[6.980504,50.93524]},"properties":{"h":15.0,"k":6.0,"s":35.0,"n":"Schwarzbirke"}},{"type":"Feature","geometry":{"type":"Point","coordinates":[6.980551,50.935307]},"properties":{"h":15.0,"k":5.0,"s":30.0,"n":"Feldahorn"}},{"type":"Feature","geometry":{"type":"Point","coordinates":[6.980613,50.935399]},"properties":{"h":20.0,"k":10.0,"s":55.0,"n":"Feldahorn"}},{"type":"Feature","geometry":{"type":"Point","coordinates":[6.980609,50.935564]},"properties":{"h":17.0,"k":8.0,"s":30.0,"n":"Hainbuche, Weißbuche"}},{"type":"Feature","geometry":{"type":"Point","coordinates":[6.980454,50.935405]},"properties":{"h":10.0,"k":5.0,"s":25.0,"n":"Spitzahorn"}},{"type":"Feature","geometry":{"type":"Point","coordinates":[6.980608,50.935491]},"properties":{"h":17.0,"k":8.0,"s":30.0,"n":"Hainbuche, Weißbuche"}},{"type":"Feature","geometry":{"type":"Point","coordinates":[6.980483,50.935564]},"properties":{"h":17.0,"k":10.0,"s":55.0,"n":"Hainbuche, Weißbuche"}},{"type":"Feature","geometry":{"type":"Point","coordinates":[6.980596,50.935618]},"properties":{"h":2.0,"k":1.0,"s":5.0,"n":"Marone, Eßkastanie"}},{"type":"Feature","geometry":{"type":"Point","coordinates":[6.980656,50.935614]},"properties":{"h":25.0,"k":15.0,"s":75.0,"n":"Platane"}},{"type":"Feature","geometry":{"type":"Point","coordinates":[6.980738,50.935615]},"properties":{"h":15.0,"k":5.0,"s":30.0,"n":"Hainbuche, Weißbuche"}},{"type":"Feature","geometry":{"type":"Point","coordinates":[6.980807,50.935615]},"properties":{"h":25.0,"k":15.0,"s":80.0,"n":"Platane"}},{"type":"Feature","geometry":{"type":"Point","coordinates":[6.981043,50.93563]},"properties":{"h":17.0,"k":5.0,"s":25.0,"n":"Hainbuche, Weißbuche"}},{"type":"Feature","geometry":{"type":"Point","coordinates":[6.981113,50.935628]},"properties":{"h":6.0,"k":3.0,"s":15.0,"n":"Crataegus, Dorn"}},{"type":"Feature","geometry":{"type":"Point","coordinates":[6.981142,50.935631]},"properties":{"h":15.0,"k":6.0,"s":35.0,"n":"Feldahorn"}},{"type":"Feature","geometry":{"type":"Point","coordinates":[6.981262,50.935629]},"properties":{"h":8.0,"k":5.0,"s":25.0,"n":"Hainbuche, Weißbuche"}},{"type":"Feature","geometry":{"type":"Point","coordinates":[6.981291,50.935612]},"properties":{"h":17.0,"k":6.0,"s":25.0,"n":"Silber-Ahorn"}},{"type":"Feature","geometry":{"type":"Point","coordinates":[6.981433,50.935439]},"properties":{"h":25.0,"k":15.0,"s":75.0,"n":"Platane"}},{"type":"Feature","geometry":{"type":"Point","coordinates":[6.98124,50.93542]},"properties":{"h":25.0,"k":15.0,"s":85.0,"n":"Platane"}},{"type":"Feature","geometry":{"type":"Point","coordinates":[6.981229,50.935286]},"properties":{"h":30.0,"k":15.0,"s":120.0,"n":"Platane"}},{"type":"Feature","geometry":{"type":"Point","coordinates":[6.981503,50.935307]},"properties":{"h":30.0,"k":15.0,"s":105.0,"n":"Platane"}},{"type":"Feature","geometry":{"type":"Point","coordinates":[6.981548,50.935381]},"properties":{"h":25.0,"k":15.0,"s":75.0,"n":"Platane"}},{"type":"Feature","geometry":{"type":"Point","coordinates":[6.98161,50.935318]},"properties":{"h":25.0,"k":15.0,"s":75.0,"n":"Platane"}},{"type":"Feature","geometry":{"type":"Point","coordinates":[6.982164,50.935437]},"properties":{"h":20.0,"k":6.0,"s":35.0,"n":"Hainbuche, Weißbuche"}},{"type":"Feature","geometry":{"type":"Point","coordinates":[6.982224,50.935396]},"properties":{"h":6.0,"k":2.0,"s":10.0,"n":"Bergahorn"}},{"type":"Feature","geometry":{"type":"Point","coordinates":[6.982247,50.935101]},"properties":{"h":15.0,"k":6.0,"s":30.0,"n":"Eibe"}},{"type":"Feature","geometry":{"type":"Point","coordinates":[6.982293,50.935295]},"properties":{"h":20.0,"k":8.0,"s":35.0,"n":"Bergahorn"}},{"type":"Feature","geometry":{"type":"Point","coordinates":[6.982312,50.935267]},"properties":{"h":10.0,"k":5.0,"s":20.0,"n":"Eibe"}},{"type":"Feature","geometry":{"type":"Point","coordinates":[6.982353,50.935217]},"properties":{"h":10.0,"k":3.0,"s":20.0,"n":"Crataegus, Dorn"}},{"type":"Feature","geometry":{"type":"Point","coordinates":[6.982393,50.935161]},"properties":{"h":15.0,"k":5.0,"s":25.0,"n":"Bergahorn"}},{"type":"Feature","geometry":{"type":"Point","coordinates":[6.98241,50.935123]},"properties":{"h":20.0,"k":8.0,"s":75.0,"n":"Sal-Weide"}},{"type":"Feature","geometry":{"type":"Point","coordinates":[6.982407,50.935099]},"properties":{"h":10.0,"k":6.0,"s":35.0,"n":"Hainbuche, Weißbuche"}},{"type":"Feature","geometry":{"type":"Point","coordinates":[6.982284,50.935101]},"properties":{"h":15.0,"k":6.0,"s":35.0,"n":"Eibe"}},{"type":"Feature","geometry":{"type":"Point","coordinates":[6.982296,50.935133]},"properties":{"h":8.0,"k":4.0,"s":15.0,"n":"Hainbuche, Weißbuche"}},{"type":"Feature","geometry":{"type":"Point","coordinates":[6.982209,50.935102]},"properties":{"h":10.0,"k":4.0,"s":25.0,"n":"Schwarzer Holunder"}},{"type":"Feature","geometry":{"type":"Point","coordinates":[6.98209,50.935316]},"properties":{"h":10.0,"k":6.0,"s":20.0,"n":"Hainbuche, Weißbuche"}},{"type":"Feature","geometry":{"type":"Point","coordinates":[6.982021,50.935317]},"properties":{"h":25.0,"k":10.0,"s":75.0,"n":"Prunus mahaleb"}},{"type":"Feature","geometry":{"type":"Point","coordinates":[6.981394,50.934885]},"properties":{"h":4.0,"k":2.0,"s":5.0,"n":"Sommer-Eiche, Stieleiche"}},{"type":"Feature","geometry":{"type":"Point","coordinates":[6.98128,50.93492]},"properties":{"h":4.0,"k":2.0,"s":5.0,"n":"Spitzahorn"}},{"type":"Feature","geometry":{"type":"Point","coordinates":[6.981213,50.934938]},"properties":{"h":4.0,"k":2.0,"s":5.0,"n":"Sommer-Eiche, Stieleiche"}},{"type":"Feature","geometry":{"type":"Point","coordinates":[6.980532,50.935274]},"properties":{"h":4.0,"k":2.0,"s":5.0,"n":"Japanische Nelken-Kirsche"}},{"type":"Feature","geometry":{"type":"Point","coordinates":[6.980565,50.935313]},"properties":{"h":14.0,"k":5.0,"s":25.0,"n":"Feldahorn"}},{"type":"Feature","geometry":{"type":"Point","coordinates":[6.980561,50.935325]},"properties":{"h":14.0,"k":5.0,"s":25.0,"n":"Feldahorn"}},{"type":"Feature","geometry":{"type":"Point","coordinates":[6.980605,50.935471]},"properties":{"h":16.0,"k":6.0,"s":15.0,"n":"Hainbuche, Weißbuche"}},{"type":"Feature","geometry":{"type":"Point","coordinates":[6.980607,50.93545]},"properties":{"h":17.0,"k":8.0,"s":25.0,"n":"Hainbuche, Weißbuche"}},{"type":"Feature","geometry":{"type":"Point","coordinates":[6.980523,50.935615]},"properties":{"h":4.0,"k":2.0,"s":5.0,"n":"Kirsche"}},{"type":"Feature","geometry":{"type":"Point","coordinates":[6.980364,50.935419]},"properties":{"h":18.0,"k":5.0,"s":30.0,"n":"Götterbaum"}},{"type":"Feature","geometry":{"type":"Point","coordinates":[6.980328,50.935429]},"properties":{"h":10.0,"k":4.0,"s":15.0,"n":"Bergahorn"}},{"type":"Feature","geometry":{"type":"Point","coordinates":[6.980341,50.93548]},"properties":{"h":18.0,"k":5.0,"s":30.0,"n":"Götterbaum"}},{"type":"Feature","geometry":{"type":"Point","coordinates":[6.980254,50.935488]},"properties":{"h":15.0,"k":5.0,"s":25.0,"n":"Eibe"}},{"type":"Feature","geometry":{"type":"Point","coordinates":[6.980268,50.935539]},"properties":{"h":25.0,"k":10.0,"s":75.0,"n":"Dreidorniger Lederhülsenbaum, Gleditschie"}},{"type":"Feature","geometry":{"type":"Point","coordinates":[6.980203,50.935452]},"properties":{"h":18.0,"k":5.0,"s":20.0,"n":"Götterbaum"}},{"type":"Feature","geometry":{"type":"Point","coordinates":[6.980164,50.93546]},"properties":{"h":18.0,"k":5.0,"s":35.0,"n":"Götterbaum"}},{"type":"Feature","geometry":{"type":"Point","coordinates":[6.980173,50.935487]},"properties":{"h":10.0,"k":2.0,"s":15.0,"n":"Götterbaum"}},{"type":"Feature","geometry":{"type":"Point","coordinates":[6.980126,50.935468]},"properties":{"h":12.0,"k":5.0,"s":20.0,"n":"Bergahorn"}},{"type":"Feature","geometry":{"type":"Point","coordinates":[6.980118,50.935504]},"properties":{"h":15.0,"k":4.0,"s":40.0,"n":"Götterbaum"}},{"type":"Feature","geometry":{"type":"Point","coordinates":[6.980042,50.935486]},"properties":{"h":18.0,"k":5.0,"s":30.0,"n":"Götterbaum"}},{"type":"Feature","geometry":{"type":"Point","coordinates":[6.98001,50.935498]},"properties":{"h":7.0,"k":2.0,"s":10.0,"n":"Kirsche"}},{"type":"Feature","geometry":{"type":"Point","coordinates":[6.980023,50.935529]},"properties":{"h":25.0,"k":10.0,"s":60.0,"n":"Hainbuche, Weißbuche"}},{"type":"Feature","geometry":{"type":"Point","coordinates":[6.981453,50.935535]},"properties":{"h":4.0,"k":2.0,"s":5.0,"n":"Apfel"}},{"type":"Feature","geometry":{"type":"Point","coordinates":[6.981952,50.93532]},"properties":{"h":18.0,"k":5.0,"s":35.0,"n":"Bergahorn"}},{"type":"Feature","geometry":{"type":"Point","coordinates":[6.981897,50.935284]},"properties":{"h":18.0,"k":6.0,"s":35.0,"n":"Bergahorn"}},{"type":"Feature","geometry":{"type":"Point","coordinates":[6.982059,50.935246]},"properties":{"h":6.0,"k":1.0,"s":15.0,"n":"Apfel"}},{"type":"Feature","geometry":{"type":"Point","coordinates":[6.982112,50.935245]},"properties":{"h":6.0,"k":1.0,"s":10.0,"n":"Apfel"}},{"type":"Feature","geometry":{"type":"Point","coordinates":[6.981956,50.935248]},"properties":{"h":5.0,"k":3.0,"s":15.0,"n":"Syringa reticulata pekinensis"}},{"type":"Feature","geometry":{"type":"Point","coordinates":[6.981881,50.93522]},"properties":{"h":5.0,"k":2.0,"s":10.0,"n":"Hainbuche, Weißbuche"}},{"type":"Feature","geometry":{"type":"Point","coordinates":[6.98188,50.935246]},"properties":{"h":5.0,"k":2.0,"s":10.0,"n":"Hainbuche, Weißbuche"}},{"type":"Feature","geometry":{"type":"Point","coordinates":[6.980084,50.935523]},"properties":{"h":18.0,"k":6.0,"s":20.0,"n":"Ulme, Rüster"}},{"type":"Feature","geometry":{"type":"Point","coordinates":[6.981879,50.934669]},"properties":{"h":20.0,"k":10.0,"s":55.0,"n":"Bergahorn"}},{"type":"Feature","geometry":{"type":"Point","coordinates":[6.98045,50.935117]},"properties":{"h":12.0,"k":5.0,"s":25.0,"n":"Schwarzbirke"}},{"type":"Feature","geometry":{"type":"Point","coordinates":[6.980409,50.935419]},"properties":{"h":20.0,"k":10.0,"s":55.0,"n":"Götterbaum"}},{"type":"Feature","geometry":{"type":"Point","coordinates":[6.98045,50.935615]},"properties":{"h":4.0,"k":2.0,"s":5.0,"n":"Kirsche"}},{"type":"Feature","geometry":{"type":"Point","coordinates":[6.98098,50.935628]},"properties":{"h":15.0,"k":8.0,"s":55.0,"n":"Feldahorn"}},{"type":"Feature","geometry":{"type":"Point","coordinates":[6.981187,50.935632]},"properties":{"h":12.0,"k":3.0,"s":25.0,"n":"Feldahorn"}},{"type":"Feature","geometry":{"type":"Point","coordinates":[6.98129,50.935639]},"properties":{"h":17.0,"k":7.0,"s":25.0,"n":"Hainbuche, Weißbuche"}},{"type":"Feature","geometry":{"type":"Point","coordinates":[6.981315,50.935625]},"properties":{"h":10.0,"k":6.0,"s":20.0,"n":"Hainbuche, Weißbuche"}},{"type":"Feature","geometry":{"type":"Point","coordinates":[6.982265,50.935336]},"properties":{"h":25.0,"k":12.0,"s":60.0,"n":"Bergahorn"}},{"type":"Feature","geometry":{"type":"Point","coordinates":[6.982383,50.935099]},"properties":{"h":10.0,"k":6.0,"s":20.0,"n":"Hainbuche, Weißbuche"}},{"type":"Feature","geometry":{"type":"Point","coordinates":[6.980589,50.933704]},"properties":{"h":8.0,"k":6.0,"s":50.0,"n":"Scheinakazie"}},{"type":"Feature","geometry":{"type":"Point","coordinates":[6.974247,50.946456]},"properties":{"h":6.0,"k":2.0,"s":11.0,"n":"Winterlinde"}},{"type":"Feature","geometry":{"type":"Point","coordinates":[6.97397,50.94638]},"properties":{"h":34.0,"k":11.0,"s":111.0,"n":"Säulenpappel, Pyramidenpappel"}},{"type":"Feature","geometry":{"type":"Point","coordinates":[6.973922,50.946361]},"properties":{"h":29.0,"k":10.0,"s":73.0,"n":"Säulenpappel, Pyramidenpappel"}},{"type":"Feature","geometry":{"type":"Point","coordinates":[6.97394,50.946275]},"properties":{"h":29.0,"k":11.0,"s":103.0,"n":"Säulenpappel, Pyramidenpappel"}},{"type":"Feature","geometry":{"type":"Point","coordinates":[6.97389,50.946215]},"properties":{"h":13.0,"k":11.0,"s":26.0,"n":"Hainbuche, Weißbuche"}},{"type":"Feature","geometry":{"type":"Point","coordinates":[6.973892,50.946155]},"properties":{"h":14.0,"k":12.0,"s":27.0,"n":"Hainbuche, Weißbuche"}},{"type":"Feature","geometry":{"type":"Point","coordinates":[6.974941,50.930202]},"properties":{"h":10.0,"k":6.0,"s":5.0,"n":"Scheinakazie"}},{"type":"Feature","geometry":{"type":"Point","coordinates":[6.97513,50.930123]},"properties":{"h":8.0,"k":2.0,"s":15.0,"n":"Scheinakazie"}},{"type":"Feature","geometry":{"type":"Point","coordinates":[6.974841,50.930307]},"properties":{"h":10.0,"k":6.0,"s":20.0,"n":"Scheinakazie"}},{"type":"Feature","geometry":{"type":"Point","coordinates":[6.974937,50.930285]},"properties":{"h":12.0,"k":6.0,"s":20.0,"n":"Scheinakazie"}},{"type":"Feature","geometry":{"type":"Point","coordinates":[6.974836,50.930371]},"properties":{"h":12.0,"k":4.0,"s":35.0,"n":"Scheinakazie"}},{"type":"Feature","geometry":{"type":"Point","coordinates":[6.975001,50.930124]},"properties":{"h":12.0,"k":5.0,"s":20.0,"n":"Scheinakazie"}},{"type":"Feature","geometry":{"type":"Point","coordinates":[6.975615,50.9311]},"properties":{"h":16.0,"k":10.0,"s":45.0,"n":"Platane"}},{"type":"Feature","geometry":{"type":"Point","coordinates":[6.975723,50.930999]},"properties":{"h":14.0,"k":7.0,"s":40.0,"n":"Platane"}},{"type":"Feature","geometry":{"type":"Point","coordinates":[6.975822,50.930909]},"properties":{"h":15.0,"k":5.0,"s":50.0,"n":"Platane"}},{"type":"Feature","geometry":{"type":"Point","coordinates":[6.975922,50.930817]},"properties":{"h":14.0,"k":8.0,"s":45.0,"n":"Platane"}},{"type":"Feature","geometry":{"type":"Point","coordinates":[6.976248,50.930532]},"properties":{"h":10.0,"k":6.0,"s":35.0,"n":"Platane"}},{"type":"Feature","geometry":{"type":"Point","coordinates":[6.976346,50.93045]},"properties":{"h":12.0,"k":4.0,"s":35.0,"n":"Platane"}},{"type":"Feature","geometry":{"type":"Point","coordinates":[6.97642,50.930384]},"properties":{"h":15.0,"k":8.0,"s":50.0,"n":"Platane"}},{"type":"Feature","geometry":{"type":"Point","coordinates":[6.97652,50.930297]},"properties":{"h":14.0,"k":8.0,"s":45.0,"n":"Platane"}},{"type":"Feature","geometry":{"type":"Point","coordinates":[6.97665,50.930185]},"properties":{"h":13.0,"k":7.0,"s":45.0,"n":"Platane"}},{"type":"Feature","geometry":{"type":"Point","coordinates":[6.976753,50.930096]},"properties":{"h":14.0,"k":7.0,"s":45.0,"n":"Platane"}},{"type":"Feature","geometry":{"type":"Point","coordinates":[6.976179,50.93063]},"properties":{"h":9.0,"k":3.0,"s":25.0,"n":"Platane"}},{"type":"Feature","geometry":{"type":"Point","coordinates":[6.97383,50.946093]},"properties":{"h":16.0,"k":16.0,"s":42.0,"n":"Hainbuche, Weißbuche"}},{"type":"Feature","geometry":{"type":"Point","coordinates":[6.974915,50.945925]},"properties":{"h":15.0,"k":14.0,"s":53.0,"n":"Bergahorn"}},{"type":"Feature","geometry":{"type":"Point","coordinates":[6.974602,50.945999]},"properties":{"h":9.0,"k":6.0,"s":24.0,"n":"Hainbuche, Weißbuche"}},{"type":"Feature","geometry":{"type":"Point","coordinates":[6.974477,50.94603]},"properties":{"h":9.0,"k":7.0,"s":21.0,"n":"Hainbuche, Weißbuche"}},{"type":"Feature","geometry":{"type":"Point","coordinates":[6.974342,50.946064]},"properties":{"h":12.0,"k":8.0,"s":27.0,"n":"Hainbuche, Weißbuche"}},{"type":"Feature","geometry":{"type":"Point","coordinates":[6.974153,50.94524]},"properties":{"h":25.0,"k":12.0,"s":95.0,"n":"Rot-Buche"}},{"type":"Feature","geometry":{"type":"Point","coordinates":[6.974109,50.945248]},"properties":{"h":5.0,"k":5.0,"s":30.0,"n":"Eibe"}},{"type":"Feature","geometry":{"type":"Point","coordinates":[6.973725,50.945028]},"properties":{"h":6.0,"k":3.0,"s":25.0,"n":"Spitzahorn"}},{"type":"Feature","geometry":{"type":"Point","coordinates":[6.973207,50.945193]},"properties":{"h":28.0,"k":10.0,"s":65.0,"n":"Säulenpappel, Pyramidenpappel"}},{"type":"Feature","geometry":{"type":"Point","coordinates":[6.973164,50.945266]},"properties":{"h":28.0,"k":7.0,"s":55.0,"n":"Säulenpappel, Pyramidenpappel"}},{"type":"Feature","geometry":{"type":"Point","coordinates":[6.973345,50.945432]},"properties":{"h":14.0,"k":6.0,"s":50.0,"n":"Schwarzkiefer"}},{"type":"Feature","geometry":{"type":"Point","coordinates":[6.971862,50.94528]},"properties":{"h":13.0,"k":5.0,"s":27.0,"n":"Winter-Eiche, Trauben-Eiche"}},{"type":"Feature","geometry":{"type":"Point","coordinates":[6.973115,50.930665]},"properties":{"h":15.0,"k":10.0,"s":80.0,"n":"Winterlinde"}},{"type":"Feature","geometry":{"type":"Point","coordinates":[6.973235,50.930718]},"properties":{"h":10.0,"k":4.0,"s":20.0,"n":"Winterlinde"}},{"type":"Feature","geometry":{"type":"Point","coordinates":[6.973224,50.930796]},"properties":{"h":10.0,"k":5.0,"s":25.0,"n":"Winterlinde"}},{"type":"Feature","geometry":{"type":"Point","coordinates":[6.973566,50.930875]},"properties":{"h":18.0,"k":12.0,"s":50.0,"n":"Winterlinde"}},{"type":"Feature","geometry":{"type":"Point","coordinates":[6.973804,50.930984]},"properties":{"h":16.0,"k":8.0,"s":65.0,"n":"Winterlinde"}},{"type":"Feature","geometry":{"type":"Point","coordinates":[6.973688,50.93093]},"properties":{"h":12.0,"k":8.0,"s":40.0,"n":"Winterlinde"}},{"type":"Feature","geometry":{"type":"Point","coordinates":[6.974058,50.931094]},"properties":{"h":18.0,"k":8.0,"s":55.0,"n":"Winterlinde"}},{"type":"Feature","geometry":{"type":"Point","coordinates":[6.973346,50.930771]},"properties":{"h":10.0,"k":4.0,"s":25.0,"n":"Winterlinde"}},{"type":"Feature","geometry":{"type":"Point","coordinates":[6.974372,50.93124]},"properties":{"h":16.0,"k":6.0,"s":35.0,"n":"Winterlinde"}},{"type":"Feature","geometry":{"type":"Point","coordinates":[6.974268,50.931193]},"properties":{"h":14.0,"k":8.0,"s":50.0,"n":"Winterlinde"}},{"type":"Feature","geometry":{"type":"Point","coordinates":[6.974584,50.93134]},"properties":{"h":14.0,"k":6.0,"s":30.0,"n":"Winterlinde"}},{"type":"Feature","geometry":{"type":"Point","coordinates":[6.973921,50.931037]},"properties":{"h":20.0,"k":10.0,"s":100.0,"n":"Winterlinde"}},{"type":"Feature","geometry":{"type":"Point","coordinates":[6.974137,50.931128]},"properties":{"h":16.0,"k":8.0,"s":40.0,"n":"Winterlinde"}},{"type":"Feature","geometry":{"type":"Point","coordinates":[6.97184,50.945179]},"properties":{"h":25.0,"k":22.0,"s":117.0,"n":"Kanadische Holz-Pappel"}},{"type":"Feature","geometry":{"type":"Point","coordinates":[6.971864,50.945336]},"properties":{"h":18.0,"k":12.0,"s":85.0,"n":"Sommer-Eiche, Stieleiche"}},{"type":"Feature","geometry":{"type":"Point","coordinates":[6.971243,50.945182]},"properties":{"h":9.0,"k":6.0,"s":28.0,"n":"Eibe"}},{"type":"Feature","geometry":{"type":"Point","coordinates":[6.97101,50.945157]},"properties":{"h":11.0,"k":12.0,"s":66.0,"n":"Spitzahorn"}},{"type":"Feature","geometry":{"type":"Point","coordinates":[6.970518,50.945281]},"properties":{"h":12.0,"k":9.0,"s":42.0,"n":"Gemeine Esche"}},{"type":"Feature","geometry":{"type":"Point","coordinates":[6.970496,50.945362]},"properties":{"h":6.0,"k":3.0,"s":32.0,"n":"Eibe"}},{"type":"Feature","geometry":{"type":"Point","coordinates":[6.970473,50.945377]},"properties":{"h":5.0,"k":5.0,"s":35.0,"n":"Eibe"}},{"type":"Feature","geometry":{"type":"Point","coordinates":[6.97045,50.945402]},"properties":{"h":14.0,"k":10.0,"s":45.0,"n":"Trompetenbaum"}},{"type":"Feature","geometry":{"type":"Point","coordinates":[6.970428,50.945367]},"properties":{"h":14.0,"k":8.0,"s":32.0,"n":"Hainbuche, Weißbuche"}},{"type":"Feature","geometry":{"type":"Point","coordinates":[6.970409,50.945336]},"properties":{"h":11.0,"k":7.0,"s":29.0,"n":"Sandbirke"}},{"type":"Feature","geometry":{"type":"Point","coordinates":[6.970367,50.945291]},"properties":{"h":15.0,"k":10.0,"s":58.0,"n":"Feldahorn"}},{"type":"Feature","geometry":{"type":"Point","coordinates":[6.970356,50.94515]},"properties":{"h":16.0,"k":16.0,"s":52.0,"n":"Silber-Ahorn"}},{"type":"Feature","geometry":{"type":"Point","coordinates":[6.969785,50.945261]},"properties":{"h":16.0,"k":10.0,"s":121.0,"n":"Bergahorn"}},{"type":"Feature","geometry":{"type":"Point","coordinates":[6.969766,50.945155]},"properties":{"h":2.0,"k":3.0,"s":36.0,"n":"Eibe"}},{"type":"Feature","geometry":{"type":"Point","coordinates":[6.969722,50.945031]},"properties":{"h":17.0,"k":21.0,"s":172.0,"n":"Bergahorn"}},{"type":"Feature","geometry":{"type":"Point","coordinates":[6.969744,50.944924]},"properties":{"h":18.0,"k":15.0,"s":65.0,"n":"Spitzahorn"}},{"type":"Feature","geometry":{"type":"Point","coordinates":[6.969439,50.944677]},"properties":{"h":12.0,"k":20.0,"s":79.0,"n":"Silber-Ahorn"}},{"type":"Feature","geometry":{"type":"Point","coordinates":[6.969397,50.944709]},"properties":{"h":18.0,"k":15.0,"s":92.0,"n":"Silber-Ahorn"}},{"type":"Feature","geometry":{"type":"Point","coordinates":[6.969363,50.944669]},"properties":{"h":16.0,"k":14.0,"s":52.0,"n":"Silber-Ahorn"}},{"type":"Feature","geometry":{"type":"Point","coordinates":[6.9756,50.931773]},"properties":{"h":10.0,"k":8.0,"s":47.0,"n":"Scheinakazie"}},{"type":"Feature","geometry":{"type":"Point","coordinates":[6.97573,50.931704]},"properties":{"h":8.0,"k":10.0,"s":40.0,"n":"Hainbuche, Weißbuche"}},{"type":"Feature","geometry":{"type":"Point","coordinates":[6.975676,50.931727]},"properties":{"h":8.0,"k":6.0,"s":18.0,"n":"Scheinakazie"}},{"type":"Feature","geometry":{"type":"Point","coordinates":[6.975191,50.931839]},"properties":{"h":9.0,"k":6.0,"s":41.0,"n":"Hainbuche, Weißbuche"}},{"type":"Feature","geometry":{"type":"Point","coordinates":[6.97512,50.931813]},"properties":{"h":9.0,"k":7.0,"s":22.0,"n":"Hainbuche, Weißbuche"}},{"type":"Feature","geometry":{"type":"Point","coordinates":[6.969583,50.944768]},"properties":{"h":18.0,"k":16.0,"s":85.0,"n":"Silber-Ahorn"}},{"type":"Feature","geometry":{"type":"Point","coordinates":[6.969641,50.944385]},"properties":{"h":18.0,"k":16.0,"s":100.0,"n":"Silber-Ahorn"}},{"type":"Feature","geometry":{"type":"Point","coordinates":[6.969632,50.944176]},"properties":{"h":21.0,"k":15.0,"s":84.0,"n":"Silber-Ahorn"}},{"type":"Feature","geometry":{"type":"Point","coordinates":[6.969633,50.944081]},"properties":{"h":21.0,"k":10.0,"s":48.0,"n":"Silber-Ahorn"}},{"type":"Feature","geometry":{"type":"Point","coordinates":[6.96959,50.943998]},"properties":{"h":20.0,"k":24.0,"s":125.0,"n":"Silber-Ahorn"}},{"type":"Feature","geometry":{"type":"Point","coordinates":[6.969618,50.943957]},"properties":{"h":18.0,"k":9.0,"s":57.0,"n":"Silber-Ahorn"}},{"type":"Feature","geometry":{"type":"Point","coordinates":[6.96945,50.943779]},"properties":{"h":20.0,"k":30.0,"s":120.0,"n":"Platane"}},{"type":"Feature","geometry":{"type":"Point","coordinates":[6.969535,50.943724]},"properties":{"h":7.0,"k":8.0,"s":39.0,"n":"Eibe"}},{"type":"Feature","geometry":{"type":"Point","coordinates":[6.969511,50.943587]},"properties":{"h":9.0,"k":8.0,"s":52.0,"n":"Eibe"}},{"type":"Feature","geometry":{"type":"Point","coordinates":[6.969502,50.943445]},"properties":{"h":12.0,"k":12.0,"s":43.0,"n":"Spitzahorn"}},{"type":"Feature","geometry":{"type":"Point","coordinates":[6.969383,50.942922]},"properties":{"h":9.0,"k":7.0,"s":56.0,"n":"Eibe"}},{"type":"Feature","geometry":{"type":"Point","coordinates":[6.969381,50.942897]},"properties":{"h":7.0,"k":6.0,"s":28.0,"n":"Eibe"}},{"type":"Feature","geometry":{"type":"Point","coordinates":[6.969319,50.942855]},"properties":{"h":23.0,"k":20.0,"s":120.0,"n":"Platane"}},{"type":"Feature","geometry":{"type":"Point","coordinates":[6.969227,50.942845]},"properties":{"h":23.0,"k":15.0,"s":100.0,"n":"Platane"}},{"type":"Feature","geometry":{"type":"Point","coordinates":[6.969259,50.942896]},"properties":{"h":23.0,"k":15.0,"s":115.0,"n":"Platane"}},{"type":"Feature","geometry":{"type":"Point","coordinates":[6.969141,50.942483]},"properties":{"h":18.0,"k":15.0,"s":67.0,"n":"Winterlinde"}},{"type":"Feature","geometry":{"type":"Point","coordinates":[6.969274,50.942371]},"properties":{"h":15.0,"k":4.0,"s":26.0,"n":"Winterlinde"}},{"type":"Feature","geometry":{"type":"Point","coordinates":[6.969141,50.94241]},"properties":{"h":20.0,"k":14.0,"s":67.0,"n":"Winterlinde"}},{"type":"Feature","geometry":{"type":"Point","coordinates":[6.969303,50.942448]},"properties":{"h":16.0,"k":10.0,"s":48.0,"n":"Winterlinde"}},{"type":"Feature","geometry":{"type":"Point","coordinates":[6.969224,50.941981]},"properties":{"h":18.0,"k":9.0,"s":30.0,"n":"Eibe"}},{"type":"Feature","geometry":{"type":"Point","coordinates":[6.970982,50.947169]},"properties":{"h":27.0,"k":21.0,"s":130.0,"n":"Kanadische Holz-Pappel"}},{"type":"Feature","geometry":{"type":"Point","coordinates":[6.971064,50.947187]},"properties":{"h":9.0,"k":11.0,"s":70.0,"n":"Japanische Nelken-Kirsche"}},{"type":"Feature","geometry":{"type":"Point","coordinates":[6.968838,50.941946]},"properties":{"h":18.0,"k":12.0,"s":100.0,"n":"Platane"}},{"type":"Feature","geometry":{"type":"Point","coordinates":[6.968745,50.941958]},"properties":{"h":18.0,"k":12.0,"s":90.0,"n":"Platane"}},{"type":"Feature","geometry":{"type":"Point","coordinates":[6.968715,50.941687]},"properties":{"h":18.0,"k":12.0,"s":90.0,"n":"Platane"}},{"type":"Feature","geometry":{"type":"Point","coordinates":[6.971106,50.947249]},"properties":{"h":5.0,"k":2.0,"s":15.0,"n":"Kupfer-Felsenbirne"}},{"type":"Feature","geometry":{"type":"Point","coordinates":[6.970903,50.947283]},"properties":{"h":21.0,"k":7.0,"s":31.0,"n":"Säulenpappel, Pyramidenpappel"}},{"type":"Feature","geometry":{"type":"Point","coordinates":[6.971086,50.947405]},"properties":{"h":27.0,"k":24.0,"s":395.0,"n":"Kanadische Holz-Pappel"}},{"type":"Feature","geometry":{"type":"Point","coordinates":[6.971393,50.947257]},"properties":{"h":6.0,"k":6.0,"s":31.0,"n":"Gewöhnliche Kiefer"}},{"type":"Feature","geometry":{"type":"Point","coordinates":[6.971389,50.947419]},"properties":{"h":26.0,"k":22.0,"s":118.0,"n":"Kanadische Holz-Pappel"}},{"type":"Feature","geometry":{"type":"Point","coordinates":[6.971464,50.947476]},"properties":{"h":8.0,"k":11.0,"s":48.0,"n":"Japanische Nelken-Kirsche"}},{"type":"Feature","geometry":{"type":"Point","coordinates":[6.972554,50.947396]},"properties":{"h":5.0,"k":2.0,"s":8.0,"n":"Magnolia soulangiana"}},{"type":"Feature","geometry":{"type":"Point","coordinates":[6.97284,50.94729]},"properties":{"h":12.0,"k":8.0,"s":40.0,"n":"Gemeine Esche"}},{"type":"Feature","geometry":{"type":"Point","coordinates":[6.973053,50.947281]},"properties":{"h":14.0,"k":18.0,"s":90.0,"n":"Hainbuche, Weißbuche"}},{"type":"Feature","geometry":{"type":"Point","coordinates":[6.972815,50.947199]},"properties":{"h":11.0,"k":10.0,"s":40.0,"n":"Amberbaum"}},{"type":"Feature","geometry":{"type":"Point","coordinates":[6.972681,50.947115]},"properties":{"h":6.0,"k":2.0,"s":10.0,"n":"Kupfer-Felsenbirne"}},{"type":"Feature","geometry":{"type":"Point","coordinates":[6.971505,50.947561]},"properties":{"h":9.0,"k":4.0,"s":24.0,"n":"Blasenbaum"}},{"type":"Feature","geometry":{"type":"Point","coordinates":[6.972653,50.947115]},"properties":{"h":6.0,"k":2.0,"s":10.0,"n":"Kupfer-Felsenbirne"}},{"type":"Feature","geometry":{"type":"Point","coordinates":[6.973184,50.946989]},"properties":{"h":15.0,"k":5.0,"s":50.0,"n":"Feldahorn"}},{"type":"Feature","geometry":{"type":"Point","coordinates":[6.973237,50.947018]},"properties":{"h":15.0,"k":5.0,"s":60.0,"n":"Feldahorn"}},{"type":"Feature","geometry":{"type":"Point","coordinates":[6.973316,50.947064]},"properties":{"h":15.0,"k":5.0,"s":35.0,"n":"Feldahorn"}},{"type":"Feature","geometry":{"type":"Point","coordinates":[6.973396,50.947109]},"properties":{"h":15.0,"k":5.0,"s":45.0,"n":"Feldahorn"}},{"type":"Feature","geometry":{"type":"Point","coordinates":[6.973376,50.947215]},"properties":{"h":29.0,"k":24.0,"s":237.0,"n":"Kanadische Holz-Pappel"}},{"type":"Feature","geometry":{"type":"Point","coordinates":[6.973891,50.94709]},"properties":{"h":21.0,"k":13.0,"s":110.0,"n":"Atlas-Zeder"}},{"type":"Feature","geometry":{"type":"Point","coordinates":[6.973927,50.94703]},"properties":{"h":21.0,"k":14.0,"s":57.0,"n":"Atlas-Zeder"}},{"type":"Feature","geometry":{"type":"Point","coordinates":[6.973942,50.947009]},"properties":{"h":21.0,"k":14.0,"s":56.0,"n":"Atlas-Zeder"}},{"type":"Feature","geometry":{"type":"Point","coordinates":[6.973941,50.946957]},"properties":{"h":15.0,"k":8.0,"s":50.0,"n":"Atlas-Zeder"}},{"type":"Feature","geometry":{"type":"Point","coordinates":[6.974054,50.946846]},"properties":{"h":18.0,"k":11.0,"s":60.0,"n":"Atlas-Zeder"}},{"type":"Feature","geometry":{"type":"Point","coordinates":[6.974316,50.947005]},"properties":{"h":9.0,"k":12.0,"s":74.0,"n":"Gemeiner Judasbaum, Herzbaum"}},{"type":"Feature","geometry":{"type":"Point","coordinates":[6.974324,50.946992]},"properties":{"h":9.0,"k":11.0,"s":97.0,"n":"Gemeiner Judasbaum, Herzbaum"}},{"type":"Feature","geometry":{"type":"Point","coordinates":[6.974373,50.94689]},"properties":{"h":17.0,"k":4.0,"s":38.0,"n":"Lebensbaum"}},{"type":"Feature","geometry":{"type":"Point","coordinates":[6.973879,50.946716]},"properties":{"h":8.0,"k":5.0,"s":20.0,"n":"Amberbaum"}},{"type":"Feature","geometry":{"type":"Point","coordinates":[6.974398,50.946734]},"properties":{"h":18.0,"k":15.0,"s":85.0,"n":"Spitzahorn"}},{"type":"Feature","geometry":{"type":"Point","coordinates":[6.974391,50.946654]},"properties":{"h":16.0,"k":6.0,"s":43.0,"n":"Lebensbaum"}},{"type":"Feature","geometry":{"type":"Point","coordinates":[6.974419,50.946427]},"properties":{"h":10.0,"k":7.0,"s":30.0,"n":"Trompetenbaum"}},{"type":"Feature","geometry":{"type":"Point","coordinates":[6.974647,50.946387]},"properties":{"h":6.0,"k":7.0,"s":25.0,"n":"Trompetenbaum"}},{"type":"Feature","geometry":{"type":"Point","coordinates":[6.974668,50.946243]},"properties":{"h":10.0,"k":10.0,"s":92.0,"n":"Trompetenbaum"}},{"type":"Feature","geometry":{"type":"Point","coordinates":[6.974846,50.946115]},"properties":{"h":12.0,"k":13.0,"s":70.0,"n":"Grüne Hängebuche"}},{"type":"Feature","geometry":{"type":"Point","coordinates":[6.975155,50.946186]},"properties":{"h":18.0,"k":16.0,"s":71.0,"n":"Silber-Ahorn"}},{"type":"Feature","geometry":{"type":"Point","coordinates":[6.975225,50.946249]},"properties":{"h":7.0,"k":2.0,"s":10.0,"n":"Ginkgobaum, Fächerblattbaum"}},{"type":"Feature","geometry":{"type":"Point","coordinates":[6.975179,50.94631]},"properties":{"h":8.0,"k":11.0,"s":35.0,"n":"Eisenbaum"}},{"type":"Feature","geometry":{"type":"Point","coordinates":[6.975371,50.94637]},"properties":{"h":15.0,"k":10.0,"s":69.0,"n":"Hainbuche, Weißbuche"}},{"type":"Feature","geometry":{"type":"Point","coordinates":[6.975426,50.94642]},"properties":{"h":15.0,"k":8.0,"s":35.0,"n":"Hainbuche, Weißbuche"}},{"type":"Feature","geometry":{"type":"Point","coordinates":[6.975289,50.946394]},"properties":{"h":7.0,"k":1.0,"s":11.0,"n":"Scheinzypresse"}},{"type":"Feature","geometry":{"type":"Point","coordinates":[6.975227,50.946448]},"properties":{"h":5.0,"k":1.0,"s":10.0,"n":"Scheinzypresse"}},{"type":"Feature","geometry":{"type":"Point","coordinates":[6.975317,50.946476]},"properties":{"h":3.0,"k":1.0,"s":10.0,"n":"Sandbirke"}},{"type":"Feature","geometry":{"type":"Point","coordinates":[6.974762,50.946227]},"properties":{"h":13.0,"k":11.0,"s":75.0,"n":"Grüne Hängebuche"}},{"type":"Feature","geometry":{"type":"Point","coordinates":[6.975389,50.946591]},"properties":{"h":12.0,"k":5.0,"s":20.0,"n":"Sandbirke"}},{"type":"Feature","geometry":{"type":"Point","coordinates":[6.975308,50.946656]},"properties":{"h":3.0,"k":2.0,"s":9.0,"n":"Apfel"}},{"type":"Feature","geometry":{"type":"Point","coordinates":[6.975346,50.946669]},"properties":{"h":5.0,"k":4.0,"s":20.0,"n":"Apfel"}},{"type":"Feature","geometry":{"type":"Point","coordinates":[6.97546,50.946757]},"properties":{"h":7.0,"k":6.0,"s":15.0,"n":"Kupfer-Felsenbirne"}},{"type":"Feature","geometry":{"type":"Point","coordinates":[6.975446,50.94679]},"properties":{"h":4.0,"k":3.0,"s":10.0,"n":"Fächer-Ahorn"}},{"type":"Feature","geometry":{"type":"Point","coordinates":[6.975522,50.946859]},"properties":{"h":17.0,"k":16.0,"s":119.0,"n":"Fagus sylvatica Asplenifolia"}},{"type":"Feature","geometry":{"type":"Point","coordinates":[6.975563,50.946955]},"properties":{"h":22.0,"k":7.0,"s":68.0,"n":"Urweltmammutbaum, Chinesisches Rotholz"}},{"type":"Feature","geometry":{"type":"Point","coordinates":[6.975516,50.946985]},"properties":{"h":9.0,"k":8.0,"s":35.0,"n":"Lorbeermispel, Glanzmispel"}},{"type":"Feature","geometry":{"type":"Point","coordinates":[6.975529,50.947074]},"properties":{"h":22.0,"k":22.0,"s":125.0,"n":"Silber-Ahorn"}},{"type":"Feature","geometry":{"type":"Point","coordinates":[6.975353,50.94704]},"properties":{"h":5.0,"k":8.0,"s":30.0,"n":"Magnolia soulangiana"}},{"type":"Feature","geometry":{"type":"Point","coordinates":[6.975753,50.947034]},"properties":{"h":18.0,"k":14.0,"s":102.0,"n":"Tulpenbaum"}},{"type":"Feature","geometry":{"type":"Point","coordinates":[6.975809,50.947005]},"properties":{"h":11.0,"k":9.0,"s":42.0,"n":"Magnolia macrophylla"}},{"type":"Feature","geometry":{"type":"Point","coordinates":[6.975901,50.947143]},"properties":{"h":13.0,"k":11.0,"s":53.0,"n":"Grüne Hängebuche"}},{"type":"Feature","geometry":{"type":"Point","coordinates":[6.97576,50.947197]},"properties":{"h":22.0,"k":18.0,"s":110.0,"n":"Silber-Ahorn"}},{"type":"Feature","geometry":{"type":"Point","coordinates":[6.97567,50.94725]},"properties":{"h":6.0,"k":3.0,"s":21.0,"n":"Stechpalme"}},{"type":"Feature","geometry":{"type":"Point","coordinates":[6.975602,50.947253]},"properties":{"h":5.0,"k":5.0,"s":15.0,"n":"Magnolia soulangiana"}},{"type":"Feature","geometry":{"type":"Point","coordinates":[6.975978,50.947239]},"properties":{"h":7.0,"k":5.0,"s":15.0,"n":"Kupfer-Felsenbirne"}},{"type":"Feature","geometry":{"type":"Point","coordinates":[6.975964,50.947321]},"properties":{"h":12.0,"k":8.0,"s":46.0,"n":"Amberbaum"}},{"type":"Feature","geometry":{"type":"Point","coordinates":[6.975857,50.947343]},"properties":{"h":13.0,"k":6.0,"s":43.0,"n":"Amberbaum"}},{"type":"Feature","geometry":{"type":"Point","coordinates":[6.97574,50.947342]},"properties":{"h":22.0,"k":18.0,"s":115.0,"n":"Silber-Ahorn"}},{"type":"Feature","geometry":{"type":"Point","coordinates":[6.976098,50.94739]},"properties":{"h":18.0,"k":10.0,"s":65.0,"n":"Atlas-Zeder"}},{"type":"Feature","geometry":{"type":"Point","coordinates":[6.976137,50.947435]},"properties":{"h":15.0,"k":14.0,"s":56.0,"n":"Hainbuche, Weißbuche"}},{"type":"Feature","geometry":{"type":"Point","coordinates":[6.975999,50.947465]},"properties":{"h":6.0,"k":5.0,"s":10.0,"n":"Kupfer-Felsenbirne"}},{"type":"Feature","geometry":{"type":"Point","coordinates":[6.975917,50.947493]},"properties":{"h":5.0,"k":9.0,"s":25.0,"n":"Magnolia soulangiana"}},{"type":"Feature","geometry":{"type":"Point","coordinates":[6.975749,50.947521]},"properties":{"h":8.0,"k":4.0,"s":19.0,"n":"Cornus mas"}},{"type":"Feature","geometry":{"type":"Point","coordinates":[6.975874,50.947599]},"properties":{"h":14.0,"k":12.0,"s":45.0,"n":"Eisenbaum"}},{"type":"Feature","geometry":{"type":"Point","coordinates":[6.975406,50.947573]},"properties":{"h":15.0,"k":9.0,"s":40.0,"n":"Gemeine Esche"}},{"type":"Feature","geometry":{"type":"Point","coordinates":[6.975345,50.947519]},"properties":{"h":20.0,"k":15.0,"s":55.0,"n":"Gemeine Esche"}},{"type":"Feature","geometry":{"type":"Point","coordinates":[6.975266,50.947358]},"properties":{"h":12.0,"k":15.0,"s":67.0,"n":"Libanon-Zeder"}},{"type":"Feature","geometry":{"type":"Point","coordinates":[6.975097,50.947517]},"properties":{"h":4.0,"k":2.0,"s":10.0,"n":"Blut-Pflaume"}},{"type":"Feature","geometry":{"type":"Point","coordinates":[6.974985,50.947366]},"properties":{"h":27.0,"k":10.0,"s":78.0,"n":"Urweltmammutbaum, Chinesisches Rotholz"}},{"type":"Feature","geometry":{"type":"Point","coordinates":[6.974643,50.947409]},"properties":{"h":12.0,"k":7.0,"s":32.0,"n":"Großblättrige Sommerlinde"}},{"type":"Feature","geometry":{"type":"Point","coordinates":[6.974847,50.9473]},"properties":{"h":15.0,"k":6.0,"s":55.0,"n":"Mammutbaum"}},{"type":"Feature","geometry":{"type":"Point","coordinates":[6.974738,50.947248]},"properties":{"h":23.0,"k":7.0,"s":114.0,"n":"Mammutbaum"}},{"type":"Feature","geometry":{"type":"Point","coordinates":[6.974772,50.947184]},"properties":{"h":8.0,"k":4.0,"s":50.0,"n":"Mammutbaum"}},{"type":"Feature","geometry":{"type":"Point","coordinates":[6.974729,50.947027]},"properties":{"h":6.0,"k":1.0,"s":10.0,"n":"Japanische Nelken-Kirsche"}},{"type":"Feature","geometry":{"type":"Point","coordinates":[6.974962,50.946787]},"properties":{"h":19.0,"k":16.0,"s":71.0,"n":"Atlas-Zeder"}},{"type":"Feature","geometry":{"type":"Point","coordinates":[6.974387,50.947246]},"properties":{"h":4.0,"k":2.0,"s":25.0,"n":"unbekannt"}},{"type":"Feature","geometry":{"type":"Point","coordinates":[6.973883,50.947268]},"properties":{"h":12.0,"k":20.0,"s":55.0,"n":"Spitzahorn"}},{"type":"Feature","geometry":{"type":"Point","coordinates":[6.974018,50.94741]},"properties":{"h":15.0,"k":16.0,"s":48.0,"n":"Hainbuche, Weißbuche"}},{"type":"Feature","geometry":{"type":"Point","coordinates":[6.973948,50.947426]},"properties":{"h":13.0,"k":6.0,"s":36.0,"n":"Hainbuche, Weißbuche"}},{"type":"Feature","geometry":{"type":"Point","coordinates":[6.973836,50.947431]},"properties":{"h":16.0,"k":16.0,"s":104.0,"n":"Rot-Buche"}},{"type":"Feature","geometry":{"type":"Point","coordinates":[6.973769,50.947479]},"properties":{"h":12.0,"k":5.0,"s":37.0,"n":"Hainbuche, Weißbuche"}},{"type":"Feature","geometry":{"type":"Point","coordinates":[6.973771,50.947496]},"properties":{"h":11.0,"k":8.0,"s":55.0,"n":"Hainbuche, Weißbuche"}},{"type":"Feature","geometry":{"type":"Point","coordinates":[6.973996,50.947474]},"properties":{"h":14.0,"k":4.0,"s":28.0,"n":"Hainbuche, Weißbuche"}},{"type":"Feature","geometry":{"type":"Point","coordinates":[6.974016,50.947487]},"properties":{"h":12.0,"k":7.0,"s":50.0,"n":"Hainbuche, Weißbuche"}},{"type":"Feature","geometry":{"type":"Point","coordinates":[6.973982,50.947492]},"properties":{"h":14.0,"k":8.0,"s":45.0,"n":"Hainbuche, Weißbuche"}},{"type":"Feature","geometry":{"type":"Point","coordinates":[6.971526,50.947843]},"properties":{"h":9.0,"k":10.0,"s":32.0,"n":"Japanische Nelken-Kirsche"}},{"type":"Feature","geometry":{"type":"Point","coordinates":[6.971485,50.947782]},"properties":{"h":15.0,"k":11.0,"s":50.0,"n":"Kanadische Holz-Pappel"}},{"type":"Feature","geometry":{"type":"Point","coordinates":[6.971239,50.947681]},"properties":{"h":16.0,"k":7.0,"s":55.0,"n":"Kanadische Holz-Pappel"}},{"type":"Feature","geometry":{"type":"Point","coordinates":[6.971281,50.947737]},"properties":{"h":16.0,"k":8.0,"s":50.0,"n":"Kanadische Holz-Pappel"}},{"type":"Feature","geometry":{"type":"Point","coordinates":[6.971422,50.947662]},"properties":{"h":13.0,"k":7.0,"s":40.0,"n":"Berg-Ulme"}},{"type":"Feature","geometry":{"type":"Point","coordinates":[6.971552,50.947722]},"properties":{"h":8.0,"k":10.0,"s":35.0,"n":"Japanische Nelken-Kirsche"}},{"type":"Feature","geometry":{"type":"Point","coordinates":[6.971769,50.947866]},"properties":{"h":13.0,"k":10.0,"s":65.0,"n":"Rot-Buche"}},{"type":"Feature","geometry":{"type":"Point","coordinates":[6.971919,50.947732]},"properties":{"h":28.0,"k":14.0,"s":145.0,"n":"Kanadische Holz-Pappel"}},{"type":"Feature","geometry":{"type":"Point","coordinates":[6.971847,50.947626]},"properties":{"h":5.0,"k":4.0,"s":26.0,"n":"Feldahorn"}},{"type":"Feature","geometry":{"type":"Point","coordinates":[6.971993,50.947607]},"properties":{"h":4.0,"k":6.0,"s":35.0,"n":"Kiefer"}},{"type":"Feature","geometry":{"type":"Point","coordinates":[6.972167,50.947611]},"properties":{"h":5.0,"k":3.0,"s":10.0,"n":"Blauglockenbaum"}},{"type":"Feature","geometry":{"type":"Point","coordinates":[6.972381,50.947579]},"properties":{"h":8.0,"k":5.0,"s":25.0,"n":"Blauglockenbaum"}},{"type":"Feature","geometry":{"type":"Point","coordinates":[6.972778,50.947506]},"properties":{"h":17.0,"k":15.0,"s":95.0,"n":"Roßkastanie"}},{"type":"Feature","geometry":{"type":"Point","coordinates":[6.973168,50.947501]},"properties":{"h":22.0,"k":24.0,"s":364.0,"n":"Flügelnuß"}},{"type":"Feature","geometry":{"type":"Point","coordinates":[6.973239,50.947688]},"properties":{"h":21.0,"k":16.0,"s":83.0,"n":"Großblättrige Sommerlinde"}},{"type":"Feature","geometry":{"type":"Point","coordinates":[6.973252,50.947831]},"properties":{"h":10.0,"k":5.0,"s":55.0,"n":"Roßkastanie"}},{"type":"Feature","geometry":{"type":"Point","coordinates":[6.971267,50.947944]},"properties":{"h":32.0,"k":26.0,"s":194.0,"n":"Kanadische Holz-Pappel"}},{"type":"Feature","geometry":{"type":"Point","coordinates":[6.975498,50.947744]},"properties":{"h":19.0,"k":9.0,"s":66.0,"n":"Urweltmammutbaum, Chinesisches Rotholz"}},{"type":"Feature","geometry":{"type":"Point","coordinates":[6.976089,50.946983]},"properties":{"h":12.0,"k":6.0,"s":45.0,"n":"Bergahorn"}},{"type":"Feature","geometry":{"type":"Point","coordinates":[6.976444,50.947349]},"properties":{"h":12.0,"k":6.0,"s":45.0,"n":"Bergahorn"}},{"type":"Feature","geometry":{"type":"Point","coordinates":[6.976483,50.947389]},"properties":{"h":12.0,"k":5.0,"s":15.0,"n":"Stechpalme"}},{"type":"Feature","geometry":{"type":"Point","coordinates":[6.976543,50.947444]},"properties":{"h":23.0,"k":18.0,"s":75.0,"n":"Winter-Eiche, Trauben-Eiche"}},{"type":"Feature","geometry":{"type":"Point","coordinates":[6.976585,50.947493]},"properties":{"h":12.0,"k":5.0,"s":30.0,"n":"Stechpalme"}},{"type":"Feature","geometry":{"type":"Point","coordinates":[6.976482,50.947512]},"properties":{"h":12.0,"k":5.0,"s":30.0,"n":"Picea omorica"}},{"type":"Feature","geometry":{"type":"Point","coordinates":[6.976502,50.947574]},"properties":{"h":12.0,"k":10.0,"s":35.0,"n":"Eisenbaum"}},{"type":"Feature","geometry":{"type":"Point","coordinates":[6.976593,50.947545]},"properties":{"h":9.0,"k":4.0,"s":120.0,"n":"Winter-Eiche, Trauben-Eiche"}},{"type":"Feature","geometry":{"type":"Point","coordinates":[6.976718,50.947581]},"properties":{"h":10.0,"k":12.0,"s":50.0,"n":"Feldahorn"}},{"type":"Feature","geometry":{"type":"Point","coordinates":[6.976582,50.94761]},"properties":{"h":6.0,"k":3.0,"s":11.0,"n":"Winter-Eiche, Trauben-Eiche"}},{"type":"Feature","geometry":{"type":"Point","coordinates":[6.976784,50.947643]},"properties":{"h":21.0,"k":12.0,"s":66.0,"n":"Sommer-Eiche, Stieleiche"}},{"type":"Feature","geometry":{"type":"Point","coordinates":[6.976814,50.947669]},"properties":{"h":21.0,"k":9.0,"s":34.0,"n":"Sommer-Eiche, Stieleiche"}},{"type":"Feature","geometry":{"type":"Point","coordinates":[6.97684,50.947686]},"properties":{"h":18.0,"k":12.0,"s":46.0,"n":"Sommer-Eiche, Stieleiche"}},{"type":"Feature","geometry":{"type":"Point","coordinates":[6.976842,50.947706]},"properties":{"h":18.0,"k":9.0,"s":38.0,"n":"Feldahorn"}},{"type":"Feature","geometry":{"type":"Point","coordinates":[6.976822,50.947831]},"properties":{"h":13.0,"k":12.0,"s":48.0,"n":"Hainbuche, Weißbuche"}},{"type":"Feature","geometry":{"type":"Point","coordinates":[6.976608,50.947816]},"properties":{"h":16.0,"k":14.0,"s":65.0,"n":"Amberbaum"}},{"type":"Feature","geometry":{"type":"Point","coordinates":[6.976652,50.94775]},"properties":{"h":7.0,"k":5.0,"s":45.0,"n":"Lorbeermispel, Glanzmispel"}},{"type":"Feature","geometry":{"type":"Point","coordinates":[6.97649,50.947722]},"properties":{"h":5.0,"k":4.0,"s":41.0,"n":"Magnolia soulangiana"}},{"type":"Feature","geometry":{"type":"Point","coordinates":[6.976372,50.947773]},"properties":{"h":7.0,"k":6.0,"s":25.0,"n":"Broussonetia papyrifera"}},{"type":"Feature","geometry":{"type":"Point","coordinates":[6.976266,50.947867]},"properties":{"h":6.0,"k":6.0,"s":10.0,"n":"Broussonetia papyrifera"}},{"type":"Feature","geometry":{"type":"Point","coordinates":[6.976209,50.947791]},"properties":{"h":6.0,"k":6.0,"s":35.0,"n":"Broussonetia papyrifera"}},{"type":"Feature","geometry":{"type":"Point","coordinates":[6.976097,50.947739]},"properties":{"h":9.0,"k":8.0,"s":25.0,"n":"Gemeine Esche"}},{"type":"Feature","geometry":{"type":"Point","coordinates":[6.976414,50.947686]},"properties":{"h":7.0,"k":6.0,"s":29.0,"n":"Corylus avellana"}},{"type":"Feature","geometry":{"type":"Point","coordinates":[6.976439,50.947666]},"properties":{"h":7.0,"k":5.0,"s":31.0,"n":"Amelanchier laevis"}},{"type":"Feature","geometry":{"type":"Point","coordinates":[6.976318,50.947611]},"properties":{"h":8.0,"k":6.0,"s":27.0,"n":"Rotfichte"}},{"type":"Feature","geometry":{"type":"Point","coordinates":[6.976305,50.947549]},"properties":{"h":2.0,"k":5.0,"s":35.0,"n":"Fichte"}},{"type":"Feature","geometry":{"type":"Point","coordinates":[6.976211,50.947603]},"properties":{"h":7.0,"k":10.0,"s":25.0,"n":"Acer cissifolium"}},{"type":"Feature","geometry":{"type":"Point","coordinates":[6.976011,50.9479]},"properties":{"h":11.0,"k":6.0,"s":40.0,"n":"Eibe"}},{"type":"Feature","geometry":{"type":"Point","coordinates":[6.975955,50.947907]},"properties":{"h":8.0,"k":8.0,"s":35.0,"n":"Eibe"}},{"type":"Feature","geometry":{"type":"Point","coordinates":[6.975909,50.947942]},"properties":{"h":9.0,"k":5.0,"s":20.0,"n":"Eibe"}},{"type":"Feature","geometry":{"type":"Point","coordinates":[6.975739,50.947922]},"properties":{"h":12.0,"k":6.0,"s":35.0,"n":"Schwarzkiefer"}},{"type":"Feature","geometry":{"type":"Point","coordinates":[6.975685,50.947921]},"properties":{"h":18.0,"k":9.0,"s":55.0,"n":"Schwarzkiefer"}},{"type":"Feature","geometry":{"type":"Point","coordinates":[6.975895,50.947858]},"properties":{"h":19.0,"k":13.0,"s":75.0,"n":"Rot-Buche"}},{"type":"Feature","geometry":{"type":"Point","coordinates":[6.975935,50.947798]},"properties":{"h":4.0,"k":6.0,"s":37.0,"n":"Stechpalme"}},{"type":"Feature","geometry":{"type":"Point","coordinates":[6.976164,50.947657]},"properties":{"h":7.0,"k":8.0,"s":145.0,"n":"Quercus pontica"}},{"type":"Feature","geometry":{"type":"Point","coordinates":[6.975453,50.947842]},"properties":{"h":18.0,"k":9.0,"s":80.0,"n":"Bergahorn"}},{"type":"Feature","geometry":{"type":"Point","coordinates":[6.975512,50.94769]},"properties":{"h":7.0,"k":7.0,"s":26.0,"n":"Eisenbaum"}},{"type":"Feature","geometry":{"type":"Point","coordinates":[6.97553,50.947683]},"properties":{"h":6.0,"k":8.0,"s":45.0,"n":"Eisenbaum"}},{"type":"Feature","geometry":{"type":"Point","coordinates":[6.975646,50.947674]},"properties":{"h":11.0,"k":6.0,"s":55.0,"n":"Eibe"}},{"type":"Feature","geometry":{"type":"Point","coordinates":[6.97554,50.947697]},"properties":{"h":6.0,"k":5.0,"s":43.0,"n":"Eisenbaum"}},{"type":"Feature","geometry":{"type":"Point","coordinates":[6.975631,50.947699]},"properties":{"h":9.0,"k":5.0,"s":44.0,"n":"Eibe"}},{"type":"Feature","geometry":{"type":"Point","coordinates":[6.975741,50.947732]},"properties":{"h":18.0,"k":13.0,"s":70.0,"n":"Bergahorn"}},{"type":"Feature","geometry":{"type":"Point","coordinates":[6.975728,50.947682]},"properties":{"h":6.0,"k":6.0,"s":24.0,"n":"Magnolia soulangiana"}},{"type":"Feature","geometry":{"type":"Point","coordinates":[6.97559,50.947778]},"properties":{"h":5.0,"k":5.0,"s":23.0,"n":"Eisenbaum"}},{"type":"Feature","geometry":{"type":"Point","coordinates":[6.975625,50.947764]},"properties":{"h":4.0,"k":2.0,"s":17.0,"n":"Cornus kousa kinensis"}},{"type":"Feature","geometry":{"type":"Point","coordinates":[6.975634,50.947824]},"properties":{"h":21.0,"k":6.0,"s":47.0,"n":"Urweltmammutbaum, Chinesisches Rotholz"}},{"type":"Feature","geometry":{"type":"Point","coordinates":[6.975585,50.947856]},"properties":{"h":21.0,"k":7.0,"s":42.0,"n":"Urweltmammutbaum, Chinesisches Rotholz"}},{"type":"Feature","geometry":{"type":"Point","coordinates":[6.97559,50.947889]},"properties":{"h":6.0,"k":7.0,"s":24.0,"n":"Cornus mas"}},{"type":"Feature","geometry":{"type":"Point","coordinates":[6.975596,50.947948]},"properties":{"h":21.0,"k":7.0,"s":75.0,"n":"Urweltmammutbaum, Chinesisches Rotholz"}},{"type":"Feature","geometry":{"type":"Point","coordinates":[6.975585,50.947996]},"properties":{"h":4.0,"k":4.0,"s":10.0,"n":"Cornus"}},{"type":"Feature","geometry":{"type":"Point","coordinates":[6.975396,50.947822]},"properties":{"h":18.0,"k":13.0,"s":50.0,"n":"Bergahorn"}},{"type":"Feature","geometry":{"type":"Point","coordinates":[6.976013,50.947981]},"properties":{"h":17.0,"k":11.0,"s":75.0,"n":"Bergahorn"}},{"type":"Feature","geometry":{"type":"Point","coordinates":[6.976103,50.947925]},"properties":{"h":4.0,"k":6.0,"s":22.0,"n":"Weißdorn"}},{"type":"Feature","geometry":{"type":"Point","coordinates":[6.975877,50.94804]},"properties":{"h":5.0,"k":5.0,"s":25.0,"n":"Lorbeermispel, Glanzmispel"}},{"type":"Feature","geometry":{"type":"Point","coordinates":[6.971068,50.936907]},"properties":{"h":10.0,"k":6.0,"s":40.0,"n":"Gemeine Esche"}},{"type":"Feature","geometry":{"type":"Point","coordinates":[6.970858,50.936756]},"properties":{"h":8.0,"k":4.0,"s":35.0,"n":"Gemeine Esche"}},{"type":"Feature","geometry":{"type":"Point","coordinates":[6.970938,50.936813]},"properties":{"h":8.0,"k":4.0,"s":35.0,"n":"Gemeine Esche"}},{"type":"Feature","geometry":{"type":"Point","coordinates":[6.971152,50.936455]},"properties":{"h":8.0,"k":6.0,"s":40.0,"n":"Gemeine Esche"}},{"type":"Feature","geometry":{"type":"Point","coordinates":[6.971176,50.936531]},"properties":{"h":11.0,"k":6.0,"s":40.0,"n":"Gemeine Esche"}},{"type":"Feature","geometry":{"type":"Point","coordinates":[6.970826,50.936479]},"properties":{"h":8.0,"k":6.0,"s":40.0,"n":"Gemeine Esche"}},{"type":"Feature","geometry":{"type":"Point","coordinates":[6.970912,50.936383]},"properties":{"h":8.0,"k":6.0,"s":35.0,"n":"Gemeine Esche"}},{"type":"Feature","geometry":{"type":"Point","coordinates":[6.970928,50.93643]},"properties":{"h":8.0,"k":6.0,"s":35.0,"n":"Gemeine Esche"}},{"type":"Feature","geometry":{"type":"Point","coordinates":[6.974301,50.947962]},"properties":{"h":17.0,"k":10.0,"s":55.0,"n":"Sumpfzypresse"}},{"type":"Feature","geometry":{"type":"Point","coordinates":[6.974644,50.948004]},"properties":{"h":7.0,"k":6.0,"s":73.0,"n":"Picea abies Aurea"}},{"type":"Feature","geometry":{"type":"Point","coordinates":[6.974508,50.947982]},"properties":{"h":6.0,"k":3.0,"s":10.0,"n":"Säulenkirsche"}},{"type":"Feature","geometry":{"type":"Point","coordinates":[6.974252,50.94785]},"properties":{"h":4.0,"k":2.0,"s":20.0,"n":"Säulenkirsche"}},{"type":"Feature","geometry":{"type":"Point","coordinates":[6.979334,50.93878]},"properties":{"h":10.0,"k":6.0,"s":20.0,"n":"Gleditsie, Lederhülsenbaum"}},{"type":"Feature","geometry":{"type":"Point","coordinates":[6.974356,50.947787]},"properties":{"h":6.0,"k":7.0,"s":80.0,"n":"Japanische Nelken-Kirsche"}},{"type":"Feature","geometry":{"type":"Point","coordinates":[6.974436,50.947823]},"properties":{"h":4.0,"k":6.0,"s":30.0,"n":"Japanische Nelken-Kirsche"}},{"type":"Feature","geometry":{"type":"Point","coordinates":[6.974448,50.94779]},"properties":{"h":4.0,"k":5.0,"s":61.0,"n":"Japanische Nelken-Kirsche"}},{"type":"Feature","geometry":{"type":"Point","coordinates":[6.974366,50.947756]},"properties":{"h":7.0,"k":7.0,"s":35.0,"n":"Fichte"}},{"type":"Feature","geometry":{"type":"Point","coordinates":[6.974549,50.947691]},"properties":{"h":15.0,"k":16.0,"s":75.0,"n":"Feldahorn"}},{"type":"Feature","geometry":{"type":"Point","coordinates":[6.979213,50.938791]},"properties":{"h":10.0,"k":6.0,"s":20.0,"n":"Gleditsie, Lederhülsenbaum"}},{"type":"Feature","geometry":{"type":"Point","coordinates":[6.983273,50.937535]},"properties":{"h":10.0,"k":7.0,"s":25.0,"n":"Winterlinde"}},{"type":"Feature","geometry":{"type":"Point","coordinates":[6.97975,50.93895]},"properties":{"h":10.0,"k":6.0,"s":20.0,"n":"Gleditsie, Lederhülsenbaum"}},{"type":"Feature","geometry":{"type":"Point","coordinates":[6.979865,50.938937]},"properties":{"h":10.0,"k":6.0,"s":20.0,"n":"Gleditsie, Lederhülsenbaum"}},{"type":"Feature","geometry":{"type":"Point","coordinates":[6.979837,50.938831]},"properties":{"h":10.0,"k":6.0,"s":20.0,"n":"Gleditsie, Lederhülsenbaum"}},{"type":"Feature","geometry":{"type":"Point","coordinates":[6.980182,50.938708]},"properties":{"h":10.0,"k":6.0,"s":20.0,"n":"Gleditsie, Lederhülsenbaum"}},{"type":"Feature","geometry":{"type":"Point","coordinates":[6.980203,50.938807]},"properties":{"h":10.0,"k":6.0,"s":20.0,"n":"Gleditsie, Lederhülsenbaum"}},{"type":"Feature","geometry":{"type":"Point","coordinates":[6.980225,50.938903]},"properties":{"h":10.0,"k":6.0,"s":20.0,"n":"Gleditsie, Lederhülsenbaum"}},{"type":"Feature","geometry":{"type":"Point","coordinates":[6.980344,50.93889]},"properties":{"h":10.0,"k":6.0,"s":20.0,"n":"Gleditsie, Lederhülsenbaum"}},{"type":"Feature","geometry":{"type":"Point","coordinates":[6.980319,50.938792]},"properties":{"h":10.0,"k":6.0,"s":20.0,"n":"Gleditsie, Lederhülsenbaum"}},{"type":"Feature","geometry":{"type":"Point","coordinates":[6.980294,50.938693]},"properties":{"h":10.0,"k":6.0,"s":20.0,"n":"Gleditsie, Lederhülsenbaum"}},{"type":"Feature","geometry":{"type":"Point","coordinates":[6.980653,50.93864]},"properties":{"h":10.0,"k":6.0,"s":20.0,"n":"Gleditsie, Lederhülsenbaum"}},{"type":"Feature","geometry":{"type":"Point","coordinates":[6.980698,50.938858]},"properties":{"h":10.0,"k":6.0,"s":20.0,"n":"Gleditsie, Lederhülsenbaum"}},{"type":"Feature","geometry":{"type":"Point","coordinates":[6.980834,50.938844]},"properties":{"h":10.0,"k":6.0,"s":20.0,"n":"Gleditsie, Lederhülsenbaum"}},{"type":"Feature","geometry":{"type":"Point","coordinates":[6.980774,50.938625]},"properties":{"h":10.0,"k":6.0,"s":20.0,"n":"Gleditsie, Lederhülsenbaum"}},{"type":"Feature","geometry":{"type":"Point","coordinates":[6.981187,50.938893]},"properties":{"h":12.0,"k":8.0,"s":20.0,"n":"Gleditsie, Lederhülsenbaum"}},{"type":"Feature","geometry":{"type":"Point","coordinates":[6.981353,50.938876]},"properties":{"h":12.0,"k":8.0,"s":20.0,"n":"Gleditsie, Lederhülsenbaum"}},{"type":"Feature","geometry":{"type":"Point","coordinates":[6.980984,50.937479]},"properties":{"h":11.0,"k":7.0,"s":35.0,"n":"Winterlinde"}},{"type":"Feature","geometry":{"type":"Point","coordinates":[6.981095,50.937585]},"properties":{"h":11.0,"k":7.0,"s":30.0,"n":"Winterlinde"}},{"type":"Feature","geometry":{"type":"Point","coordinates":[6.981254,50.937623]},"properties":{"h":11.0,"k":7.0,"s":30.0,"n":"Winterlinde"}},{"type":"Feature","geometry":{"type":"Point","coordinates":[6.981273,50.937697]},"properties":{"h":11.0,"k":7.0,"s":30.0,"n":"Winterlinde"}},{"type":"Feature","geometry":{"type":"Point","coordinates":[6.981299,50.937784]},"properties":{"h":10.0,"k":7.0,"s":30.0,"n":"Winterlinde"}},{"type":"Feature","geometry":{"type":"Point","coordinates":[6.980781,50.93758]},"properties":{"h":11.0,"k":7.0,"s":25.0,"n":"Winterlinde"}},{"type":"Feature","geometry":{"type":"Point","coordinates":[6.980906,50.937676]},"properties":{"h":11.0,"k":7.0,"s":20.0,"n":"Winterlinde"}},{"type":"Feature","geometry":{"type":"Point","coordinates":[6.984388,50.937839]},"properties":{"h":11.0,"k":7.0,"s":30.0,"n":"Winterlinde"}},{"type":"Feature","geometry":{"type":"Point","coordinates":[6.984244,50.93781]},"properties":{"h":11.0,"k":7.0,"s":30.0,"n":"Winterlinde"}},{"type":"Feature","geometry":{"type":"Point","coordinates":[6.984072,50.937772]},"properties":{"h":11.0,"k":7.0,"s":25.0,"n":"Winterlinde"}},{"type":"Feature","geometry":{"type":"Point","coordinates":[6.98392,50.937743]},"properties":{"h":11.0,"k":7.0,"s":30.0,"n":"Winterlinde"}},{"type":"Feature","geometry":{"type":"Point","coordinates":[6.983784,50.937713]},"properties":{"h":11.0,"k":7.0,"s":30.0,"n":"Winterlinde"}},{"type":"Feature","geometry":{"type":"Point","coordinates":[6.98362,50.937664]},"properties":{"h":11.0,"k":7.0,"s":30.0,"n":"Winterlinde"}},{"type":"Feature","geometry":{"type":"Point","coordinates":[6.983481,50.937585]},"properties":{"h":11.0,"k":7.0,"s":35.0,"n":"Winterlinde"}},{"type":"Feature","geometry":{"type":"Point","coordinates":[6.979706,50.938393]},"properties":{"h":11.0,"k":7.0,"s":25.0,"n":"Winterlinde"}},{"type":"Feature","geometry":{"type":"Point","coordinates":[6.979809,50.938321]},"properties":{"h":11.0,"k":7.0,"s":20.0,"n":"Winterlinde"}},{"type":"Feature","geometry":{"type":"Point","coordinates":[6.980244,50.937981]},"properties":{"h":11.0,"k":7.0,"s":20.0,"n":"Winterlinde"}},{"type":"Feature","geometry":{"type":"Point","coordinates":[6.979919,50.938226]},"properties":{"h":11.0,"k":7.0,"s":25.0,"n":"Winterlinde"}},{"type":"Feature","geometry":{"type":"Point","coordinates":[6.980352,50.937903]},"properties":{"h":11.0,"k":7.0,"s":20.0,"n":"Winterlinde"}},{"type":"Feature","geometry":{"type":"Point","coordinates":[6.980457,50.937827]},"properties":{"h":10.0,"k":7.0,"s":20.0,"n":"Winterlinde"}},{"type":"Feature","geometry":{"type":"Point","coordinates":[6.980564,50.937742]},"properties":{"h":10.0,"k":7.0,"s":20.0,"n":"Winterlinde"}},{"type":"Feature","geometry":{"type":"Point","coordinates":[6.980667,50.937653]},"properties":{"h":11.0,"k":7.0,"s":30.0,"n":"Winterlinde"}},{"type":"Feature","geometry":{"type":"Point","coordinates":[6.980798,50.937779]},"properties":{"h":11.0,"k":7.0,"s":25.0,"n":"Winterlinde"}},{"type":"Feature","geometry":{"type":"Point","coordinates":[6.980679,50.937885]},"properties":{"h":11.0,"k":7.0,"s":25.0,"n":"Winterlinde"}},{"type":"Feature","geometry":{"type":"Point","coordinates":[6.980567,50.937992]},"properties":{"h":11.0,"k":7.0,"s":20.0,"n":"Winterlinde"}},{"type":"Feature","geometry":{"type":"Point","coordinates":[6.98023,50.938323]},"properties":{"h":11.0,"k":7.0,"s":20.0,"n":"Winterlinde"}},{"type":"Feature","geometry":{"type":"Point","coordinates":[6.980107,50.938426]},"properties":{"h":11.0,"k":7.0,"s":20.0,"n":"Winterlinde"}},{"type":"Feature","geometry":{"type":"Point","coordinates":[6.980587,50.938377]},"properties":{"h":11.0,"k":7.0,"s":20.0,"n":"Winterlinde"}},{"type":"Feature","geometry":{"type":"Point","coordinates":[6.980823,50.938084]},"properties":{"h":11.0,"k":7.0,"s":25.0,"n":"Winterlinde"}},{"type":"Feature","geometry":{"type":"Point","coordinates":[6.980937,50.937947]},"properties":{"h":11.0,"k":7.0,"s":30.0,"n":"Winterlinde"}},{"type":"Feature","geometry":{"type":"Point","coordinates":[6.981047,50.937785]},"properties":{"h":11.0,"k":7.0,"s":25.0,"n":"Winterlinde"}},{"type":"Feature","geometry":{"type":"Point","coordinates":[6.981151,50.938045]},"properties":{"h":11.0,"k":7.0,"s":25.0,"n":"Winterlinde"}},{"type":"Feature","geometry":{"type":"Point","coordinates":[6.981062,50.938328]},"properties":{"h":11.0,"k":7.0,"s":25.0,"n":"Winterlinde"}},{"type":"Feature","geometry":{"type":"Point","coordinates":[6.985187,50.938686]},"properties":{"h":8.0,"k":6.0,"s":20.0,"n":"Hainbuche, Weißbuche"}},{"type":"Feature","geometry":{"type":"Point","coordinates":[6.985201,50.938619]},"properties":{"h":6.0,"k":4.0,"s":15.0,"n":"Hainbuche, Weißbuche"}},{"type":"Feature","geometry":{"type":"Point","coordinates":[6.985214,50.93854]},"properties":{"h":5.0,"k":6.0,"s":20.0,"n":"Hainbuche, Weißbuche"}},{"type":"Feature","geometry":{"type":"Point","coordinates":[6.985228,50.938475]},"properties":{"h":6.0,"k":6.0,"s":20.0,"n":"Hainbuche, Weißbuche"}},{"type":"Feature","geometry":{"type":"Point","coordinates":[6.985253,50.938337]},"properties":{"h":8.0,"k":6.0,"s":25.0,"n":"Hainbuche, Weißbuche"}},{"type":"Feature","geometry":{"type":"Point","coordinates":[6.985268,50.938264]},"properties":{"h":6.0,"k":6.0,"s":20.0,"n":"Hainbuche, Weißbuche"}},{"type":"Feature","geometry":{"type":"Point","coordinates":[6.985281,50.938193]},"properties":{"h":6.0,"k":6.0,"s":20.0,"n":"Hainbuche, Weißbuche"}},{"type":"Feature","geometry":{"type":"Point","coordinates":[6.985298,50.938124]},"properties":{"h":6.0,"k":6.0,"s":25.0,"n":"Hainbuche, Weißbuche"}},{"type":"Feature","geometry":{"type":"Point","coordinates":[6.985307,50.938048]},"properties":{"h":6.0,"k":6.0,"s":25.0,"n":"Hainbuche, Weißbuche"}},{"type":"Feature","geometry":{"type":"Point","coordinates":[6.98532,50.937973]},"properties":{"h":6.0,"k":6.0,"s":20.0,"n":"Hainbuche, Weißbuche"}},{"type":"Feature","geometry":{"type":"Point","coordinates":[6.985016,50.937888]},"properties":{"h":8.0,"k":6.0,"s":35.0,"n":"Winterlinde"}},{"type":"Feature","geometry":{"type":"Point","coordinates":[6.984985,50.937972]},"properties":{"h":8.0,"k":6.0,"s":25.0,"n":"Winterlinde"}},{"type":"Feature","geometry":{"type":"Point","coordinates":[6.984772,50.937924]},"properties":{"h":11.0,"k":7.0,"s":25.0,"n":"Winterlinde"}},{"type":"Feature","geometry":{"type":"Point","coordinates":[6.984643,50.937895]},"properties":{"h":11.0,"k":7.0,"s":35.0,"n":"Winterlinde"}},{"type":"Feature","geometry":{"type":"Point","coordinates":[6.983837,50.937828]},"properties":{"h":8.0,"k":6.0,"s":30.0,"n":"Winterlinde"}},{"type":"Feature","geometry":{"type":"Point","coordinates":[6.984163,50.937894]},"properties":{"h":11.0,"k":7.0,"s":30.0,"n":"Winterlinde"}},{"type":"Feature","geometry":{"type":"Point","coordinates":[6.983999,50.937856]},"properties":{"h":11.0,"k":7.0,"s":30.0,"n":"Winterlinde"}},{"type":"Feature","geometry":{"type":"Point","coordinates":[6.984327,50.937928]},"properties":{"h":11.0,"k":7.0,"s":30.0,"n":"Winterlinde"}},{"type":"Feature","geometry":{"type":"Point","coordinates":[6.984492,50.937958]},"properties":{"h":11.0,"k":7.0,"s":30.0,"n":"Winterlinde"}},{"type":"Feature","geometry":{"type":"Point","coordinates":[6.984291,50.938016]},"properties":{"h":10.0,"k":7.0,"s":35.0,"n":"Winterlinde"}},{"type":"Feature","geometry":{"type":"Point","coordinates":[6.98417,50.937996]},"properties":{"h":10.0,"k":7.0,"s":25.0,"n":"Winterlinde"}},{"type":"Feature","geometry":{"type":"Point","coordinates":[6.984039,50.937977]},"properties":{"h":10.0,"k":7.0,"s":30.0,"n":"Winterlinde"}},{"type":"Feature","geometry":{"type":"Point","coordinates":[6.98515,50.938901]},"properties":{"h":8.0,"k":8.0,"s":20.0,"n":"Hainbuche, Weißbuche"}},{"type":"Feature","geometry":{"type":"Point","coordinates":[6.98516,50.938826]},"properties":{"h":8.0,"k":6.0,"s":20.0,"n":"Hainbuche, Weißbuche"}},{"type":"Feature","geometry":{"type":"Point","coordinates":[6.984925,50.938109]},"properties":{"h":8.0,"k":4.0,"s":25.0,"n":"Hainbuche, Weißbuche"}},{"type":"Feature","geometry":{"type":"Point","coordinates":[6.985201,50.938103]},"properties":{"h":3.0,"k":3.0,"s":25.0,"n":"Kirsche"}},{"type":"Feature","geometry":{"type":"Point","coordinates":[6.985163,50.938222]},"properties":{"h":4.0,"k":6.0,"s":25.0,"n":"Kirsche"}},{"type":"Feature","geometry":{"type":"Point","coordinates":[6.985163,50.938303]},"properties":{"h":3.0,"k":2.0,"s":5.0,"n":"Birne"}},{"type":"Feature","geometry":{"type":"Point","coordinates":[6.9851,50.938327]},"properties":{"h":6.0,"k":5.0,"s":20.0,"n":"Malus domestica"}},{"type":"Feature","geometry":{"type":"Point","coordinates":[6.98511,50.939117]},"properties":{"h":8.0,"k":8.0,"s":25.0,"n":"Hainbuche, Weißbuche"}},{"type":"Feature","geometry":{"type":"Point","coordinates":[6.985122,50.939045]},"properties":{"h":8.0,"k":6.0,"s":20.0,"n":"Hainbuche, Weißbuche"}},{"type":"Feature","geometry":{"type":"Point","coordinates":[6.984623,50.938252]},"properties":{"h":10.0,"k":8.0,"s":20.0,"n":"Gleditsie, Lederhülsenbaum"}},{"type":"Feature","geometry":{"type":"Point","coordinates":[6.984343,50.939009]},"properties":{"h":12.0,"k":8.0,"s":20.0,"n":"Gleditsie, Lederhülsenbaum"}},{"type":"Feature","geometry":{"type":"Point","coordinates":[6.98454,50.938379]},"properties":{"h":10.0,"k":6.0,"s":20.0,"n":"Gleditsie, Lederhülsenbaum"}},{"type":"Feature","geometry":{"type":"Point","coordinates":[6.984659,50.938494]},"properties":{"h":10.0,"k":8.0,"s":20.0,"n":"Gleditsie, Lederhülsenbaum"}},{"type":"Feature","geometry":{"type":"Point","coordinates":[6.984963,50.938691]},"properties":{"h":3.0,"k":4.0,"s":20.0,"n":"Weymouthkiefrer"}},{"type":"Feature","geometry":{"type":"Point","coordinates":[6.98464,50.937985]},"properties":{"h":11.0,"k":7.0,"s":30.0,"n":"Winterlinde"}},{"type":"Feature","geometry":{"type":"Point","coordinates":[6.981167,50.939241]},"properties":{"h":10.0,"k":7.0,"s":20.0,"n":"Hainbuche, Weißbuche"}},{"type":"Feature","geometry":{"type":"Point","coordinates":[6.981086,50.939255]},"properties":{"h":10.0,"k":7.0,"s":25.0,"n":"Hainbuche, Weißbuche"}},{"type":"Feature","geometry":{"type":"Point","coordinates":[6.98099,50.939268]},"properties":{"h":10.0,"k":7.0,"s":20.0,"n":"Hainbuche, Weißbuche"}},{"type":"Feature","geometry":{"type":"Point","coordinates":[6.980908,50.939279]},"properties":{"h":10.0,"k":7.0,"s":25.0,"n":"Hainbuche, Weißbuche"}},{"type":"Feature","geometry":{"type":"Point","coordinates":[6.980817,50.939289]},"properties":{"h":10.0,"k":7.0,"s":20.0,"n":"Hainbuche, Weißbuche"}},{"type":"Feature","geometry":{"type":"Point","coordinates":[6.98073,50.939298]},"properties":{"h":10.0,"k":7.0,"s":25.0,"n":"Hainbuche, Weißbuche"}},{"type":"Feature","geometry":{"type":"Point","coordinates":[6.98062,50.939316]},"properties":{"h":10.0,"k":7.0,"s":20.0,"n":"Hainbuche, Weißbuche"}},{"type":"Feature","geometry":{"type":"Point","coordinates":[6.980543,50.939325]},"properties":{"h":10.0,"k":7.0,"s":20.0,"n":"Hainbuche, Weißbuche"}},{"type":"Feature","geometry":{"type":"Point","coordinates":[6.98035,50.93935]},"properties":{"h":10.0,"k":7.0,"s":20.0,"n":"Hainbuche, Weißbuche"}},{"type":"Feature","geometry":{"type":"Point","coordinates":[6.980251,50.939361]},"properties":{"h":10.0,"k":7.0,"s":20.0,"n":"Hainbuche, Weißbuche"}},{"type":"Feature","geometry":{"type":"Point","coordinates":[6.980166,50.939373]},"properties":{"h":10.0,"k":7.0,"s":20.0,"n":"Hainbuche, Weißbuche"}},{"type":"Feature","geometry":{"type":"Point","coordinates":[6.980047,50.939381]},"properties":{"h":10.0,"k":7.0,"s":20.0,"n":"Hainbuche, Weißbuche"}},{"type":"Feature","geometry":{"type":"Point","coordinates":[6.979956,50.939391]},"properties":{"h":10.0,"k":7.0,"s":20.0,"n":"Hainbuche, Weißbuche"}},{"type":"Feature","geometry":{"type":"Point","coordinates":[6.979852,50.939409]},"properties":{"h":10.0,"k":7.0,"s":20.0,"n":"Hainbuche, Weißbuche"}},{"type":"Feature","geometry":{"type":"Point","coordinates":[6.979785,50.939418]},"properties":{"h":10.0,"k":7.0,"s":20.0,"n":"Hainbuche, Weißbuche"}},{"type":"Feature","geometry":{"type":"Point","coordinates":[6.979718,50.939426]},"properties":{"h":10.0,"k":7.0,"s":20.0,"n":"Hainbuche, Weißbuche"}},{"type":"Feature","geometry":{"type":"Point","coordinates":[6.979636,50.93943]},"properties":{"h":10.0,"k":7.0,"s":20.0,"n":"Hainbuche, Weißbuche"}},{"type":"Feature","geometry":{"type":"Point","coordinates":[6.979557,50.939438]},"properties":{"h":10.0,"k":7.0,"s":20.0,"n":"Hainbuche, Weißbuche"}},{"type":"Feature","geometry":{"type":"Point","coordinates":[6.979478,50.93945]},"properties":{"h":10.0,"k":7.0,"s":20.0,"n":"Hainbuche, Weißbuche"}},{"type":"Feature","geometry":{"type":"Point","coordinates":[6.97928,50.939006]},"properties":{"h":10.0,"k":6.0,"s":20.0,"n":"Gleditsie, Lederhülsenbaum"}},{"type":"Feature","geometry":{"type":"Point","coordinates":[6.979696,50.938743]},"properties":{"h":10.0,"k":6.0,"s":20.0,"n":"Gleditsie, Lederhülsenbaum"}},{"type":"Feature","geometry":{"type":"Point","coordinates":[6.979387,50.938998]},"properties":{"h":8.0,"k":6.0,"s":20.0,"n":"Gleditsie, Lederhülsenbaum"}},{"type":"Feature","geometry":{"type":"Point","coordinates":[6.979724,50.938848]},"properties":{"h":10.0,"k":6.0,"s":20.0,"n":"Gleditsie, Lederhülsenbaum"}},{"type":"Feature","geometry":{"type":"Point","coordinates":[6.984419,50.938878]},"properties":{"h":12.0,"k":8.0,"s":20.0,"n":"Gleditsie, Lederhülsenbaum"}},{"type":"Feature","geometry":{"type":"Point","coordinates":[6.984574,50.938986]},"properties":{"h":12.0,"k":8.0,"s":20.0,"n":"Gleditsie, Lederhülsenbaum"}},{"type":"Feature","geometry":{"type":"Point","coordinates":[6.984668,50.938387]},"properties":{"h":10.0,"k":6.0,"s":20.0,"n":"Gleditsie, Lederhülsenbaum"}},{"type":"Feature","geometry":{"type":"Point","coordinates":[6.984506,50.93826]},"properties":{"h":10.0,"k":8.0,"s":20.0,"n":"Gleditsie, Lederhülsenbaum"}},{"type":"Feature","geometry":{"type":"Point","coordinates":[6.985135,50.938972]},"properties":{"h":8.0,"k":6.0,"s":20.0,"n":"Hainbuche, Weißbuche"}},{"type":"Feature","geometry":{"type":"Point","coordinates":[6.985175,50.938757]},"properties":{"h":8.0,"k":6.0,"s":20.0,"n":"Hainbuche, Weißbuche"}},{"type":"Feature","geometry":{"type":"Point","coordinates":[6.984519,50.937871]},"properties":{"h":11.0,"k":7.0,"s":35.0,"n":"Winterlinde"}},{"type":"Feature","geometry":{"type":"Point","coordinates":[6.979597,50.938475]},"properties":{"h":11.0,"k":7.0,"s":25.0,"n":"Winterlinde"}},{"type":"Feature","geometry":{"type":"Point","coordinates":[6.979402,50.939455]},"properties":{"h":10.0,"k":7.0,"s":20.0,"n":"Hainbuche, Weißbuche"}},{"type":"Feature","geometry":{"type":"Point","coordinates":[6.9795,50.937303]},"properties":{"h":16.0,"k":10.0,"s":60.0,"n":"Silberlinde"}},{"type":"Feature","geometry":{"type":"Point","coordinates":[6.975719,50.933834]},"properties":{"h":18.0,"k":12.0,"s":100.0,"n":"Platane"}},{"type":"Feature","geometry":{"type":"Point","coordinates":[6.975862,50.933791]},"properties":{"h":18.0,"k":12.0,"s":100.0,"n":"Platane"}},{"type":"Feature","geometry":{"type":"Point","coordinates":[6.975975,50.933941]},"properties":{"h":18.0,"k":12.0,"s":100.0,"n":"Platane"}},{"type":"Feature","geometry":{"type":"Point","coordinates":[6.976123,50.934093]},"properties":{"h":18.0,"k":12.0,"s":100.0,"n":"Platane"}},{"type":"Feature","geometry":{"type":"Point","coordinates":[6.975887,50.934131]},"properties":{"h":18.0,"k":12.0,"s":90.0,"n":"Platane"}},{"type":"Feature","geometry":{"type":"Point","coordinates":[6.975814,50.933982]},"properties":{"h":18.0,"k":12.0,"s":80.0,"n":"Platane"}},{"type":"Feature","geometry":{"type":"Point","coordinates":[6.978716,50.936987]},"properties":{"h":18.0,"k":10.0,"s":65.0,"n":"Silberlinde"}},{"type":"Feature","geometry":{"type":"Point","coordinates":[6.97884,50.937001]},"properties":{"h":20.0,"k":10.0,"s":70.0,"n":"Silberlinde"}},{"type":"Feature","geometry":{"type":"Point","coordinates":[6.979344,50.937294]},"properties":{"h":12.0,"k":8.0,"s":50.0,"n":"Silberlinde"}},{"type":"Feature","geometry":{"type":"Point","coordinates":[6.979626,50.937322]},"properties":{"h":7.0,"k":4.0,"s":15.0,"n":"Winterlinde"}},{"type":"Feature","geometry":{"type":"Point","coordinates":[6.979738,50.937331]},"properties":{"h":8.0,"k":4.0,"s":20.0,"n":"Winterlinde"}},{"type":"Feature","geometry":{"type":"Point","coordinates":[6.980072,50.937346]},"properties":{"h":9.0,"k":4.0,"s":20.0,"n":"Winterlinde"}},{"type":"Feature","geometry":{"type":"Point","coordinates":[6.97981,50.937082]},"properties":{"h":14.0,"k":4.0,"s":40.0,"n":"Winterlinde"}},{"type":"Feature","geometry":{"type":"Point","coordinates":[6.979702,50.937078]},"properties":{"h":16.0,"k":4.0,"s":35.0,"n":"Winterlinde"}},{"type":"Feature","geometry":{"type":"Point","coordinates":[6.979556,50.937069]},"properties":{"h":16.0,"k":4.0,"s":35.0,"n":"Winterlinde"}},{"type":"Feature","geometry":{"type":"Point","coordinates":[6.980485,50.937367]},"properties":{"h":9.0,"k":4.0,"s":20.0,"n":"Winterlinde"}},{"type":"Feature","geometry":{"type":"Point","coordinates":[6.980092,50.937102]},"properties":{"h":8.0,"k":4.0,"s":20.0,"n":"Winterlinde"}},{"type":"Feature","geometry":{"type":"Point","coordinates":[6.980304,50.937114]},"properties":{"h":8.0,"k":4.0,"s":20.0,"n":"Winterlinde"}},{"type":"Feature","geometry":{"type":"Point","coordinates":[6.980708,50.93738]},"properties":{"h":9.0,"k":3.0,"s":25.0,"n":"Winterlinde"}},{"type":"Feature","geometry":{"type":"Point","coordinates":[6.980829,50.937387]},"properties":{"h":9.0,"k":3.0,"s":20.0,"n":"Winterlinde"}},{"type":"Feature","geometry":{"type":"Point","coordinates":[6.980955,50.937393]},"properties":{"h":9.0,"k":4.0,"s":20.0,"n":"Winterlinde"}},{"type":"Feature","geometry":{"type":"Point","coordinates":[6.981148,50.937156]},"properties":{"h":15.0,"k":4.0,"s":35.0,"n":"Winterlinde"}},{"type":"Feature","geometry":{"type":"Point","coordinates":[6.981119,50.937455]},"properties":{"h":11.0,"k":6.0,"s":35.0,"n":"Winterlinde"}},{"type":"Feature","geometry":{"type":"Point","coordinates":[6.981347,50.937055]},"properties":{"h":12.0,"k":4.0,"s":35.0,"n":"Winterlinde"}},{"type":"Feature","geometry":{"type":"Point","coordinates":[6.981352,50.936932]},"properties":{"h":14.0,"k":6.0,"s":35.0,"n":"Winterlinde"}},{"type":"Feature","geometry":{"type":"Point","coordinates":[6.981276,50.936985]},"properties":{"h":14.0,"k":8.0,"s":35.0,"n":"Winterlinde"}},{"type":"Feature","geometry":{"type":"Point","coordinates":[6.981449,50.936802]},"properties":{"h":15.0,"k":4.0,"s":35.0,"n":"Winterlinde"}},{"type":"Feature","geometry":{"type":"Point","coordinates":[6.983645,50.937182]},"properties":{"h":10.0,"k":6.0,"s":30.0,"n":"Spitzahorn"}},{"type":"Feature","geometry":{"type":"Point","coordinates":[6.983998,50.937168]},"properties":{"h":9.0,"k":4.0,"s":20.0,"n":"Spitzahorn"}},{"type":"Feature","geometry":{"type":"Point","coordinates":[6.983896,50.937202]},"properties":{"h":8.0,"k":4.0,"s":25.0,"n":"Spitzahorn"}},{"type":"Feature","geometry":{"type":"Point","coordinates":[6.983831,50.937144]},"properties":{"h":11.0,"k":4.0,"s":30.0,"n":"Spitzahorn"}},{"type":"Feature","geometry":{"type":"Point","coordinates":[6.984002,50.937092]},"properties":{"h":8.0,"k":4.0,"s":20.0,"n":"Eschen-Ahorn"}},{"type":"Feature","geometry":{"type":"Point","coordinates":[6.984195,50.937024]},"properties":{"h":11.0,"k":6.0,"s":30.0,"n":"Spitzahorn"}},{"type":"Feature","geometry":{"type":"Point","coordinates":[6.984197,50.937102]},"properties":{"h":8.0,"k":3.0,"s":15.0,"n":"Spitzahorn"}},{"type":"Feature","geometry":{"type":"Point","coordinates":[6.982585,50.937262]},"properties":{"h":8.0,"k":3.0,"s":25.0,"n":"Winterlinde"}},{"type":"Feature","geometry":{"type":"Point","coordinates":[6.982802,50.937266]},"properties":{"h":8.0,"k":4.0,"s":25.0,"n":"Winterlinde"}},{"type":"Feature","geometry":{"type":"Point","coordinates":[6.982968,50.93727]},"properties":{"h":10.0,"k":3.0,"s":20.0,"n":"Winterlinde"}},{"type":"Feature","geometry":{"type":"Point","coordinates":[6.983252,50.937255]},"properties":{"h":11.0,"k":3.0,"s":25.0,"n":"Spitzahorn"}},{"type":"Feature","geometry":{"type":"Point","coordinates":[6.981866,50.937327]},"properties":{"h":7.0,"k":2.0,"s":20.0,"n":"Winterlinde"}},{"type":"Feature","geometry":{"type":"Point","coordinates":[6.981985,50.93733]},"properties":{"h":6.0,"k":4.0,"s":15.0,"n":"Winterlinde"}},{"type":"Feature","geometry":{"type":"Point","coordinates":[6.982104,50.937334]},"properties":{"h":10.0,"k":3.0,"s":20.0,"n":"Winterlinde"}},{"type":"Feature","geometry":{"type":"Point","coordinates":[6.982271,50.937341]},"properties":{"h":9.0,"k":4.0,"s":20.0,"n":"Winterlinde"}},{"type":"Feature","geometry":{"type":"Point","coordinates":[6.982418,50.937345]},"properties":{"h":6.0,"k":1.0,"s":10.0,"n":"Winterlinde"}},{"type":"Feature","geometry":{"type":"Point","coordinates":[6.982544,50.937349]},"properties":{"h":5.0,"k":1.0,"s":10.0,"n":"Winterlinde"}},{"type":"Feature","geometry":{"type":"Point","coordinates":[6.982659,50.937351]},"properties":{"h":8.0,"k":4.0,"s":20.0,"n":"Winterlinde"}},{"type":"Feature","geometry":{"type":"Point","coordinates":[6.982775,50.937358]},"properties":{"h":8.0,"k":3.0,"s":20.0,"n":"Winterlinde"}},{"type":"Feature","geometry":{"type":"Point","coordinates":[6.982909,50.937361]},"properties":{"h":8.0,"k":3.0,"s":20.0,"n":"Winterlinde"}},{"type":"Feature","geometry":{"type":"Point","coordinates":[6.983182,50.937366]},"properties":{"h":7.0,"k":4.0,"s":20.0,"n":"Winterlinde"}},{"type":"Feature","geometry":{"type":"Point","coordinates":[6.982141,50.937255]},"properties":{"h":14.0,"k":5.0,"s":35.0,"n":"Winterlinde"}},{"type":"Feature","geometry":{"type":"Point","coordinates":[6.982367,50.937262]},"properties":{"h":10.0,"k":3.0,"s":20.0,"n":"Amerikanische Linde"}},{"type":"Feature","geometry":{"type":"Point","coordinates":[6.981907,50.937409]},"properties":{"h":11.0,"k":4.0,"s":25.0,"n":"Winterlinde"}},{"type":"Feature","geometry":{"type":"Point","coordinates":[6.982148,50.937456]},"properties":{"h":10.0,"k":4.0,"s":30.0,"n":"Winterlinde"}},{"type":"Feature","geometry":{"type":"Point","coordinates":[6.982269,50.937459]},"properties":{"h":14.0,"k":10.0,"s":60.0,"n":"Silberlinde"}},{"type":"Feature","geometry":{"type":"Point","coordinates":[6.982393,50.937463]},"properties":{"h":12.0,"k":8.0,"s":50.0,"n":"Silberlinde"}},{"type":"Feature","geometry":{"type":"Point","coordinates":[6.982511,50.937468]},"properties":{"h":8.0,"k":3.0,"s":20.0,"n":"Winterlinde"}},{"type":"Feature","geometry":{"type":"Point","coordinates":[6.982642,50.937471]},"properties":{"h":8.0,"k":3.0,"s":20.0,"n":"Winterlinde"}},{"type":"Feature","geometry":{"type":"Point","coordinates":[6.982903,50.937478]},"properties":{"h":16.0,"k":8.0,"s":60.0,"n":"Silberlinde"}},{"type":"Feature","geometry":{"type":"Point","coordinates":[6.983001,50.937479]},"properties":{"h":8.0,"k":4.0,"s":25.0,"n":"Winterlinde"}},{"type":"Feature","geometry":{"type":"Point","coordinates":[6.983119,50.937485]},"properties":{"h":10.0,"k":4.0,"s":30.0,"n":"Winterlinde"}},{"type":"Feature","geometry":{"type":"Point","coordinates":[6.983447,50.937314]},"properties":{"h":8.0,"k":4.0,"s":30.0,"n":"Spitzahorn"}},{"type":"Feature","geometry":{"type":"Point","coordinates":[6.983547,50.937295]},"properties":{"h":8.0,"k":4.0,"s":25.0,"n":"Spitzahorn"}},{"type":"Feature","geometry":{"type":"Point","coordinates":[6.983721,50.93725]},"properties":{"h":10.0,"k":5.0,"s":25.0,"n":"Spitzahorn"}},{"type":"Feature","geometry":{"type":"Point","coordinates":[6.983499,50.937215]},"properties":{"h":8.0,"k":3.0,"s":20.0,"n":"Spitzahorn"}},{"type":"Feature","geometry":{"type":"Point","coordinates":[6.984478,50.937007]},"properties":{"h":8.0,"k":4.0,"s":20.0,"n":"Spitzahorn"}},{"type":"Feature","geometry":{"type":"Point","coordinates":[6.984501,50.936921]},"properties":{"h":10.0,"k":6.0,"s":35.0,"n":"Spitzahorn"}},{"type":"Feature","geometry":{"type":"Point","coordinates":[6.984764,50.936838]},"properties":{"h":5.0,"k":2.0,"s":10.0,"n":"Spitzahorn"}},{"type":"Feature","geometry":{"type":"Point","coordinates":[6.985178,50.936804]},"properties":{"h":7.0,"k":3.0,"s":15.0,"n":"Spitzahorn"}},{"type":"Feature","geometry":{"type":"Point","coordinates":[6.984856,50.93694]},"properties":{"h":9.0,"k":4.0,"s":15.0,"n":"Spitzahorn"}},{"type":"Feature","geometry":{"type":"Point","coordinates":[6.984969,50.936893]},"properties":{"h":10.0,"k":6.0,"s":25.0,"n":"Spitzahorn"}},{"type":"Feature","geometry":{"type":"Point","coordinates":[6.984673,50.93694]},"properties":{"h":8.0,"k":3.0,"s":15.0,"n":"Spitzahorn"}},{"type":"Feature","geometry":{"type":"Point","coordinates":[6.984977,50.936764]},"properties":{"h":8.0,"k":4.0,"s":25.0,"n":"Spitzahorn"}},{"type":"Feature","geometry":{"type":"Point","coordinates":[6.985192,50.936697]},"properties":{"h":8.0,"k":3.0,"s":20.0,"n":"Spitzahorn"}},{"type":"Feature","geometry":{"type":"Point","coordinates":[6.986106,50.936605]},"properties":{"h":6.0,"k":2.0,"s":10.0,"n":"Spitzahorn"}},{"type":"Feature","geometry":{"type":"Point","coordinates":[6.98634,50.936532]},"properties":{"h":10.0,"k":4.0,"s":30.0,"n":"Spitzahorn"}},{"type":"Feature","geometry":{"type":"Point","coordinates":[6.986457,50.936511]},"properties":{"h":6.0,"k":3.0,"s":20.0,"n":"Spitzahorn"}},{"type":"Feature","geometry":{"type":"Point","coordinates":[6.986222,50.936565]},"properties":{"h":9.0,"k":4.0,"s":25.0,"n":"Spitzahorn"}},{"type":"Feature","geometry":{"type":"Point","coordinates":[6.986022,50.936399]},"properties":{"h":12.0,"k":6.0,"s":35.0,"n":"Spitzahorn"}},{"type":"Feature","geometry":{"type":"Point","coordinates":[6.986345,50.936453]},"properties":{"h":8.0,"k":3.0,"s":25.0,"n":"Spitzahorn"}},{"type":"Feature","geometry":{"type":"Point","coordinates":[6.98677,50.936418]},"properties":{"h":8.0,"k":3.0,"s":15.0,"n":"Spitzahorn"}},{"type":"Feature","geometry":{"type":"Point","coordinates":[6.98553,50.936702]},"properties":{"h":6.0,"k":2.0,"s":5.0,"n":"Spitzahorn"}},{"type":"Feature","geometry":{"type":"Point","coordinates":[6.985354,50.936641]},"properties":{"h":6.0,"k":2.0,"s":15.0,"n":"Spitzahorn"}},{"type":"Feature","geometry":{"type":"Point","coordinates":[6.985647,50.936669]},"properties":{"h":8.0,"k":6.0,"s":25.0,"n":"Spitzahorn"}},{"type":"Feature","geometry":{"type":"Point","coordinates":[6.985522,50.936584]},"properties":{"h":8.0,"k":4.0,"s":25.0,"n":"Spitzahorn"}},{"type":"Feature","geometry":{"type":"Point","coordinates":[6.986987,50.936434]},"properties":{"h":6.0,"k":2.0,"s":20.0,"n":"Spitzahorn"}},{"type":"Feature","geometry":{"type":"Point","coordinates":[6.987354,50.936472]},"properties":{"h":12.0,"k":6.0,"s":45.0,"n":"Spitzahorn"}},{"type":"Feature","geometry":{"type":"Point","coordinates":[6.987504,50.93638]},"properties":{"h":10.0,"k":4.0,"s":25.0,"n":"Spitzahorn"}},{"type":"Feature","geometry":{"type":"Point","coordinates":[6.987721,50.936406]},"properties":{"h":10.0,"k":6.0,"s":30.0,"n":"Spitzahorn"}},{"type":"Feature","geometry":{"type":"Point","coordinates":[6.988387,50.936488]},"properties":{"h":8.0,"k":4.0,"s":25.0,"n":"Spitzahorn"}},{"type":"Feature","geometry":{"type":"Point","coordinates":[6.98774,50.936514]},"properties":{"h":11.0,"k":6.0,"s":40.0,"n":"Spitzahorn"}},{"type":"Feature","geometry":{"type":"Point","coordinates":[6.987632,50.936505]},"properties":{"h":7.0,"k":2.0,"s":15.0,"n":"Spitzahorn"}},{"type":"Feature","geometry":{"type":"Point","coordinates":[6.987858,50.936526]},"properties":{"h":11.0,"k":6.0,"s":40.0,"n":"Spitzahorn"}},{"type":"Feature","geometry":{"type":"Point","coordinates":[6.988109,50.936548]},"properties":{"h":12.0,"k":6.0,"s":35.0,"n":"Spitzahorn"}},{"type":"Feature","geometry":{"type":"Point","coordinates":[6.988345,50.936578]},"properties":{"h":8.0,"k":6.0,"s":35.0,"n":"Spitzahorn"}},{"type":"Feature","geometry":{"type":"Point","coordinates":[6.988479,50.93659]},"properties":{"h":11.0,"k":6.0,"s":25.0,"n":"Spitzahorn"}},{"type":"Feature","geometry":{"type":"Point","coordinates":[6.988709,50.936615]},"properties":{"h":9.0,"k":7.0,"s":35.0,"n":"Spitzahorn"}},{"type":"Feature","geometry":{"type":"Point","coordinates":[6.98853,50.936503]},"properties":{"h":8.0,"k":4.0,"s":25.0,"n":"Spitzahorn"}},{"type":"Feature","geometry":{"type":"Point","coordinates":[6.988783,50.936532]},"properties":{"h":10.0,"k":6.0,"s":30.0,"n":"Spitzahorn"}},{"type":"Feature","geometry":{"type":"Point","coordinates":[6.988969,50.936649]},"properties":{"h":10.0,"k":6.0,"s":30.0,"n":"Spitzahorn"}},{"type":"Feature","geometry":{"type":"Point","coordinates":[6.989164,50.936688]},"properties":{"h":10.0,"k":5.0,"s":35.0,"n":"Spitzahorn"}},{"type":"Feature","geometry":{"type":"Point","coordinates":[6.987283,50.936351]},"properties":{"h":8.0,"k":3.0,"s":15.0,"n":"Spitzahorn"}},{"type":"Feature","geometry":{"type":"Point","coordinates":[6.992492,50.935877]},"properties":{"h":12.0,"k":8.0,"s":55.0,"n":"Gemeine Esche"}},{"type":"Feature","geometry":{"type":"Point","coordinates":[6.992801,50.935891]},"properties":{"h":15.0,"k":8.0,"s":45.0,"n":"Winterlinde"}},{"type":"Feature","geometry":{"type":"Point","coordinates":[6.992517,50.936019]},"properties":{"h":16.0,"k":4.0,"s":50.0,"n":"Winterlinde"}},{"type":"Feature","geometry":{"type":"Point","coordinates":[6.992817,50.935967]},"properties":{"h":15.0,"k":6.0,"s":40.0,"n":"Winterlinde"}},{"type":"Feature","geometry":{"type":"Point","coordinates":[6.99286,50.936117]},"properties":{"h":15.0,"k":6.0,"s":35.0,"n":"Winterlinde"}},{"type":"Feature","geometry":{"type":"Point","coordinates":[6.992709,50.936242]},"properties":{"h":10.0,"k":4.0,"s":25.0,"n":"Winterlinde"}},{"type":"Feature","geometry":{"type":"Point","coordinates":[6.992715,50.936311]},"properties":{"h":9.0,"k":4.0,"s":25.0,"n":"Winterlinde"}},{"type":"Feature","geometry":{"type":"Point","coordinates":[6.99258,50.936443]},"properties":{"h":14.0,"k":8.0,"s":45.0,"n":"Winterlinde"}},{"type":"Feature","geometry":{"type":"Point","coordinates":[6.992838,50.936039]},"properties":{"h":15.0,"k":6.0,"s":40.0,"n":"Winterlinde"}},{"type":"Feature","geometry":{"type":"Point","coordinates":[6.993053,50.93656]},"properties":{"h":12.0,"k":6.0,"s":35.0,"n":"Winterlinde"}},{"type":"Feature","geometry":{"type":"Point","coordinates":[6.993011,50.936482]},"properties":{"h":14.0,"k":6.0,"s":40.0,"n":"Winterlinde"}},{"type":"Feature","geometry":{"type":"Point","coordinates":[6.992881,50.936189]},"properties":{"h":17.0,"k":6.0,"s":40.0,"n":"Winterlinde"}},{"type":"Feature","geometry":{"type":"Point","coordinates":[6.992976,50.936419]},"properties":{"h":17.0,"k":6.0,"s":40.0,"n":"Winterlinde"}},{"type":"Feature","geometry":{"type":"Point","coordinates":[6.992942,50.936341]},"properties":{"h":7.0,"k":4.0,"s":25.0,"n":"Winterlinde"}},{"type":"Feature","geometry":{"type":"Point","coordinates":[6.992179,50.936759]},"properties":{"h":12.0,"k":8.0,"s":40.0,"n":"Spitzahorn"}},{"type":"Feature","geometry":{"type":"Point","coordinates":[6.99254,50.936149]},"properties":{"h":16.0,"k":8.0,"s":35.0,"n":"Winterlinde"}},{"type":"Feature","geometry":{"type":"Point","coordinates":[6.992421,50.936825]},"properties":{"h":12.0,"k":3.0,"s":30.0,"n":"Winterlinde"}},{"type":"Feature","geometry":{"type":"Point","coordinates":[6.992621,50.936576]},"properties":{"h":14.0,"k":6.0,"s":45.0,"n":"Winterlinde"}},{"type":"Feature","geometry":{"type":"Point","coordinates":[6.992743,50.936466]},"properties":{"h":14.0,"k":6.0,"s":40.0,"n":"Winterlinde"}},{"type":"Feature","geometry":{"type":"Point","coordinates":[6.992746,50.936591]},"properties":{"h":15.0,"k":6.0,"s":50.0,"n":"Winterlinde"}},{"type":"Feature","geometry":{"type":"Point","coordinates":[6.992517,50.936781]},"properties":{"h":12.0,"k":4.0,"s":25.0,"n":"Winterlinde"}},{"type":"Feature","geometry":{"type":"Point","coordinates":[6.992609,50.936699]},"properties":{"h":15.0,"k":5.0,"s":40.0,"n":"Winterlinde"}},{"type":"Feature","geometry":{"type":"Point","coordinates":[6.992839,50.936643]},"properties":{"h":15.0,"k":8.0,"s":50.0,"n":"Winterlinde"}},{"type":"Feature","geometry":{"type":"Point","coordinates":[6.992379,50.935799]},"properties":{"h":10.0,"k":4.0,"s":30.0,"n":"Winterlinde"}},{"type":"Feature","geometry":{"type":"Point","coordinates":[6.991826,50.94008]},"properties":{"h":5.0,"k":2.0,"s":15.0,"n":"Spitzahorn Cleveland"}},{"type":"Feature","geometry":{"type":"Point","coordinates":[6.991868,50.939951]},"properties":{"h":5.0,"k":2.0,"s":15.0,"n":"Spitzahorn Cleveland"}},{"type":"Feature","geometry":{"type":"Point","coordinates":[6.991919,50.939826]},"properties":{"h":5.0,"k":2.0,"s":10.0,"n":"Spitzahorn Cleveland"}},{"type":"Feature","geometry":{"type":"Point","coordinates":[6.99196,50.939693]},"properties":{"h":5.0,"k":2.0,"s":15.0,"n":"Spitzahorn Cleveland"}},{"type":"Feature","geometry":{"type":"Point","coordinates":[6.99204,50.939479]},"properties":{"h":5.0,"k":2.0,"s":15.0,"n":"Spitzahorn Cleveland"}},{"type":"Feature","geometry":{"type":"Point","coordinates":[6.992095,50.939324]},"properties":{"h":5.0,"k":1.0,"s":10.0,"n":"Spitzahorn Cleveland"}},{"type":"Feature","geometry":{"type":"Point","coordinates":[6.992153,50.939174]},"properties":{"h":5.0,"k":2.0,"s":15.0,"n":"Spitzahorn Cleveland"}},{"type":"Feature","geometry":{"type":"Point","coordinates":[6.991931,50.940095]},"properties":{"h":5.0,"k":2.0,"s":15.0,"n":"Spitzahorn Cleveland"}},{"type":"Feature","geometry":{"type":"Point","coordinates":[6.991979,50.93997]},"properties":{"h":5.0,"k":1.0,"s":10.0,"n":"Spitzahorn Cleveland"}},{"type":"Feature","geometry":{"type":"Point","coordinates":[6.99202,50.939841]},"properties":{"h":5.0,"k":2.0,"s":15.0,"n":"Spitzahorn Cleveland"}},{"type":"Feature","geometry":{"type":"Point","coordinates":[6.99207,50.939712]},"properties":{"h":5.0,"k":2.0,"s":15.0,"n":"Spitzahorn Cleveland"}},{"type":"Feature","geometry":{"type":"Point","coordinates":[6.992151,50.939496]},"properties":{"h":5.0,"k":2.0,"s":15.0,"n":"Spitzahorn Cleveland"}},{"type":"Feature","geometry":{"type":"Point","coordinates":[6.992208,50.939339]},"properties":{"h":5.0,"k":1.0,"s":10.0,"n":"Spitzahorn Cleveland"}},{"type":"Feature","geometry":{"type":"Point","coordinates":[6.992245,50.939245]},"properties":{"h":5.0,"k":1.0,"s":10.0,"n":"Spitzahorn Cleveland"}},{"type":"Feature","geometry":{"type":"Point","coordinates":[6.991525,50.940917]},"properties":{"h":5.0,"k":1.0,"s":10.0,"n":"Spitzahorn Cleveland"}},{"type":"Feature","geometry":{"type":"Point","coordinates":[6.991579,50.940743]},"properties":{"h":5.0,"k":12.0,"s":15.0,"n":"Spitzahorn Cleveland"}},{"type":"Feature","geometry":{"type":"Point","coordinates":[6.991629,50.940614]},"properties":{"h":5.0,"k":1.0,"s":10.0,"n":"Spitzahorn Cleveland"}},{"type":"Feature","geometry":{"type":"Point","coordinates":[6.991703,50.940412]},"properties":{"h":5.0,"k":2.0,"s":15.0,"n":"Spitzahorn Cleveland"}},{"type":"Feature","geometry":{"type":"Point","coordinates":[6.991746,50.940291]},"properties":{"h":5.0,"k":2.0,"s":15.0,"n":"Spitzahorn Cleveland"}},{"type":"Feature","geometry":{"type":"Point","coordinates":[6.991673,50.940812]},"properties":{"h":5.0,"k":1.0,"s":10.0,"n":"Spitzahorn Cleveland"}},{"type":"Feature","geometry":{"type":"Point","coordinates":[6.991735,50.940633]},"properties":{"h":5.0,"k":1.0,"s":10.0,"n":"Spitzahorn Cleveland"}},{"type":"Feature","geometry":{"type":"Point","coordinates":[6.991812,50.94042]},"properties":{"h":5.0,"k":1.0,"s":10.0,"n":"Spitzahorn Cleveland"}},{"type":"Feature","geometry":{"type":"Point","coordinates":[6.991851,50.94031]},"properties":{"h":5.0,"k":1.0,"s":15.0,"n":"Spitzahorn Cleveland"}},{"type":"Feature","geometry":{"type":"Point","coordinates":[6.992719,50.936396]},"properties":{"h":10.0,"k":3.0,"s":25.0,"n":"Winterlinde"}},{"type":"Feature","geometry":{"type":"Point","coordinates":[6.992446,50.936095]},"properties":{"h":14.0,"k":10.0,"s":40.0,"n":"Winterlinde"}},{"type":"Feature","geometry":{"type":"Point","coordinates":[6.992453,50.936196]},"properties":{"h":16.0,"k":10.0,"s":40.0,"n":"Winterlinde"}},{"type":"Feature","geometry":{"type":"Point","coordinates":[6.992286,50.936258]},"properties":{"h":17.0,"k":6.0,"s":40.0,"n":"Winterlinde"}},{"type":"Feature","geometry":{"type":"Point","coordinates":[6.99226,50.936345]},"properties":{"h":9.0,"k":3.0,"s":20.0,"n":"Winterlinde"}},{"type":"Feature","geometry":{"type":"Point","coordinates":[6.992397,50.936385]},"properties":{"h":12.0,"k":8.0,"s":45.0,"n":"Winterlinde"}},{"type":"Feature","geometry":{"type":"Point","coordinates":[6.992237,50.936432]},"properties":{"h":14.0,"k":8.0,"s":45.0,"n":"Winterlinde"}},{"type":"Feature","geometry":{"type":"Point","coordinates":[6.992352,50.936486]},"properties":{"h":10.0,"k":6.0,"s":50.0,"n":"Winterlinde"}},{"type":"Feature","geometry":{"type":"Point","coordinates":[6.992296,50.936564]},"properties":{"h":14.0,"k":6.0,"s":40.0,"n":"Winterlinde"}},{"type":"Feature","geometry":{"type":"Point","coordinates":[6.99248,50.936587]},"properties":{"h":10.0,"k":3.0,"s":25.0,"n":"Winterlinde"}},{"type":"Feature","geometry":{"type":"Point","coordinates":[6.992311,50.936654]},"properties":{"h":14.0,"k":8.0,"s":40.0,"n":"Spitzahorn"}},{"type":"Feature","geometry":{"type":"Point","coordinates":[6.992467,50.936728]},"properties":{"h":8.0,"k":6.0,"s":40.0,"n":"Winterlinde"}},{"type":"Feature","geometry":{"type":"Point","coordinates":[6.992285,50.936837]},"properties":{"h":12.0,"k":6.0,"s":40.0,"n":"Winterlinde"}},{"type":"Feature","geometry":{"type":"Point","coordinates":[6.992563,50.936305]},"properties":{"h":14.0,"k":8.0,"s":50.0,"n":"Winterlinde"}},{"type":"Feature","geometry":{"type":"Point","coordinates":[6.993082,50.93686]},"properties":{"h":12.0,"k":5.0,"s":35.0,"n":"Winterlinde"}},{"type":"Feature","geometry":{"type":"Point","coordinates":[6.992317,50.937014]},"properties":{"h":10.0,"k":6.0,"s":30.0,"n":"Winterlinde"}},{"type":"Feature","geometry":{"type":"Point","coordinates":[6.992482,50.936945]},"properties":{"h":10.0,"k":4.0,"s":30.0,"n":"Winterlinde"}},{"type":"Feature","geometry":{"type":"Point","coordinates":[6.992401,50.936962]},"properties":{"h":8.0,"k":3.0,"s":20.0,"n":"Winterlinde"}},{"type":"Feature","geometry":{"type":"Point","coordinates":[6.992589,50.936937]},"properties":{"h":10.0,"k":4.0,"s":35.0,"n":"Winterlinde"}},{"type":"Feature","geometry":{"type":"Point","coordinates":[6.992704,50.936944]},"properties":{"h":12.0,"k":4.0,"s":30.0,"n":"Winterlinde"}},{"type":"Feature","geometry":{"type":"Point","coordinates":[6.992436,50.937028]},"properties":{"h":15.0,"k":4.0,"s":35.0,"n":"Winterlinde"}},{"type":"Feature","geometry":{"type":"Point","coordinates":[6.99269,50.937]},"properties":{"h":12.0,"k":4.0,"s":30.0,"n":"Winterlinde"}},{"type":"Feature","geometry":{"type":"Point","coordinates":[6.992829,50.936993]},"properties":{"h":12.0,"k":6.0,"s":30.0,"n":"Winterlinde"}},{"type":"Feature","geometry":{"type":"Point","coordinates":[6.992928,50.936978]},"properties":{"h":12.0,"k":4.0,"s":35.0,"n":"Winterlinde"}},{"type":"Feature","geometry":{"type":"Point","coordinates":[6.993019,50.937016]},"properties":{"h":12.0,"k":4.0,"s":35.0,"n":"Winterlinde"}},{"type":"Feature","geometry":{"type":"Point","coordinates":[6.992703,50.937048]},"properties":{"h":15.0,"k":6.0,"s":40.0,"n":"Winterlinde"}},{"type":"Feature","geometry":{"type":"Point","coordinates":[6.992911,50.937077]},"properties":{"h":12.0,"k":6.0,"s":35.0,"n":"Winterlinde"}},{"type":"Feature","geometry":{"type":"Point","coordinates":[6.992304,50.936753]},"properties":{"h":12.0,"k":4.0,"s":20.0,"n":"Spitzahorn"}},{"type":"Feature","geometry":{"type":"Point","coordinates":[6.991422,50.936801]},"properties":{"h":10.0,"k":8.0,"s":40.0,"n":"Spitzahorn"}},{"type":"Feature","geometry":{"type":"Point","coordinates":[6.991386,50.936886]},"properties":{"h":8.0,"k":4.0,"s":20.0,"n":"Spitzahorn"}},{"type":"Feature","geometry":{"type":"Point","coordinates":[6.991723,50.936833]},"properties":{"h":9.0,"k":4.0,"s":30.0,"n":"Spitzahorn"}},{"type":"Feature","geometry":{"type":"Point","coordinates":[6.991606,50.936909]},"properties":{"h":8.0,"k":3.0,"s":20.0,"n":"Spitzahorn"}},{"type":"Feature","geometry":{"type":"Point","coordinates":[6.991827,50.936933]},"properties":{"h":8.0,"k":3.0,"s":25.0,"n":"Spitzahorn"}},{"type":"Feature","geometry":{"type":"Point","coordinates":[6.991999,50.936848]},"properties":{"h":9.0,"k":4.0,"s":30.0,"n":"Spitzahorn"}},{"type":"Feature","geometry":{"type":"Point","coordinates":[6.992121,50.936965]},"properties":{"h":8.0,"k":4.0,"s":30.0,"n":"Spitzahorn"}},{"type":"Feature","geometry":{"type":"Point","coordinates":[6.991865,50.936843]},"properties":{"h":9.0,"k":4.0,"s":25.0,"n":"Spitzahorn"}},{"type":"Feature","geometry":{"type":"Point","coordinates":[6.991649,50.936801]},"properties":{"h":10.0,"k":6.0,"s":35.0,"n":"Spitzahorn"}},{"type":"Feature","geometry":{"type":"Point","coordinates":[6.991324,50.936733]},"properties":{"h":8.0,"k":8.0,"s":45.0,"n":"Spitzahorn"}},{"type":"Feature","geometry":{"type":"Point","coordinates":[6.991917,50.936693]},"properties":{"h":14.0,"k":8.0,"s":55.0,"n":"Spitzahorn"}},{"type":"Feature","geometry":{"type":"Point","coordinates":[6.989403,50.9366]},"properties":{"h":8.0,"k":5.0,"s":25.0,"n":"Spitzahorn"}},{"type":"Feature","geometry":{"type":"Point","coordinates":[6.989641,50.936624]},"properties":{"h":8.0,"k":4.0,"s":20.0,"n":"Spitzahorn"}},{"type":"Feature","geometry":{"type":"Point","coordinates":[6.989861,50.936649]},"properties":{"h":8.0,"k":5.0,"s":30.0,"n":"Spitzahorn"}},{"type":"Feature","geometry":{"type":"Point","coordinates":[6.989619,50.936708]},"properties":{"h":8.0,"k":6.0,"s":20.0,"n":"Spitzahorn"}},{"type":"Feature","geometry":{"type":"Point","coordinates":[6.989845,50.936729]},"properties":{"h":8.0,"k":5.0,"s":25.0,"n":"Spitzahorn"}},{"type":"Feature","geometry":{"type":"Point","coordinates":[6.99006,50.936752]},"properties":{"h":8.0,"k":4.0,"s":20.0,"n":"Spitzahorn"}},{"type":"Feature","geometry":{"type":"Point","coordinates":[6.990281,50.936774]},"properties":{"h":8.0,"k":3.0,"s":25.0,"n":"Spitzahorn"}},{"type":"Feature","geometry":{"type":"Point","coordinates":[6.990264,50.936689]},"properties":{"h":10.0,"k":6.0,"s":25.0,"n":"Spitzahorn"}},{"type":"Feature","geometry":{"type":"Point","coordinates":[6.990506,50.936716]},"properties":{"h":8.0,"k":3.0,"s":10.0,"n":"Spitzahorn"}},{"type":"Feature","geometry":{"type":"Point","coordinates":[6.990681,50.936733]},"properties":{"h":10.0,"k":8.0,"s":40.0,"n":"Spitzahorn"}},{"type":"Feature","geometry":{"type":"Point","coordinates":[6.990919,50.936749]},"properties":{"h":10.0,"k":6.0,"s":30.0,"n":"Spitzahorn"}},{"type":"Feature","geometry":{"type":"Point","coordinates":[6.991129,50.936777]},"properties":{"h":10.0,"k":6.0,"s":40.0,"n":"Spitzahorn"}},{"type":"Feature","geometry":{"type":"Point","coordinates":[6.991164,50.936866]},"properties":{"h":8.0,"k":4.0,"s":20.0,"n":"Spitzahorn"}},{"type":"Feature","geometry":{"type":"Point","coordinates":[6.990498,50.936798]},"properties":{"h":8.0,"k":3.0,"s":20.0,"n":"Spitzahorn"}},{"type":"Feature","geometry":{"type":"Point","coordinates":[6.990078,50.936672]},"properties":{"h":8.0,"k":4.0,"s":25.0,"n":"Spitzahorn"}},{"type":"Feature","geometry":{"type":"Point","coordinates":[6.990716,50.93683]},"properties":{"h":7.0,"k":2.0,"s":8.0,"n":"Spitzahorn"}},{"type":"Feature","geometry":{"type":"Point","coordinates":[6.989427,50.936692]},"properties":{"h":12.0,"k":6.0,"s":35.0,"n":"Spitzahorn"}},{"type":"Feature","geometry":{"type":"Point","coordinates":[6.989296,50.936302]},"properties":{"h":14.0,"k":10.0,"s":55.0,"n":"Scheinakazie"}},{"type":"Feature","geometry":{"type":"Point","coordinates":[6.989618,50.936062]},"properties":{"h":12.0,"k":4.0,"s":30.0,"n":"Spitzahorn"}},{"type":"Feature","geometry":{"type":"Point","coordinates":[6.991378,50.935932]},"properties":{"h":10.0,"k":5.0,"s":30.0,"n":"Spitzahorn"}},{"type":"Feature","geometry":{"type":"Point","coordinates":[6.9911,50.93597]},"properties":{"h":12.0,"k":6.0,"s":30.0,"n":"Spitzahorn"}},{"type":"Feature","geometry":{"type":"Point","coordinates":[6.990904,50.935993]},"properties":{"h":15.0,"k":6.0,"s":35.0,"n":"Spitzahorn"}},{"type":"Feature","geometry":{"type":"Point","coordinates":[6.990296,50.936026]},"properties":{"h":14.0,"k":6.0,"s":40.0,"n":"Spitzahorn"}},{"type":"Feature","geometry":{"type":"Point","coordinates":[6.990084,50.936036]},"properties":{"h":12.0,"k":6.0,"s":40.0,"n":"Spitzahorn"}},{"type":"Feature","geometry":{"type":"Point","coordinates":[6.989906,50.936039]},"properties":{"h":12.0,"k":6.0,"s":40.0,"n":"Spitzahorn"}},{"type":"Feature","geometry":{"type":"Point","coordinates":[6.98374,50.937023]},"properties":{"h":14.0,"k":8.0,"s":55.0,"n":"Spitzahorn"}},{"type":"Feature","geometry":{"type":"Point","coordinates":[6.983569,50.937042]},"properties":{"h":15.0,"k":7.0,"s":45.0,"n":"Winterlinde"}},{"type":"Feature","geometry":{"type":"Point","coordinates":[6.983906,50.936997]},"properties":{"h":10.0,"k":8.0,"s":40.0,"n":"Spitzahorn"}},{"type":"Feature","geometry":{"type":"Point","coordinates":[6.981612,50.937794]},"properties":{"h":12.0,"k":6.0,"s":30.0,"n":"Platane"}},{"type":"Feature","geometry":{"type":"Point","coordinates":[6.981593,50.93769]},"properties":{"h":12.0,"k":6.0,"s":30.0,"n":"Platane"}},{"type":"Feature","geometry":{"type":"Point","coordinates":[6.981576,50.937582]},"properties":{"h":10.0,"k":5.0,"s":30.0,"n":"Platane"}},{"type":"Feature","geometry":{"type":"Point","coordinates":[6.976464,50.930767]},"properties":{"h":18.0,"k":15.0,"s":60.0,"n":"Sal-Weide"}},{"type":"Feature","geometry":{"type":"Point","coordinates":[6.977043,50.930646]},"properties":{"h":20.0,"k":10.0,"s":70.0,"n":"Silberpappel"}},{"type":"Feature","geometry":{"type":"Point","coordinates":[6.977064,50.930663]},"properties":{"h":7.0,"k":4.0,"s":15.0,"n":"Hainbuche, Weißbuche"}},{"type":"Feature","geometry":{"type":"Point","coordinates":[6.977222,50.930776]},"properties":{"h":10.0,"k":4.0,"s":15.0,"n":"Corylus avellana"}},{"type":"Feature","geometry":{"type":"Point","coordinates":[6.977142,50.930812]},"properties":{"h":7.0,"k":2.0,"s":10.0,"n":"Silberpappel"}},{"type":"Feature","geometry":{"type":"Point","coordinates":[6.977017,50.930826]},"properties":{"h":20.0,"k":12.0,"s":80.0,"n":"Großblättrige Sommerlinde"}},{"type":"Feature","geometry":{"type":"Point","coordinates":[6.976807,50.930912]},"properties":{"h":10.0,"k":5.0,"s":15.0,"n":"Corylus avellana"}},{"type":"Feature","geometry":{"type":"Point","coordinates":[6.977024,50.930639]},"properties":{"h":15.0,"k":8.0,"s":25.0,"n":"Silberpappel"}},{"type":"Feature","geometry":{"type":"Point","coordinates":[6.976374,50.947947]},"properties":{"h":4.0,"k":4.0,"s":30.0,"n":"Eibe"}},{"type":"Feature","geometry":{"type":"Point","coordinates":[6.976852,50.947958]},"properties":{"h":4.0,"k":9.0,"s":30.0,"n":"Kirsche"}},{"type":"Feature","geometry":{"type":"Point","coordinates":[6.97665,50.948069]},"properties":{"h":10.0,"k":11.0,"s":59.0,"n":"Eibe"}},{"type":"Feature","geometry":{"type":"Point","coordinates":[6.976775,50.948075]},"properties":{"h":19.0,"k":10.0,"s":61.0,"n":"Großblättrige Sommerlinde"}},{"type":"Feature","geometry":{"type":"Point","coordinates":[6.976939,50.948064]},"properties":{"h":9.0,"k":7.0,"s":14.0,"n":"Eiche"}},{"type":"Feature","geometry":{"type":"Point","coordinates":[6.977117,50.947958]},"properties":{"h":20.0,"k":19.0,"s":90.0,"n":"Sommer-Eiche, Stieleiche"}},{"type":"Feature","geometry":{"type":"Point","coordinates":[6.977162,50.947999]},"properties":{"h":2.0,"k":2.0,"s":22.0,"n":"Eibe"}},{"type":"Feature","geometry":{"type":"Point","coordinates":[6.977172,50.948037]},"properties":{"h":7.0,"k":4.0,"s":21.0,"n":"Trauben-Kirsche"}},{"type":"Feature","geometry":{"type":"Point","coordinates":[6.97701,50.947851]},"properties":{"h":14.0,"k":5.0,"s":32.0,"n":"Feldahorn"}},{"type":"Feature","geometry":{"type":"Point","coordinates":[6.977025,50.947887]},"properties":{"h":14.0,"k":8.0,"s":30.0,"n":"Hainbuche, Weißbuche"}},{"type":"Feature","geometry":{"type":"Point","coordinates":[6.990102,50.931492]},"properties":{"h":10.0,"k":6.0,"s":30.0,"n":"Baumhasel"}},{"type":"Feature","geometry":{"type":"Point","coordinates":[6.99013,50.931445]},"properties":{"h":10.0,"k":6.0,"s":30.0,"n":"Baumhasel"}},{"type":"Feature","geometry":{"type":"Point","coordinates":[6.990463,50.931514]},"properties":{"h":10.0,"k":5.0,"s":25.0,"n":"Baumhasel"}},{"type":"Feature","geometry":{"type":"Point","coordinates":[6.990533,50.931466]},"properties":{"h":10.0,"k":5.0,"s":25.0,"n":"Baumhasel"}},{"type":"Feature","geometry":{"type":"Point","coordinates":[6.990563,50.931486]},"properties":{"h":10.0,"k":6.0,"s":25.0,"n":"Baumhasel"}},{"type":"Feature","geometry":{"type":"Point","coordinates":[6.990599,50.931415]},"properties":{"h":10.0,"k":6.0,"s":35.0,"n":"Baumhasel"}},{"type":"Feature","geometry":{"type":"Point","coordinates":[6.990654,50.931458]},"properties":{"h":10.0,"k":6.0,"s":35.0,"n":"Baumhasel"}},{"type":"Feature","geometry":{"type":"Point","coordinates":[6.990785,50.931215]},"properties":{"h":6.0,"k":5.0,"s":25.0,"n":"Baumhasel"}},{"type":"Feature","geometry":{"type":"Point","coordinates":[6.990582,50.930943]},"properties":{"h":18.0,"k":16.0,"s":90.0,"n":"Platane"}},{"type":"Feature","geometry":{"type":"Point","coordinates":[6.990503,50.930818]},"properties":{"h":16.0,"k":15.0,"s":60.0,"n":"Platane"}},{"type":"Feature","geometry":{"type":"Point","coordinates":[6.990401,50.930694]},"properties":{"h":16.0,"k":15.0,"s":65.0,"n":"Platane"}},{"type":"Feature","geometry":{"type":"Point","coordinates":[6.99042,50.93044]},"properties":{"h":22.0,"k":15.0,"s":75.0,"n":"Platane"}},{"type":"Feature","geometry":{"type":"Point","coordinates":[6.990422,50.93145]},"properties":{"h":10.0,"k":4.0,"s":20.0,"n":"Baumhasel"}},{"type":"Feature","geometry":{"type":"Point","coordinates":[6.990475,50.931427]},"properties":{"h":10.0,"k":5.0,"s":25.0,"n":"Baumhasel"}},{"type":"Feature","geometry":{"type":"Point","coordinates":[6.990612,50.931329]},"properties":{"h":6.0,"k":5.0,"s":25.0,"n":"Baumhasel"}},{"type":"Feature","geometry":{"type":"Point","coordinates":[6.990678,50.931297]},"properties":{"h":5.0,"k":3.0,"s":20.0,"n":"Baumhasel"}},{"type":"Feature","geometry":{"type":"Point","coordinates":[6.990745,50.931256]},"properties":{"h":5.0,"k":2.0,"s":15.0,"n":"Baumhasel"}},{"type":"Feature","geometry":{"type":"Point","coordinates":[6.990811,50.931153]},"properties":{"h":5.0,"k":3.0,"s":25.0,"n":"Baumhasel"}},{"type":"Feature","geometry":{"type":"Point","coordinates":[6.990377,50.931461]},"properties":{"h":10.0,"k":5.0,"s":25.0,"n":"Baumhasel"}},{"type":"Feature","geometry":{"type":"Point","coordinates":[6.975895,50.933497]},"properties":{"h":6.0,"k":3.0,"s":10.0,"n":"Hainbuche, Weißbuche"}},{"type":"Feature","geometry":{"type":"Point","coordinates":[6.975989,50.933436]},"properties":{"h":7.0,"k":4.0,"s":20.0,"n":"Hainbuche, Weißbuche"}},{"type":"Feature","geometry":{"type":"Point","coordinates":[6.974339,50.93465]},"properties":{"h":10.0,"k":6.0,"s":35.0,"n":"Spitzahorn"}},{"type":"Feature","geometry":{"type":"Point","coordinates":[6.972786,50.934027]},"properties":{"h":11.0,"k":6.0,"s":25.0,"n":"Spitzahorn"}},{"type":"Feature","geometry":{"type":"Point","coordinates":[6.973392,50.935232]},"properties":{"h":10.0,"k":6.0,"s":25.0,"n":"Bergahorn"}},{"type":"Feature","geometry":{"type":"Point","coordinates":[6.973343,50.935046]},"properties":{"h":16.0,"k":6.0,"s":40.0,"n":"Bergahorn"}},{"type":"Feature","geometry":{"type":"Point","coordinates":[6.973365,50.935141]},"properties":{"h":10.0,"k":4.0,"s":25.0,"n":"Bergahorn"}},{"type":"Feature","geometry":{"type":"Point","coordinates":[6.973427,50.9354]},"properties":{"h":14.0,"k":8.0,"s":45.0,"n":"Bergahorn"}},{"type":"Feature","geometry":{"type":"Point","coordinates":[6.973115,50.935244]},"properties":{"h":11.0,"k":4.0,"s":30.0,"n":"Bergahorn"}},{"type":"Feature","geometry":{"type":"Point","coordinates":[6.97296,50.934068]},"properties":{"h":14.0,"k":6.0,"s":25.0,"n":"Bergahorn"}},{"type":"Feature","geometry":{"type":"Point","coordinates":[6.973015,50.934248]},"properties":{"h":17.0,"k":6.0,"s":40.0,"n":"Bergahorn"}},{"type":"Feature","geometry":{"type":"Point","coordinates":[6.973058,50.934054]},"properties":{"h":15.0,"k":6.0,"s":30.0,"n":"Bergahorn"}},{"type":"Feature","geometry":{"type":"Point","coordinates":[6.972995,50.934141]},"properties":{"h":15.0,"k":10.0,"s":40.0,"n":"Bergahorn"}},{"type":"Feature","geometry":{"type":"Point","coordinates":[6.975459,50.933784]},"properties":{"h":10.0,"k":3.0,"s":20.0,"n":"Hainbuche, Weißbuche"}},{"type":"Feature","geometry":{"type":"Point","coordinates":[6.974521,50.933522]},"properties":{"h":8.0,"k":3.0,"s":15.0,"n":"Hainbuche, Weißbuche"}},{"type":"Feature","geometry":{"type":"Point","coordinates":[6.974952,50.93365]},"properties":{"h":8.0,"k":3.0,"s":20.0,"n":"Hainbuche, Weißbuche"}},{"type":"Feature","geometry":{"type":"Point","coordinates":[6.976015,50.934275]},"properties":{"h":8.0,"k":6.0,"s":25.0,"n":"Spitzahorn"}},{"type":"Feature","geometry":{"type":"Point","coordinates":[6.97592,50.934558]},"properties":{"h":8.0,"k":3.0,"s":10.0,"n":"Hainbuche, Weißbuche"}},{"type":"Feature","geometry":{"type":"Point","coordinates":[6.974665,50.933018]},"properties":{"h":8.0,"k":4.0,"s":30.0,"n":"Spitzahorn"}},{"type":"Feature","geometry":{"type":"Point","coordinates":[6.975635,50.935242]},"properties":{"h":7.0,"k":4.0,"s":20.0,"n":"Hainbuche, Weißbuche"}},{"type":"Feature","geometry":{"type":"Point","coordinates":[6.973416,50.93531]},"properties":{"h":10.0,"k":6.0,"s":25.0,"n":"Bergahorn"}},{"type":"Feature","geometry":{"type":"Point","coordinates":[6.974507,50.93565]},"properties":{"h":7.0,"k":4.0,"s":15.0,"n":"Götterbaum"}},{"type":"Feature","geometry":{"type":"Point","coordinates":[6.97815,50.937471]},"properties":{"h":6.0,"k":2.0,"s":10.0,"n":"Spitzahorn"}},{"type":"Feature","geometry":{"type":"Point","coordinates":[6.978153,50.937572]},"properties":{"h":8.0,"k":4.0,"s":25.0,"n":"Spitzahorn"}},{"type":"Feature","geometry":{"type":"Point","coordinates":[6.978162,50.937659]},"properties":{"h":6.0,"k":4.0,"s":15.0,"n":"Spitzahorn"}},{"type":"Feature","geometry":{"type":"Point","coordinates":[6.978167,50.937769]},"properties":{"h":8.0,"k":5.0,"s":30.0,"n":"Spitzahorn"}},{"type":"Feature","geometry":{"type":"Point","coordinates":[6.975196,50.93224]},"properties":{"h":7.0,"k":3.0,"s":20.0,"n":"Linde"}},{"type":"Feature","geometry":{"type":"Point","coordinates":[6.975583,50.932417]},"properties":{"h":16.0,"k":6.0,"s":40.0,"n":"Linde"}},{"type":"Feature","geometry":{"type":"Point","coordinates":[6.975724,50.932476]},"properties":{"h":12.0,"k":6.0,"s":40.0,"n":"Linde"}},{"type":"Feature","geometry":{"type":"Point","coordinates":[6.97572,50.932168]},"properties":{"h":16.0,"k":8.0,"s":60.0,"n":"Linde"}},{"type":"Feature","geometry":{"type":"Point","coordinates":[6.975848,50.932208]},"properties":{"h":12.0,"k":5.0,"s":50.0,"n":"Linde"}},{"type":"Feature","geometry":{"type":"Point","coordinates":[6.975399,50.932334]},"properties":{"h":8.0,"k":4.0,"s":25.0,"n":"Linde"}},{"type":"Feature","geometry":{"type":"Point","coordinates":[6.974909,50.932114]},"properties":{"h":12.0,"k":6.0,"s":40.0,"n":"Linde"}},{"type":"Feature","geometry":{"type":"Point","coordinates":[6.975514,50.93238]},"properties":{"h":8.0,"k":4.0,"s":20.0,"n":"Linde"}},{"type":"Feature","geometry":{"type":"Point","coordinates":[6.975011,50.932168]},"properties":{"h":12.0,"k":8.0,"s":50.0,"n":"Linde"}},{"type":"Feature","geometry":{"type":"Point","coordinates":[6.977699,50.934609]},"properties":{"h":14.0,"k":10.0,"s":50.0,"n":"Linde"}},{"type":"Feature","geometry":{"type":"Point","coordinates":[6.977893,50.935608]},"properties":{"h":14.0,"k":6.0,"s":35.0,"n":"Linde"}},{"type":"Feature","geometry":{"type":"Point","coordinates":[6.977576,50.93419]},"properties":{"h":6.0,"k":3.0,"s":20.0,"n":"Linde"}},{"type":"Feature","geometry":{"type":"Point","coordinates":[6.977215,50.933501]},"properties":{"h":10.0,"k":6.0,"s":30.0,"n":"Linde"}},{"type":"Feature","geometry":{"type":"Point","coordinates":[6.97739,50.9338]},"properties":{"h":8.0,"k":6.0,"s":30.0,"n":"Linde"}},{"type":"Feature","geometry":{"type":"Point","coordinates":[6.977111,50.933773]},"properties":{"h":12.0,"k":8.0,"s":40.0,"n":"Linde"}},{"type":"Feature","geometry":{"type":"Point","coordinates":[6.977963,50.936075]},"properties":{"h":14.0,"k":10.0,"s":45.0,"n":"Linde"}},{"type":"Feature","geometry":{"type":"Point","coordinates":[6.977178,50.933438]},"properties":{"h":7.0,"k":5.0,"s":25.0,"n":"Linde"}},{"type":"Feature","geometry":{"type":"Point","coordinates":[6.977553,50.935003]},"properties":{"h":12.0,"k":10.0,"s":40.0,"n":"Linde"}},{"type":"Feature","geometry":{"type":"Point","coordinates":[6.977158,50.933842]},"properties":{"h":12.0,"k":8.0,"s":40.0,"n":"Linde"}},{"type":"Feature","geometry":{"type":"Point","coordinates":[6.977385,50.934352]},"properties":{"h":10.0,"k":6.0,"s":35.0,"n":"Linde"}},{"type":"Feature","geometry":{"type":"Point","coordinates":[6.977122,50.933371]},"properties":{"h":10.0,"k":8.0,"s":35.0,"n":"Linde"}},{"type":"Feature","geometry":{"type":"Point","coordinates":[6.977723,50.936066]},"properties":{"h":13.0,"k":6.0,"s":35.0,"n":"Linde"}},{"type":"Feature","geometry":{"type":"Point","coordinates":[6.977325,50.934167]},"properties":{"h":12.0,"k":8.0,"s":35.0,"n":"Linde"}},{"type":"Feature","geometry":{"type":"Point","coordinates":[6.97755,50.934127]},"properties":{"h":8.0,"k":5.0,"s":30.0,"n":"Linde"}},{"type":"Feature","geometry":{"type":"Point","coordinates":[6.97736,50.934251]},"properties":{"h":15.0,"k":8.0,"s":40.0,"n":"Linde"}},{"type":"Feature","geometry":{"type":"Point","coordinates":[6.977512,50.934034]},"properties":{"h":17.0,"k":6.0,"s":50.0,"n":"Linde"}},{"type":"Feature","geometry":{"type":"Point","coordinates":[6.977467,50.933953]},"properties":{"h":14.0,"k":8.0,"s":40.0,"n":"Linde"}},{"type":"Feature","geometry":{"type":"Point","coordinates":[6.97743,50.933874]},"properties":{"h":17.0,"k":8.0,"s":55.0,"n":"Linde"}},{"type":"Feature","geometry":{"type":"Point","coordinates":[6.9772,50.933901]},"properties":{"h":12.0,"k":8.0,"s":40.0,"n":"Linde"}},{"type":"Feature","geometry":{"type":"Point","coordinates":[6.977079,50.933304]},"properties":{"h":15.0,"k":6.0,"s":30.0,"n":"Linde"}},{"type":"Feature","geometry":{"type":"Point","coordinates":[6.977536,50.934911]},"properties":{"h":12.0,"k":8.0,"s":40.0,"n":"Linde"}},{"type":"Feature","geometry":{"type":"Point","coordinates":[6.977412,50.934444]},"properties":{"h":16.0,"k":12.0,"s":60.0,"n":"Linde"}},{"type":"Feature","geometry":{"type":"Point","coordinates":[6.97764,50.934405]},"properties":{"h":7.0,"k":4.0,"s":30.0,"n":"Linde"}},{"type":"Feature","geometry":{"type":"Point","coordinates":[6.977469,50.934677]},"properties":{"h":9.0,"k":4.0,"s":35.0,"n":"Linde"}},{"type":"Feature","geometry":{"type":"Point","coordinates":[6.97751,50.934815]},"properties":{"h":16.0,"k":6.0,"s":55.0,"n":"Linde"}},{"type":"Feature","geometry":{"type":"Point","coordinates":[6.977463,50.934618]},"properties":{"h":14.0,"k":6.0,"s":35.0,"n":"Linde"}},{"type":"Feature","geometry":{"type":"Point","coordinates":[6.977722,50.936]},"properties":{"h":16.0,"k":8.0,"s":40.0,"n":"Linde"}},{"type":"Feature","geometry":{"type":"Point","coordinates":[6.977707,50.93591]},"properties":{"h":18.0,"k":6.0,"s":35.0,"n":"Linde"}},{"type":"Feature","geometry":{"type":"Point","coordinates":[6.977885,50.935505]},"properties":{"h":16.0,"k":10.0,"s":55.0,"n":"Linde"}},{"type":"Feature","geometry":{"type":"Point","coordinates":[6.977879,50.93543]},"properties":{"h":8.0,"k":6.0,"s":30.0,"n":"Linde"}},{"type":"Feature","geometry":{"type":"Point","coordinates":[6.977908,50.935711]},"properties":{"h":14.0,"k":6.0,"s":40.0,"n":"Linde"}},{"type":"Feature","geometry":{"type":"Point","coordinates":[6.97792,50.9358]},"properties":{"h":10.0,"k":6.0,"s":35.0,"n":"Linde"}},{"type":"Feature","geometry":{"type":"Point","coordinates":[6.977949,50.935992]},"properties":{"h":12.0,"k":8.0,"s":40.0,"n":"Linde"}},{"type":"Feature","geometry":{"type":"Point","coordinates":[6.977935,50.935901]},"properties":{"h":10.0,"k":6.0,"s":30.0,"n":"Linde"}},{"type":"Feature","geometry":{"type":"Point","coordinates":[6.977673,50.935711]},"properties":{"h":14.0,"k":8.0,"s":30.0,"n":"Linde"}},{"type":"Feature","geometry":{"type":"Point","coordinates":[6.977694,50.935818]},"properties":{"h":15.0,"k":8.0,"s":50.0,"n":"Linde"}},{"type":"Feature","geometry":{"type":"Point","coordinates":[6.977641,50.935523]},"properties":{"h":16.0,"k":6.0,"s":35.0,"n":"Linde"}},{"type":"Feature","geometry":{"type":"Point","coordinates":[6.977638,50.935446]},"properties":{"h":10.0,"k":6.0,"s":30.0,"n":"Linde"}},{"type":"Feature","geometry":{"type":"Point","coordinates":[6.977592,50.935193]},"properties":{"h":7.0,"k":3.0,"s":10.0,"n":"Amerikanische Stadt-Linde"}},{"type":"Feature","geometry":{"type":"Point","coordinates":[6.977827,50.935175]},"properties":{"h":14.0,"k":8.0,"s":40.0,"n":"Linde"}},{"type":"Feature","geometry":{"type":"Point","coordinates":[6.977839,50.935255]},"properties":{"h":12.0,"k":8.0,"s":50.0,"n":"Linde"}},{"type":"Feature","geometry":{"type":"Point","coordinates":[6.977575,50.935093]},"properties":{"h":13.0,"k":6.0,"s":30.0,"n":"Linde"}},{"type":"Feature","geometry":{"type":"Point","coordinates":[6.977806,50.935083]},"properties":{"h":10.0,"k":6.0,"s":25.0,"n":"Linde"}},{"type":"Feature","geometry":{"type":"Point","coordinates":[6.977772,50.934884]},"properties":{"h":12.0,"k":5.0,"s":40.0,"n":"Linde"}},{"type":"Feature","geometry":{"type":"Point","coordinates":[6.977788,50.934992]},"properties":{"h":12.0,"k":6.0,"s":30.0,"n":"Linde"}},{"type":"Feature","geometry":{"type":"Point","coordinates":[6.977725,50.934702]},"properties":{"h":10.0,"k":6.0,"s":35.0,"n":"Linde"}},{"type":"Feature","geometry":{"type":"Point","coordinates":[6.97775,50.934793]},"properties":{"h":16.0,"k":8.0,"s":40.0,"n":"Linde"}},{"type":"Feature","geometry":{"type":"Point","coordinates":[6.978014,50.936482]},"properties":{"h":8.0,"k":8.0,"s":30.0,"n":"Linde"}},{"type":"Feature","geometry":{"type":"Point","coordinates":[6.977689,50.93678]},"properties":{"h":14.0,"k":8.0,"s":40.0,"n":"Linde"}},{"type":"Feature","geometry":{"type":"Point","coordinates":[6.977722,50.936678]},"properties":{"h":10.0,"k":8.0,"s":30.0,"n":"Linde"}},{"type":"Feature","geometry":{"type":"Point","coordinates":[6.977747,50.936466]},"properties":{"h":16.0,"k":8.0,"s":50.0,"n":"Linde"}},{"type":"Feature","geometry":{"type":"Point","coordinates":[6.977973,50.93616]},"properties":{"h":10.0,"k":4.0,"s":25.0,"n":"Linde"}},{"type":"Feature","geometry":{"type":"Point","coordinates":[6.978028,50.93658]},"properties":{"h":11.0,"k":8.0,"s":35.0,"n":"Linde"}},{"type":"Feature","geometry":{"type":"Point","coordinates":[6.977735,50.936572]},"properties":{"h":12.0,"k":6.0,"s":30.0,"n":"Linde"}},{"type":"Feature","geometry":{"type":"Point","coordinates":[6.97776,50.936305]},"properties":{"h":16.0,"k":8.0,"s":40.0,"n":"Linde"}},{"type":"Feature","geometry":{"type":"Point","coordinates":[6.97775,50.936232]},"properties":{"h":7.0,"k":3.0,"s":10.0,"n":"Amerikanische Stadt-Linde"}},{"type":"Feature","geometry":{"type":"Point","coordinates":[6.978157,50.936464]},"properties":{"h":10.0,"k":8.0,"s":25.0,"n":"Winterlinde"}},{"type":"Feature","geometry":{"type":"Point","coordinates":[6.977668,50.935624]},"properties":{"h":8.0,"k":6.0,"s":35.0,"n":"Linde"}},{"type":"Feature","geometry":{"type":"Point","coordinates":[6.975542,50.932032]},"properties":{"h":10.0,"k":6.0,"s":25.0,"n":"Ahorn"}},{"type":"Feature","geometry":{"type":"Point","coordinates":[6.984659,50.946022]},"properties":{"h":20.0,"k":14.0,"s":100.0,"n":"Platane"}},{"type":"Feature","geometry":{"type":"Point","coordinates":[6.9845,50.945885]},"properties":{"h":10.0,"k":10.0,"s":45.0,"n":"Kirsche"}},{"type":"Feature","geometry":{"type":"Point","coordinates":[6.980172,50.940859]},"properties":{"h":20.0,"k":14.0,"s":100.0,"n":"Platane"}},{"type":"Feature","geometry":{"type":"Point","coordinates":[6.980265,50.940972]},"properties":{"h":20.0,"k":14.0,"s":100.0,"n":"Platane"}},{"type":"Feature","geometry":{"type":"Point","coordinates":[6.980415,50.941892]},"properties":{"h":20.0,"k":14.0,"s":110.0,"n":"Platane"}},{"type":"Feature","geometry":{"type":"Point","coordinates":[6.980503,50.942002]},"properties":{"h":20.0,"k":12.0,"s":110.0,"n":"Platane"}},{"type":"Feature","geometry":{"type":"Point","coordinates":[6.980596,50.942114]},"properties":{"h":20.0,"k":10.0,"s":100.0,"n":"Platane"}},{"type":"Feature","geometry":{"type":"Point","coordinates":[6.980687,50.942229]},"properties":{"h":20.0,"k":10.0,"s":110.0,"n":"Platane"}},{"type":"Feature","geometry":{"type":"Point","coordinates":[6.981711,50.943477]},"properties":{"h":14.0,"k":6.0,"s":50.0,"n":"Platane"}},{"type":"Feature","geometry":{"type":"Point","coordinates":[6.981827,50.9436]},"properties":{"h":16.0,"k":8.0,"s":50.0,"n":"Platane"}},{"type":"Feature","geometry":{"type":"Point","coordinates":[6.982715,50.944748]},"properties":{"h":9.0,"k":6.0,"s":20.0,"n":"Hainbuche, Weißbuche"}},{"type":"Feature","geometry":{"type":"Point","coordinates":[6.982892,50.944774]},"properties":{"h":20.0,"k":14.0,"s":120.0,"n":"Platane"}},{"type":"Feature","geometry":{"type":"Point","coordinates":[6.98279,50.944835]},"properties":{"h":9.0,"k":3.0,"s":15.0,"n":"Hainbuche, Weißbuche"}},{"type":"Feature","geometry":{"type":"Point","coordinates":[6.982829,50.944868]},"properties":{"h":9.0,"k":3.0,"s":15.0,"n":"Hainbuche, Weißbuche"}},{"type":"Feature","geometry":{"type":"Point","coordinates":[6.982996,50.944876]},"properties":{"h":20.0,"k":10.0,"s":100.0,"n":"Platane"}},{"type":"Feature","geometry":{"type":"Point","coordinates":[6.980322,50.941779]},"properties":{"h":20.0,"k":14.0,"s":100.0,"n":"Platane"}},{"type":"Feature","geometry":{"type":"Point","coordinates":[6.984028,50.944931]},"properties":{"h":18.0,"k":16.0,"s":100.0,"n":"Platane"}},{"type":"Feature","geometry":{"type":"Point","coordinates":[6.983854,50.94512]},"properties":{"h":6.0,"k":5.0,"s":40.0,"n":"Hainbuche, Weißbuche"}},{"type":"Feature","geometry":{"type":"Point","coordinates":[6.983962,50.945201]},"properties":{"h":22.0,"k":10.0,"s":100.0,"n":"Kanadische Holz-Pappel"}},{"type":"Feature","geometry":{"type":"Point","coordinates":[6.984007,50.945346]},"properties":{"h":20.0,"k":10.0,"s":80.0,"n":"Kanadische Holz-Pappel"}},{"type":"Feature","geometry":{"type":"Point","coordinates":[6.984177,50.94555]},"properties":{"h":25.0,"k":8.0,"s":100.0,"n":"Kanadische Holz-Pappel"}},{"type":"Feature","geometry":{"type":"Point","coordinates":[6.984412,50.945871]},"properties":{"h":9.0,"k":5.0,"s":30.0,"n":"Kirsche"}},{"type":"Feature","geometry":{"type":"Point","coordinates":[6.985855,50.945438]},"properties":{"h":12.0,"k":8.0,"s":40.0,"n":"Schwarzkiefer"}},{"type":"Feature","geometry":{"type":"Point","coordinates":[6.98635,50.945455]},"properties":{"h":16.0,"k":10.0,"s":50.0,"n":"Spitzahorn"}},{"type":"Feature","geometry":{"type":"Point","coordinates":[6.985929,50.945607]},"properties":{"h":6.0,"k":4.0,"s":35.0,"n":"Schwarzkiefer"}},{"type":"Feature","geometry":{"type":"Point","coordinates":[6.98596,50.945614]},"properties":{"h":6.0,"k":4.0,"s":30.0,"n":"Schwarzkiefer"}},{"type":"Feature","geometry":{"type":"Point","coordinates":[6.986446,50.945439]},"properties":{"h":12.0,"k":8.0,"s":40.0,"n":"Sommer-Eiche, Stieleiche"}},{"type":"Feature","geometry":{"type":"Point","coordinates":[6.984812,50.945858]},"properties":{"h":18.0,"k":10.0,"s":100.0,"n":"Platane"}},{"type":"Feature","geometry":{"type":"Point","coordinates":[6.984789,50.946175]},"properties":{"h":15.0,"k":6.0,"s":45.0,"n":"Sandbirke"}},{"type":"Feature","geometry":{"type":"Point","coordinates":[6.984843,50.946117]},"properties":{"h":16.0,"k":8.0,"s":40.0,"n":"Bergahorn"}},{"type":"Feature","geometry":{"type":"Point","coordinates":[6.984864,50.946056]},"properties":{"h":16.0,"k":8.0,"s":50.0,"n":"Bergahorn"}},{"type":"Feature","geometry":{"type":"Point","coordinates":[6.984956,50.946066]},"properties":{"h":10.0,"k":6.0,"s":25.0,"n":"Bergahorn"}},{"type":"Feature","geometry":{"type":"Point","coordinates":[6.984947,50.946007]},"properties":{"h":16.0,"k":8.0,"s":50.0,"n":"Bergahorn"}},{"type":"Feature","geometry":{"type":"Point","coordinates":[6.984759,50.946274]},"properties":{"h":17.0,"k":5.0,"s":40.0,"n":"Sandbirke"}},{"type":"Feature","geometry":{"type":"Point","coordinates":[6.984958,50.946347]},"properties":{"h":8.0,"k":4.0,"s":20.0,"n":"Hainbuche, Weißbuche"}},{"type":"Feature","geometry":{"type":"Point","coordinates":[6.985941,50.945644]},"properties":{"h":6.0,"k":4.0,"s":30.0,"n":"Schwarzkiefer"}},{"type":"Feature","geometry":{"type":"Point","coordinates":[6.986558,50.945847]},"properties":{"h":18.0,"k":20.0,"s":120.0,"n":"Platane"}},{"type":"Feature","geometry":{"type":"Point","coordinates":[6.985024,50.946426]},"properties":{"h":7.0,"k":3.0,"s":10.0,"n":"Hainbuche, Weißbuche"}},{"type":"Feature","geometry":{"type":"Point","coordinates":[6.985099,50.946506]},"properties":{"h":8.0,"k":4.0,"s":20.0,"n":"Hainbuche, Weißbuche"}},{"type":"Feature","geometry":{"type":"Point","coordinates":[6.985238,50.946675]},"properties":{"h":7.0,"k":2.0,"s":5.0,"n":"Hainbuche, Weißbuche"}},{"type":"Feature","geometry":{"type":"Point","coordinates":[6.985569,50.946666]},"properties":{"h":8.0,"k":4.0,"s":20.0,"n":"Bergahorn"}},{"type":"Feature","geometry":{"type":"Point","coordinates":[6.985285,50.946736]},"properties":{"h":10.0,"k":10.0,"s":40.0,"n":"Hainbuche, Weißbuche"}},{"type":"Feature","geometry":{"type":"Point","coordinates":[6.985541,50.94676]},"properties":{"h":12.0,"k":8.0,"s":45.0,"n":"Bergahorn"}},{"type":"Feature","geometry":{"type":"Point","coordinates":[6.98543,50.946847]},"properties":{"h":14.0,"k":8.0,"s":55.0,"n":"Bergahorn"}},{"type":"Feature","geometry":{"type":"Point","coordinates":[6.987281,50.946537]},"properties":{"h":18.0,"k":12.0,"s":100.0,"n":"Platane"}},{"type":"Feature","geometry":{"type":"Point","coordinates":[6.986325,50.947286]},"properties":{"h":7.0,"k":4.0,"s":20.0,"n":"Spitzahorn"}},{"type":"Feature","geometry":{"type":"Point","coordinates":[6.985977,50.947422]},"properties":{"h":8.0,"k":4.0,"s":15.0,"n":"Spitzahorn"}},{"type":"Feature","geometry":{"type":"Point","coordinates":[6.983356,50.945095]},"properties":{"h":8.0,"k":5.0,"s":30.0,"n":"Baumhasel"}},{"type":"Feature","geometry":{"type":"Point","coordinates":[6.983546,50.945184]},"properties":{"h":10.0,"k":6.0,"s":40.0,"n":"Roßkastanie"}},{"type":"Feature","geometry":{"type":"Point","coordinates":[6.983427,50.945171]},"properties":{"h":8.0,"k":5.0,"s":25.0,"n":"Baumhasel"}},{"type":"Feature","geometry":{"type":"Point","coordinates":[6.983619,50.945268]},"properties":{"h":12.0,"k":6.0,"s":45.0,"n":"Roßkastanie"}},{"type":"Feature","geometry":{"type":"Point","coordinates":[6.983493,50.945256]},"properties":{"h":7.0,"k":3.0,"s":15.0,"n":"Sandbirke"}},{"type":"Feature","geometry":{"type":"Point","coordinates":[6.983783,50.94546]},"properties":{"h":10.0,"k":6.0,"s":40.0,"n":"Roßkastanie"}},{"type":"Feature","geometry":{"type":"Point","coordinates":[6.983842,50.945525]},"properties":{"h":8.0,"k":4.0,"s":45.0,"n":"Roßkastanie"}},{"type":"Feature","geometry":{"type":"Point","coordinates":[6.984377,50.946152]},"properties":{"h":14.0,"k":6.0,"s":50.0,"n":"Roßkastanie"}},{"type":"Feature","geometry":{"type":"Point","coordinates":[6.984466,50.946257]},"properties":{"h":14.0,"k":8.0,"s":60.0,"n":"Roßkastanie"}},{"type":"Feature","geometry":{"type":"Point","coordinates":[6.984555,50.946361]},"properties":{"h":10.0,"k":6.0,"s":35.0,"n":"Aesculus flava"}},{"type":"Feature","geometry":{"type":"Point","coordinates":[6.984611,50.946426]},"properties":{"h":12.0,"k":6.0,"s":40.0,"n":"Roßkastanie"}},{"type":"Feature","geometry":{"type":"Point","coordinates":[6.980755,50.942333]},"properties":{"h":10.0,"k":6.0,"s":40.0,"n":"Platane"}},{"type":"Feature","geometry":{"type":"Point","coordinates":[6.980832,50.942438]},"properties":{"h":10.0,"k":6.0,"s":35.0,"n":"Platane"}},{"type":"Feature","geometry":{"type":"Point","coordinates":[6.980903,50.942538]},"properties":{"h":12.0,"k":6.0,"s":35.0,"n":"Platane"}},{"type":"Feature","geometry":{"type":"Point","coordinates":[6.980971,50.942625]},"properties":{"h":12.0,"k":6.0,"s":40.0,"n":"Platane"}},{"type":"Feature","geometry":{"type":"Point","coordinates":[6.981057,50.942735]},"properties":{"h":12.0,"k":8.0,"s":45.0,"n":"Platane"}},{"type":"Feature","geometry":{"type":"Point","coordinates":[6.983982,50.945689]},"properties":{"h":7.0,"k":3.0,"s":15.0,"n":"Spitzahorn"}},{"type":"Feature","geometry":{"type":"Point","coordinates":[6.984812,50.946387]},"properties":{"h":7.0,"k":3.0,"s":25.0,"n":"Roßkastanie"}},{"type":"Feature","geometry":{"type":"Point","coordinates":[6.984934,50.946528]},"properties":{"h":7.0,"k":4.0,"s":20.0,"n":"Roßkastanie"}},{"type":"Feature","geometry":{"type":"Point","coordinates":[6.985037,50.946647]},"properties":{"h":9.0,"k":5.0,"s":35.0,"n":"Roßkastanie"}},{"type":"Feature","geometry":{"type":"Point","coordinates":[6.985142,50.946768]},"properties":{"h":8.0,"k":4.0,"s":15.0,"n":"Roßkastanie"}},{"type":"Feature","geometry":{"type":"Point","coordinates":[6.98525,50.946893]},"properties":{"h":8.0,"k":4.0,"s":15.0,"n":"Roßkastanie"}},{"type":"Feature","geometry":{"type":"Point","coordinates":[6.98486,50.945035]},"properties":{"h":8.0,"k":3.0,"s":15.0,"n":"Hainbuche, Weißbuche"}},{"type":"Feature","geometry":{"type":"Point","coordinates":[6.984914,50.945085]},"properties":{"h":8.0,"k":3.0,"s":15.0,"n":"Hainbuche, Weißbuche"}},{"type":"Feature","geometry":{"type":"Point","coordinates":[6.98496,50.945132]},"properties":{"h":8.0,"k":3.0,"s":15.0,"n":"Hainbuche, Weißbuche"}},{"type":"Feature","geometry":{"type":"Point","coordinates":[6.985017,50.945185]},"properties":{"h":8.0,"k":3.0,"s":15.0,"n":"Hainbuche, Weißbuche"}},{"type":"Feature","geometry":{"type":"Point","coordinates":[6.98508,50.945239]},"properties":{"h":8.0,"k":3.0,"s":15.0,"n":"Hainbuche, Weißbuche"}},{"type":"Feature","geometry":{"type":"Point","coordinates":[6.985141,50.945302]},"properties":{"h":8.0,"k":3.0,"s":15.0,"n":"Hainbuche, Weißbuche"}},{"type":"Feature","geometry":{"type":"Point","coordinates":[6.985196,50.945353]},"properties":{"h":8.0,"k":3.0,"s":15.0,"n":"Hainbuche, Weißbuche"}},{"type":"Feature","geometry":{"type":"Point","coordinates":[6.985255,50.945407]},"properties":{"h":8.0,"k":3.0,"s":15.0,"n":"Hainbuche, Weißbuche"}},{"type":"Feature","geometry":{"type":"Point","coordinates":[6.985317,50.945468]},"properties":{"h":8.0,"k":3.0,"s":15.0,"n":"Hainbuche, Weißbuche"}},{"type":"Feature","geometry":{"type":"Point","coordinates":[6.985365,50.945522]},"properties":{"h":8.0,"k":3.0,"s":15.0,"n":"Hainbuche, Weißbuche"}},{"type":"Feature","geometry":{"type":"Point","coordinates":[6.985441,50.945581]},"properties":{"h":8.0,"k":3.0,"s":15.0,"n":"Hainbuche, Weißbuche"}},{"type":"Feature","geometry":{"type":"Point","coordinates":[6.985498,50.945638]},"properties":{"h":8.0,"k":3.0,"s":15.0,"n":"Hainbuche, Weißbuche"}},{"type":"Feature","geometry":{"type":"Point","coordinates":[6.985208,50.945214]},"properties":{"h":8.0,"k":6.0,"s":30.0,"n":"Mehlbeere"}},{"type":"Feature","geometry":{"type":"Point","coordinates":[6.985801,50.945897]},"properties":{"h":10.0,"k":8.0,"s":40.0,"n":"Hainbuche, Weißbuche"}},{"type":"Feature","geometry":{"type":"Point","coordinates":[6.985736,50.945853]},"properties":{"h":12.0,"k":6.0,"s":35.0,"n":"Gleditsie, Lederhülsenbaum"}},{"type":"Feature","geometry":{"type":"Point","coordinates":[6.985701,50.945803]},"properties":{"h":6.0,"k":3.0,"s":15.0,"n":"Mehlbeere"}},{"type":"Feature","geometry":{"type":"Point","coordinates":[6.985701,50.945746]},"properties":{"h":4.0,"k":3.0,"s":15.0,"n":"Mehlbeere"}},{"type":"Feature","geometry":{"type":"Point","coordinates":[6.985967,50.945808]},"properties":{"h":6.0,"k":4.0,"s":30.0,"n":"Schwarzkiefer"}},{"type":"Feature","geometry":{"type":"Point","coordinates":[6.985994,50.945881]},"properties":{"h":9.0,"k":5.0,"s":40.0,"n":"Schwarzkiefer"}},{"type":"Feature","geometry":{"type":"Point","coordinates":[6.985967,50.945805]},"properties":{"h":6.0,"k":4.0,"s":30.0,"n":"Schwarzkiefer"}},{"type":"Feature","geometry":{"type":"Point","coordinates":[6.985769,50.945261]},"properties":{"h":18.0,"k":10.0,"s":55.0,"n":"Rot-Buche"}},{"type":"Feature","geometry":{"type":"Point","coordinates":[6.985674,50.945188]},"properties":{"h":9.0,"k":6.0,"s":35.0,"n":"Hainbuche, Weißbuche"}},{"type":"Feature","geometry":{"type":"Point","coordinates":[6.98582,50.945205]},"properties":{"h":14.0,"k":10.0,"s":50.0,"n":"Rot-Buche"}},{"type":"Feature","geometry":{"type":"Point","coordinates":[6.985965,50.94523]},"properties":{"h":8.0,"k":15.0,"s":50.0,"n":"Amerikanische Rot-Eiche"}},{"type":"Feature","geometry":{"type":"Point","coordinates":[6.986227,50.945307]},"properties":{"h":6.0,"k":3.0,"s":25.0,"n":"Eiche"}},{"type":"Feature","geometry":{"type":"Point","coordinates":[6.986086,50.94628]},"properties":{"h":9.0,"k":3.0,"s":20.0,"n":"Hainbuche, Weißbuche"}},{"type":"Feature","geometry":{"type":"Point","coordinates":[6.986147,50.946334]},"properties":{"h":9.0,"k":3.0,"s":20.0,"n":"Hainbuche, Weißbuche"}},{"type":"Feature","geometry":{"type":"Point","coordinates":[6.986224,50.946378]},"properties":{"h":9.0,"k":3.0,"s":20.0,"n":"Hainbuche, Weißbuche"}},{"type":"Feature","geometry":{"type":"Point","coordinates":[6.986659,50.946725]},"properties":{"h":8.0,"k":3.0,"s":20.0,"n":"Hainbuche, Weißbuche"}},{"type":"Feature","geometry":{"type":"Point","coordinates":[6.986717,50.946771]},"properties":{"h":8.0,"k":3.0,"s":20.0,"n":"Hainbuche, Weißbuche"}},{"type":"Feature","geometry":{"type":"Point","coordinates":[6.986779,50.946823]},"properties":{"h":8.0,"k":3.0,"s":20.0,"n":"Hainbuche, Weißbuche"}},{"type":"Feature","geometry":{"type":"Point","coordinates":[6.986834,50.946874]},"properties":{"h":8.0,"k":3.0,"s":20.0,"n":"Hainbuche, Weißbuche"}},{"type":"Feature","geometry":{"type":"Point","coordinates":[6.986904,50.946922]},"properties":{"h":8.0,"k":3.0,"s":20.0,"n":"Hainbuche, Weißbuche"}},{"type":"Feature","geometry":{"type":"Point","coordinates":[6.983936,50.944967]},"properties":{"h":18.0,"k":16.0,"s":100.0,"n":"Platane"}},{"type":"Feature","geometry":{"type":"Point","coordinates":[6.984879,50.94625]},"properties":{"h":16.0,"k":8.0,"s":40.0,"n":"Bergahorn"}},{"type":"Feature","geometry":{"type":"Point","coordinates":[6.986972,50.943527]},"properties":{"h":9.0,"k":3.0,"s":30.0,"n":"Bergahorn"}},{"type":"Feature","geometry":{"type":"Point","coordinates":[6.987308,50.943611]},"properties":{"h":16.0,"k":10.0,"s":70.0,"n":"Platane"}},{"type":"Feature","geometry":{"type":"Point","coordinates":[6.9874,50.943647]},"properties":{"h":8.0,"k":3.0,"s":30.0,"n":"Hainbuche, Weißbuche"}},{"type":"Feature","geometry":{"type":"Point","coordinates":[6.987402,50.94363]},"properties":{"h":10.0,"k":3.0,"s":35.0,"n":"Hainbuche, Weißbuche"}},{"type":"Feature","geometry":{"type":"Point","coordinates":[6.986662,50.943436]},"properties":{"h":8.0,"k":5.0,"s":35.0,"n":"Bergahorn"}},{"type":"Feature","geometry":{"type":"Point","coordinates":[6.98632,50.943354]},"properties":{"h":8.0,"k":4.0,"s":20.0,"n":"Bergahorn"}},{"type":"Feature","geometry":{"type":"Point","coordinates":[6.985975,50.943279]},"properties":{"h":10.0,"k":7.0,"s":50.0,"n":"Bergahorn"}},{"type":"Feature","geometry":{"type":"Point","coordinates":[6.984086,50.943721]},"properties":{"h":8.0,"k":6.0,"s":40.0,"n":"Bergahorn"}},{"type":"Feature","geometry":{"type":"Point","coordinates":[6.984231,50.943684]},"properties":{"h":8.0,"k":8.0,"s":40.0,"n":"Bergahorn"}},{"type":"Feature","geometry":{"type":"Point","coordinates":[6.984317,50.943661]},"properties":{"h":8.0,"k":8.0,"s":40.0,"n":"Bergahorn"}},{"type":"Feature","geometry":{"type":"Point","coordinates":[6.984463,50.943626]},"properties":{"h":10.0,"k":6.0,"s":40.0,"n":"Bergahorn"}},{"type":"Feature","geometry":{"type":"Point","coordinates":[6.985362,50.943416]},"properties":{"h":16.0,"k":6.0,"s":40.0,"n":"Winterlinde"}},{"type":"Feature","geometry":{"type":"Point","coordinates":[6.985279,50.943432]},"properties":{"h":16.0,"k":8.0,"s":40.0,"n":"Winterlinde"}},{"type":"Feature","geometry":{"type":"Point","coordinates":[6.984807,50.943546]},"properties":{"h":16.0,"k":6.0,"s":40.0,"n":"Winterlinde"}},{"type":"Feature","geometry":{"type":"Point","coordinates":[6.984763,50.943559]},"properties":{"h":16.0,"k":6.0,"s":40.0,"n":"Winterlinde"}},{"type":"Feature","geometry":{"type":"Point","coordinates":[6.98468,50.943578]},"properties":{"h":9.0,"k":4.0,"s":20.0,"n":"Winterlinde"}},{"type":"Feature","geometry":{"type":"Point","coordinates":[6.984613,50.943594]},"properties":{"h":6.0,"k":3.0,"s":15.0,"n":"Winterlinde"}},{"type":"Feature","geometry":{"type":"Point","coordinates":[6.985033,50.943369]},"properties":{"h":7.0,"k":5.0,"s":15.0,"n":"Götterbaum"}},{"type":"Feature","geometry":{"type":"Point","coordinates":[6.981957,50.941673]},"properties":{"h":5.0,"k":3.0,"s":10.0,"n":"Blumen-Esch"}},{"type":"Feature","geometry":{"type":"Point","coordinates":[6.982145,50.941612]},"properties":{"h":5.0,"k":3.0,"s":10.0,"n":"Blumen-Esch"}},{"type":"Feature","geometry":{"type":"Point","coordinates":[6.98224,50.941578]},"properties":{"h":5.0,"k":3.0,"s":10.0,"n":"Blumen-Esch"}},{"type":"Feature","geometry":{"type":"Point","coordinates":[6.982457,50.941502]},"properties":{"h":5.0,"k":3.0,"s":10.0,"n":"Blumen-Esch"}},{"type":"Feature","geometry":{"type":"Point","coordinates":[6.982678,50.941682]},"properties":{"h":4.0,"k":2.0,"s":5.0,"n":"Blumen-Esch"}},{"type":"Feature","geometry":{"type":"Point","coordinates":[6.982769,50.941794]},"properties":{"h":4.0,"k":2.0,"s":10.0,"n":"Blumen-Esch"}},{"type":"Feature","geometry":{"type":"Point","coordinates":[6.982863,50.941905]},"properties":{"h":4.0,"k":2.0,"s":10.0,"n":"Blumen-Esch"}},{"type":"Feature","geometry":{"type":"Point","coordinates":[6.98306,50.942134]},"properties":{"h":4.0,"k":2.0,"s":5.0,"n":"Blumen-Esch"}},{"type":"Feature","geometry":{"type":"Point","coordinates":[6.983152,50.942246]},"properties":{"h":4.0,"k":2.0,"s":10.0,"n":"Blumen-Esch"}},{"type":"Feature","geometry":{"type":"Point","coordinates":[6.98325,50.942358]},"properties":{"h":4.0,"k":3.0,"s":10.0,"n":"Blumen-Esch"}},{"type":"Feature","geometry":{"type":"Point","coordinates":[6.983332,50.942458]},"properties":{"h":4.0,"k":2.0,"s":5.0,"n":"Blumen-Esch"}},{"type":"Feature","geometry":{"type":"Point","coordinates":[6.983472,50.94262]},"properties":{"h":5.0,"k":2.0,"s":10.0,"n":"Blumen-Esch"}},{"type":"Feature","geometry":{"type":"Point","coordinates":[6.983604,50.942781]},"properties":{"h":4.0,"k":2.0,"s":10.0,"n":"Blumen-Esch"}},{"type":"Feature","geometry":{"type":"Point","coordinates":[6.98379,50.942985]},"properties":{"h":4.0,"k":3.0,"s":15.0,"n":"Blumen-Esch"}},{"type":"Feature","geometry":{"type":"Point","coordinates":[6.983929,50.94315]},"properties":{"h":4.0,"k":2.0,"s":10.0,"n":"Blumen-Esch"}},{"type":"Feature","geometry":{"type":"Point","coordinates":[6.984066,50.943311]},"properties":{"h":4.0,"k":2.0,"s":10.0,"n":"Blumen-Esch"}},{"type":"Feature","geometry":{"type":"Point","coordinates":[6.984178,50.943445]},"properties":{"h":4.0,"k":2.0,"s":10.0,"n":"Blumen-Esch"}},{"type":"Feature","geometry":{"type":"Point","coordinates":[6.984994,50.94314]},"properties":{"h":6.0,"k":2.0,"s":10.0,"n":"Blumen-Esch"}},{"type":"Feature","geometry":{"type":"Point","coordinates":[6.984912,50.943007]},"properties":{"h":6.0,"k":3.0,"s":15.0,"n":"Blumen-Esch"}},{"type":"Feature","geometry":{"type":"Point","coordinates":[6.98484,50.942882]},"properties":{"h":6.0,"k":2.0,"s":10.0,"n":"Blumen-Esch"}},{"type":"Feature","geometry":{"type":"Point","coordinates":[6.984765,50.942751]},"properties":{"h":6.0,"k":3.0,"s":10.0,"n":"Blumen-Esch"}},{"type":"Feature","geometry":{"type":"Point","coordinates":[6.984692,50.942627]},"properties":{"h":6.0,"k":3.0,"s":10.0,"n":"Blumen-Esch"}},{"type":"Feature","geometry":{"type":"Point","coordinates":[6.984509,50.942166]},"properties":{"h":7.0,"k":3.0,"s":15.0,"n":"Winterlinde"}},{"type":"Feature","geometry":{"type":"Point","coordinates":[6.984346,50.942215]},"properties":{"h":7.0,"k":4.0,"s":15.0,"n":"Winterlinde"}},{"type":"Feature","geometry":{"type":"Point","coordinates":[6.980184,50.936362]},"properties":{"h":17.0,"k":8.0,"s":50.0,"n":"Bergahorn"}},{"type":"Feature","geometry":{"type":"Point","coordinates":[6.980228,50.936363]},"properties":{"h":16.0,"k":4.0,"s":30.0,"n":"Bergahorn"}},{"type":"Feature","geometry":{"type":"Point","coordinates":[6.980687,50.936421]},"properties":{"h":15.0,"k":10.0,"s":65.0,"n":"Silber-Ahorn"}},{"type":"Feature","geometry":{"type":"Point","coordinates":[6.98671,50.936061]},"properties":{"h":10.0,"k":4.0,"s":35.0,"n":"Spitzahorn"}},{"type":"Feature","geometry":{"type":"Point","coordinates":[6.986703,50.935987]},"properties":{"h":10.0,"k":6.0,"s":30.0,"n":"Spitzahorn"}},{"type":"Feature","geometry":{"type":"Point","coordinates":[6.986689,50.935932]},"properties":{"h":10.0,"k":6.0,"s":45.0,"n":"Spitzahorn"}},{"type":"Feature","geometry":{"type":"Point","coordinates":[6.986684,50.935884]},"properties":{"h":12.0,"k":6.0,"s":45.0,"n":"Spitzahorn"}},{"type":"Feature","geometry":{"type":"Point","coordinates":[6.986635,50.935815]},"properties":{"h":8.0,"k":6.0,"s":35.0,"n":"Spitzahorn"}},{"type":"Feature","geometry":{"type":"Point","coordinates":[6.986678,50.935703]},"properties":{"h":10.0,"k":4.0,"s":30.0,"n":"Spitzahorn"}},{"type":"Feature","geometry":{"type":"Point","coordinates":[6.986469,50.936128]},"properties":{"h":12.0,"k":6.0,"s":45.0,"n":"Rotahorn"}},{"type":"Feature","geometry":{"type":"Point","coordinates":[6.986789,50.935411]},"properties":{"h":13.0,"k":8.0,"s":45.0,"n":"Spitzahorn"}},{"type":"Feature","geometry":{"type":"Point","coordinates":[6.98679,50.935325]},"properties":{"h":12.0,"k":6.0,"s":45.0,"n":"Spitzahorn"}},{"type":"Feature","geometry":{"type":"Point","coordinates":[6.98679,50.935191]},"properties":{"h":10.0,"k":6.0,"s":30.0,"n":"Spitzahorn"}},{"type":"Feature","geometry":{"type":"Point","coordinates":[6.986752,50.935014]},"properties":{"h":8.0,"k":6.0,"s":30.0,"n":"Spitzahorn"}},{"type":"Feature","geometry":{"type":"Point","coordinates":[6.986714,50.934825]},"properties":{"h":8.0,"k":5.0,"s":30.0,"n":"Spitzahorn"}},{"type":"Feature","geometry":{"type":"Point","coordinates":[6.986675,50.934644]},"properties":{"h":10.0,"k":4.0,"s":25.0,"n":"Spitzahorn"}},{"type":"Feature","geometry":{"type":"Point","coordinates":[6.986636,50.934464]},"properties":{"h":10.0,"k":6.0,"s":30.0,"n":"Spitzahorn"}},{"type":"Feature","geometry":{"type":"Point","coordinates":[6.986593,50.934291]},"properties":{"h":12.0,"k":6.0,"s":40.0,"n":"Spitzahorn"}},{"type":"Feature","geometry":{"type":"Point","coordinates":[6.986551,50.934083]},"properties":{"h":10.0,"k":4.0,"s":30.0,"n":"Spitzahorn"}},{"type":"Feature","geometry":{"type":"Point","coordinates":[6.986511,50.933908]},"properties":{"h":10.0,"k":6.0,"s":40.0,"n":"Spitzahorn"}},{"type":"Feature","geometry":{"type":"Point","coordinates":[6.986476,50.933791]},"properties":{"h":10.0,"k":6.0,"s":35.0,"n":"Spitzahorn"}},{"type":"Feature","geometry":{"type":"Point","coordinates":[6.986409,50.933526]},"properties":{"h":10.0,"k":8.0,"s":35.0,"n":"Spitzahorn"}},{"type":"Feature","geometry":{"type":"Point","coordinates":[6.986407,50.933624]},"properties":{"h":10.0,"k":8.0,"s":40.0,"n":"Spitzahorn"}},{"type":"Feature","geometry":{"type":"Point","coordinates":[6.98631,50.933861]},"properties":{"h":6.0,"k":2.0,"s":10.0,"n":"Spitzahorn"}},{"type":"Feature","geometry":{"type":"Point","coordinates":[6.986375,50.934148]},"properties":{"h":8.0,"k":6.0,"s":30.0,"n":"Spitzahorn"}},{"type":"Feature","geometry":{"type":"Point","coordinates":[6.986408,50.934253]},"properties":{"h":8.0,"k":6.0,"s":20.0,"n":"Spitzahorn"}},{"type":"Feature","geometry":{"type":"Point","coordinates":[6.986462,50.934477]},"properties":{"h":6.0,"k":2.0,"s":5.0,"n":"Spitzahorn"}},{"type":"Feature","geometry":{"type":"Point","coordinates":[6.986493,50.934645]},"properties":{"h":6.0,"k":6.0,"s":20.0,"n":"Kugelahorn"}},{"type":"Feature","geometry":{"type":"Point","coordinates":[6.986526,50.934818]},"properties":{"h":8.0,"k":6.0,"s":30.0,"n":"Spitzahorn"}},{"type":"Feature","geometry":{"type":"Point","coordinates":[6.986566,50.93499]},"properties":{"h":9.0,"k":6.0,"s":20.0,"n":"Spitzahorn"}},{"type":"Feature","geometry":{"type":"Point","coordinates":[6.986648,50.935383]},"properties":{"h":10.0,"k":8.0,"s":35.0,"n":"Spitzahorn"}},{"type":"Feature","geometry":{"type":"Point","coordinates":[6.986505,50.933851]},"properties":{"h":8.0,"k":4.0,"s":25.0,"n":"Spitzahorn"}},{"type":"Feature","geometry":{"type":"Point","coordinates":[6.986262,50.933743]},"properties":{"h":8.0,"k":3.0,"s":25.0,"n":"Spitzahorn"}},{"type":"Feature","geometry":{"type":"Point","coordinates":[6.986242,50.933671]},"properties":{"h":8.0,"k":6.0,"s":25.0,"n":"Spitzahorn"}},{"type":"Feature","geometry":{"type":"Point","coordinates":[6.986246,50.933578]},"properties":{"h":10.0,"k":6.0,"s":40.0,"n":"Spitzahorn"}},{"type":"Feature","geometry":{"type":"Point","coordinates":[6.986218,50.933489]},"properties":{"h":5.0,"k":2.0,"s":10.0,"n":"Spitzahorn"}},{"type":"Feature","geometry":{"type":"Point","coordinates":[6.986439,50.933567]},"properties":{"h":10.0,"k":8.0,"s":30.0,"n":"Spitzahorn"}},{"type":"Feature","geometry":{"type":"Point","coordinates":[6.986799,50.935262]},"properties":{"h":8.0,"k":6.0,"s":30.0,"n":"Spitzahorn"}},{"type":"Feature","geometry":{"type":"Point","coordinates":[6.986742,50.935611]},"properties":{"h":10.0,"k":4.0,"s":25.0,"n":"Spitzahorn"}},{"type":"Feature","geometry":{"type":"Point","coordinates":[6.979555,50.938204]},"properties":{"h":6.0,"k":2.0,"s":10.0,"n":"Spitzahorn"}},{"type":"Feature","geometry":{"type":"Point","coordinates":[6.979782,50.938062]},"properties":{"h":12.0,"k":6.0,"s":50.0,"n":"Winterlinde"}},{"type":"Feature","geometry":{"type":"Point","coordinates":[6.979215,50.93839]},"properties":{"h":17.0,"k":8.0,"s":55.0,"n":"Winterlinde"}},{"type":"Feature","geometry":{"type":"Point","coordinates":[6.978974,50.938556]},"properties":{"h":8.0,"k":4.0,"s":25.0,"n":"Winterlinde"}},{"type":"Feature","geometry":{"type":"Point","coordinates":[6.980137,50.937827]},"properties":{"h":16.0,"k":14.0,"s":120.0,"n":"Bergahorn"}},{"type":"Feature","geometry":{"type":"Point","coordinates":[6.980331,50.93771]},"properties":{"h":18.0,"k":12.0,"s":60.0,"n":"Winterlinde"}},{"type":"Feature","geometry":{"type":"Point","coordinates":[6.980485,50.937629]},"properties":{"h":16.0,"k":8.0,"s":40.0,"n":"Winterlinde"}},{"type":"Feature","geometry":{"type":"Point","coordinates":[6.980753,50.937472]},"properties":{"h":8.0,"k":4.0,"s":25.0,"n":"Winterlinde"}},{"type":"Feature","geometry":{"type":"Point","coordinates":[6.980534,50.937456]},"properties":{"h":10.0,"k":8.0,"s":40.0,"n":"Bergahorn"}},{"type":"Feature","geometry":{"type":"Point","coordinates":[6.980379,50.937469]},"properties":{"h":16.0,"k":7.0,"s":45.0,"n":"Scheinakazie"}},{"type":"Feature","geometry":{"type":"Point","coordinates":[6.980369,50.937517]},"properties":{"h":15.0,"k":5.0,"s":40.0,"n":"Winterlinde"}},{"type":"Feature","geometry":{"type":"Point","coordinates":[6.980285,50.937611]},"properties":{"h":5.0,"k":2.0,"s":10.0,"n":"Linde"}},{"type":"Feature","geometry":{"type":"Point","coordinates":[6.980507,50.937515]},"properties":{"h":8.0,"k":4.0,"s":20.0,"n":"Linde"}},{"type":"Feature","geometry":{"type":"Point","coordinates":[6.980176,50.937673]},"properties":{"h":12.0,"k":6.0,"s":40.0,"n":"Winterlinde"}},{"type":"Feature","geometry":{"type":"Point","coordinates":[6.980083,50.937743]},"properties":{"h":18.0,"k":8.0,"s":55.0,"n":"Winterlinde"}},{"type":"Feature","geometry":{"type":"Point","coordinates":[6.979965,50.937811]},"properties":{"h":17.0,"k":8.0,"s":75.0,"n":"Winterlinde"}},{"type":"Feature","geometry":{"type":"Point","coordinates":[6.976535,50.933818]},"properties":{"h":15.0,"k":7.0,"s":45.0,"n":"Roßkastanie"}},{"type":"Feature","geometry":{"type":"Point","coordinates":[6.976484,50.933884]},"properties":{"h":20.0,"k":5.0,"s":65.0,"n":"Roßkastanie"}},{"type":"Feature","geometry":{"type":"Point","coordinates":[6.976388,50.933861]},"properties":{"h":20.0,"k":12.0,"s":60.0,"n":"Roßkastanie"}},{"type":"Feature","geometry":{"type":"Point","coordinates":[6.976432,50.933794]},"properties":{"h":20.0,"k":10.0,"s":55.0,"n":"Roßkastanie"}},{"type":"Feature","geometry":{"type":"Point","coordinates":[6.973356,50.933084]},"properties":{"h":10.0,"k":3.0,"s":55.0,"n":"Säulenpappel, Pyramidenpappel"}},{"type":"Feature","geometry":{"type":"Point","coordinates":[6.973385,50.933107]},"properties":{"h":10.0,"k":3.0,"s":70.0,"n":"Säulenpappel, Pyramidenpappel"}},{"type":"Feature","geometry":{"type":"Point","coordinates":[6.973212,50.932985]},"properties":{"h":10.0,"k":3.0,"s":70.0,"n":"Säulenpappel, Pyramidenpappel"}},{"type":"Feature","geometry":{"type":"Point","coordinates":[6.971843,50.947977]},"properties":{"h":15.0,"k":10.0,"s":74.0,"n":"Rot-Buche"}},{"type":"Feature","geometry":{"type":"Point","coordinates":[6.97557,50.938254]},"properties":{"h":10.0,"k":6.0,"s":20.0,"n":"Eibe"}},{"type":"Feature","geometry":{"type":"Point","coordinates":[6.975546,50.938237]},"properties":{"h":6.0,"k":3.0,"s":20.0,"n":"Eibe"}},{"type":"Feature","geometry":{"type":"Point","coordinates":[6.975515,50.938249]},"properties":{"h":5.0,"k":8.0,"s":25.0,"n":"Eibe"}},{"type":"Feature","geometry":{"type":"Point","coordinates":[6.975421,50.938229]},"properties":{"h":12.0,"k":10.0,"s":45.0,"n":"Dreidorniger Lederhülsenbaum, Gleditschie"}},{"type":"Feature","geometry":{"type":"Point","coordinates":[6.975348,50.93822]},"properties":{"h":10.0,"k":6.0,"s":15.0,"n":"Kirsche"}},{"type":"Feature","geometry":{"type":"Point","coordinates":[6.975275,50.938225]},"properties":{"h":8.0,"k":8.0,"s":25.0,"n":"Eibe"}},{"type":"Feature","geometry":{"type":"Point","coordinates":[6.975339,50.938196]},"properties":{"h":17.0,"k":10.0,"s":35.0,"n":"Winter-Eiche, Trauben-Eiche"}},{"type":"Feature","geometry":{"type":"Point","coordinates":[6.975833,50.938264]},"properties":{"h":10.0,"k":7.0,"s":25.0,"n":"Eibe"}},{"type":"Feature","geometry":{"type":"Point","coordinates":[6.975942,50.938255]},"properties":{"h":9.0,"k":5.0,"s":30.0,"n":"Eibe"}},{"type":"Feature","geometry":{"type":"Point","coordinates":[6.976053,50.938252]},"properties":{"h":10.0,"k":8.0,"s":30.0,"n":"Eibe"}},{"type":"Feature","geometry":{"type":"Point","coordinates":[6.975395,50.938062]},"properties":{"h":20.0,"k":12.0,"s":60.0,"n":"Scheinakazie"}},{"type":"Feature","geometry":{"type":"Point","coordinates":[6.975457,50.938038]},"properties":{"h":15.0,"k":10.0,"s":40.0,"n":"Trompetenbaum"}},{"type":"Feature","geometry":{"type":"Point","coordinates":[6.97533,50.938045]},"properties":{"h":9.0,"k":8.0,"s":25.0,"n":"Eibe"}},{"type":"Feature","geometry":{"type":"Point","coordinates":[6.976246,50.938123]},"properties":{"h":25.0,"k":10.0,"s":80.0,"n":"Silber-Ahorn"}},{"type":"Feature","geometry":{"type":"Point","coordinates":[6.976287,50.938025]},"properties":{"h":20.0,"k":8.0,"s":65.0,"n":"Silber-Ahorn"}},{"type":"Feature","geometry":{"type":"Point","coordinates":[6.976355,50.937993]},"properties":{"h":25.0,"k":10.0,"s":65.0,"n":"Silber-Ahorn"}},{"type":"Feature","geometry":{"type":"Point","coordinates":[6.975363,50.937826]},"properties":{"h":17.0,"k":10.0,"s":55.0,"n":"Flügelnuß"}},{"type":"Feature","geometry":{"type":"Point","coordinates":[6.976128,50.937827]},"properties":{"h":18.0,"k":12.0,"s":65.0,"n":"Hainbuche, Weißbuche"}},{"type":"Feature","geometry":{"type":"Point","coordinates":[6.976152,50.937864]},"properties":{"h":15.0,"k":10.0,"s":30.0,"n":"Kirsche"}},{"type":"Feature","geometry":{"type":"Point","coordinates":[6.976208,50.937853]},"properties":{"h":17.0,"k":6.0,"s":35.0,"n":"Schwarzbirke"}},{"type":"Feature","geometry":{"type":"Point","coordinates":[6.976196,50.937722]},"properties":{"h":10.0,"k":5.0,"s":25.0,"n":"Picea pungens"}},{"type":"Feature","geometry":{"type":"Point","coordinates":[6.976202,50.937694]},"properties":{"h":10.0,"k":5.0,"s":25.0,"n":"Picea pungens"}},{"type":"Feature","geometry":{"type":"Point","coordinates":[6.976214,50.937644]},"properties":{"h":8.0,"k":8.0,"s":25.0,"n":"Eibe"}},{"type":"Feature","geometry":{"type":"Point","coordinates":[6.976393,50.937634]},"properties":{"h":15.0,"k":7.0,"s":40.0,"n":"Feldahorn"}},{"type":"Feature","geometry":{"type":"Point","coordinates":[6.976403,50.937581]},"properties":{"h":18.0,"k":7.0,"s":70.0,"n":"Silber-Ahorn"}},{"type":"Feature","geometry":{"type":"Point","coordinates":[6.976023,50.937626]},"properties":{"h":18.0,"k":15.0,"s":90.0,"n":"Trompetenbaum"}},{"type":"Feature","geometry":{"type":"Point","coordinates":[6.975454,50.937725]},"properties":{"h":17.0,"k":12.0,"s":35.0,"n":"Celtis"}},{"type":"Feature","geometry":{"type":"Point","coordinates":[6.975274,50.938242]},"properties":{"h":9.0,"k":7.0,"s":20.0,"n":"Eibe"}},{"type":"Feature","geometry":{"type":"Point","coordinates":[6.976341,50.937791]},"properties":{"h":8.0,"k":10.0,"s":15.0,"n":"Eibe"}},{"type":"Feature","geometry":{"type":"Point","coordinates":[6.976365,50.937529]},"properties":{"h":18.0,"k":8.0,"s":70.0,"n":"Feldahorn"}},{"type":"Feature","geometry":{"type":"Point","coordinates":[6.976311,50.937468]},"properties":{"h":17.0,"k":7.0,"s":70.0,"n":"Feldahorn"}},{"type":"Feature","geometry":{"type":"Point","coordinates":[6.976192,50.937463]},"properties":{"h":23.0,"k":25.0,"s":120.0,"n":"Japanischer Schnurbaum"}},{"type":"Feature","geometry":{"type":"Point","coordinates":[6.975869,50.937487]},"properties":{"h":17.0,"k":6.0,"s":30.0,"n":"Scheinakazie"}},{"type":"Feature","geometry":{"type":"Point","coordinates":[6.976038,50.937448]},"properties":{"h":16.0,"k":10.0,"s":40.0,"n":"Eschen-Ahorn"}},{"type":"Feature","geometry":{"type":"Point","coordinates":[6.975968,50.937484]},"properties":{"h":20.0,"k":15.0,"s":80.0,"n":"Flügelnuß"}},{"type":"Feature","geometry":{"type":"Point","coordinates":[6.975939,50.937445]},"properties":{"h":20.0,"k":12.0,"s":80.0,"n":"Flügelnuß"}},{"type":"Feature","geometry":{"type":"Point","coordinates":[6.975928,50.938271]},"properties":{"h":9.0,"k":7.0,"s":25.0,"n":"Eibe"}},{"type":"Feature","geometry":{"type":"Point","coordinates":[6.975883,50.938267]},"properties":{"h":10.0,"k":7.0,"s":25.0,"n":"Eibe"}},{"type":"Feature","geometry":{"type":"Point","coordinates":[6.975578,50.938229]},"properties":{"h":20.0,"k":15.0,"s":100.0,"n":"Flügelnuß"}},{"type":"Feature","geometry":{"type":"Point","coordinates":[6.975327,50.93824]},"properties":{"h":9.0,"k":7.0,"s":25.0,"n":"Eibe"}},{"type":"Feature","geometry":{"type":"Point","coordinates":[6.975362,50.938186]},"properties":{"h":15.0,"k":7.0,"s":30.0,"n":"Hainbuche, Weißbuche"}},{"type":"Feature","geometry":{"type":"Point","coordinates":[6.975347,50.937981]},"properties":{"h":12.0,"k":10.0,"s":30.0,"n":"Celtis"}},{"type":"Feature","geometry":{"type":"Point","coordinates":[6.975359,50.938103]},"properties":{"h":6.0,"k":4.0,"s":20.0,"n":"Eibe"}},{"type":"Feature","geometry":{"type":"Point","coordinates":[6.976718,50.937908]},"properties":{"h":20.0,"k":12.0,"s":65.0,"n":"Silber-Ahorn"}},{"type":"Feature","geometry":{"type":"Point","coordinates":[6.979674,50.936144]},"properties":{"h":7.0,"k":2.0,"s":10.0,"n":"Lebensbaum"}},{"type":"Feature","geometry":{"type":"Point","coordinates":[6.979512,50.936287]},"properties":{"h":8.0,"k":5.0,"s":35.0,"n":"Hainbuche, Weißbuche"}},{"type":"Feature","geometry":{"type":"Point","coordinates":[6.979536,50.93624]},"properties":{"h":5.0,"k":1.0,"s":10.0,"n":"Eibe"}},{"type":"Feature","geometry":{"type":"Point","coordinates":[6.9795,50.936187]},"properties":{"h":20.0,"k":10.0,"s":45.0,"n":"Hainbuche, Weißbuche"}},{"type":"Feature","geometry":{"type":"Point","coordinates":[6.979544,50.936132]},"properties":{"h":7.0,"k":4.0,"s":15.0,"n":"Eibe"}},{"type":"Feature","geometry":{"type":"Point","coordinates":[6.979477,50.93614]},"properties":{"h":8.0,"k":5.0,"s":20.0,"n":"Schwarzer Holunder"}},{"type":"Feature","geometry":{"type":"Point","coordinates":[6.97984,50.936271]},"properties":{"h":6.0,"k":1.0,"s":5.0,"n":"Scheinakazie"}},{"type":"Feature","geometry":{"type":"Point","coordinates":[6.979924,50.936306]},"properties":{"h":25.0,"k":8.0,"s":55.0,"n":"Schwarzkiefer"}},{"type":"Feature","geometry":{"type":"Point","coordinates":[6.979869,50.936299]},"properties":{"h":10.0,"k":3.0,"s":20.0,"n":"Scheinakazie"}},{"type":"Feature","geometry":{"type":"Point","coordinates":[6.979893,50.936322]},"properties":{"h":7.0,"k":2.0,"s":15.0,"n":"Scheinakazie"}},{"type":"Feature","geometry":{"type":"Point","coordinates":[6.979852,50.93633]},"properties":{"h":7.0,"k":2.0,"s":15.0,"n":"Scheinakazie"}},{"type":"Feature","geometry":{"type":"Point","coordinates":[6.979778,50.93631]},"properties":{"h":12.0,"k":7.0,"s":35.0,"n":"Hainbuche, Weißbuche"}},{"type":"Feature","geometry":{"type":"Point","coordinates":[6.979791,50.936342]},"properties":{"h":7.0,"k":2.0,"s":15.0,"n":"Scheinakazie"}},{"type":"Feature","geometry":{"type":"Point","coordinates":[6.979753,50.93634]},"properties":{"h":7.0,"k":2.0,"s":15.0,"n":"Scheinakazie"}},{"type":"Feature","geometry":{"type":"Point","coordinates":[6.979626,50.936332]},"properties":{"h":20.0,"k":8.0,"s":45.0,"n":"Dreidorniger Lederhülsenbaum, Gleditschie"}},{"type":"Feature","geometry":{"type":"Point","coordinates":[6.979599,50.936317]},"properties":{"h":5.0,"k":2.0,"s":15.0,"n":"Eibe"}},{"type":"Feature","geometry":{"type":"Point","coordinates":[6.97952,50.936329]},"properties":{"h":18.0,"k":8.0,"s":40.0,"n":"Bergahorn"}},{"type":"Feature","geometry":{"type":"Point","coordinates":[6.979575,50.93633]},"properties":{"h":20.0,"k":8.0,"s":35.0,"n":"Hainbuche, Weißbuche"}},{"type":"Feature","geometry":{"type":"Point","coordinates":[6.979863,50.935524]},"properties":{"h":8.0,"k":4.0,"s":15.0,"n":"Kirsche"}},{"type":"Feature","geometry":{"type":"Point","coordinates":[6.979973,50.935986]},"properties":{"h":15.0,"k":10.0,"s":30.0,"n":"Götterbaum"}},{"type":"Feature","geometry":{"type":"Point","coordinates":[6.979941,50.935976]},"properties":{"h":2.0,"k":1.0,"s":5.0,"n":"Eibe"}},{"type":"Feature","geometry":{"type":"Point","coordinates":[6.979899,50.93593]},"properties":{"h":25.0,"k":10.0,"s":95.0,"n":"Kiefer"}},{"type":"Feature","geometry":{"type":"Point","coordinates":[6.979809,50.935843]},"properties":{"h":18.0,"k":8.0,"s":30.0,"n":"Schwarzbirke"}},{"type":"Feature","geometry":{"type":"Point","coordinates":[6.979534,50.935828]},"properties":{"h":18.0,"k":12.0,"s":45.0,"n":"Schwarzbirke"}},{"type":"Feature","geometry":{"type":"Point","coordinates":[6.979436,50.935847]},"properties":{"h":22.0,"k":12.0,"s":55.0,"n":"Krimlinde"}},{"type":"Feature","geometry":{"type":"Point","coordinates":[6.979467,50.936104]},"properties":{"h":4.0,"k":2.0,"s":15.0,"n":"Eibe"}},{"type":"Feature","geometry":{"type":"Point","coordinates":[6.979452,50.93605]},"properties":{"h":25.0,"k":15.0,"s":55.0,"n":"Hainbuche, Weißbuche"}},{"type":"Feature","geometry":{"type":"Point","coordinates":[6.97935,50.935637]},"properties":{"h":25.0,"k":15.0,"s":45.0,"n":"Hainbuche, Weißbuche"}},{"type":"Feature","geometry":{"type":"Point","coordinates":[6.979437,50.93562]},"properties":{"h":28.0,"k":10.0,"s":35.0,"n":"Hainbuche, Weißbuche"}},{"type":"Feature","geometry":{"type":"Point","coordinates":[6.979527,50.935621]},"properties":{"h":5.0,"k":4.0,"s":15.0,"n":"Cornus mas"}},{"type":"Feature","geometry":{"type":"Point","coordinates":[6.979602,50.935592]},"properties":{"h":25.0,"k":10.0,"s":45.0,"n":"Hainbuche, Weißbuche"}},{"type":"Feature","geometry":{"type":"Point","coordinates":[6.979683,50.935602]},"properties":{"h":25.0,"k":10.0,"s":45.0,"n":"Hainbuche, Weißbuche"}},{"type":"Feature","geometry":{"type":"Point","coordinates":[6.979733,50.93559]},"properties":{"h":5.0,"k":2.0,"s":10.0,"n":"Schwarzer Holunder"}},{"type":"Feature","geometry":{"type":"Point","coordinates":[6.97975,50.935572]},"properties":{"h":8.0,"k":4.0,"s":15.0,"n":"Schwarzer Holunder"}},{"type":"Feature","geometry":{"type":"Point","coordinates":[6.97982,50.935545]},"properties":{"h":8.0,"k":4.0,"s":15.0,"n":"Kirsche"}},{"type":"Feature","geometry":{"type":"Point","coordinates":[6.97991,50.935521]},"properties":{"h":15.0,"k":8.0,"s":35.0,"n":"Hainbuche, Weißbuche"}},{"type":"Feature","geometry":{"type":"Point","coordinates":[6.979901,50.935556]},"properties":{"h":35.0,"k":20.0,"s":115.0,"n":"Ulme, Rüster"}},{"type":"Feature","geometry":{"type":"Point","coordinates":[6.9799,50.935579]},"properties":{"h":35.0,"k":15.0,"s":75.0,"n":"Ulme, Rüster"}},{"type":"Feature","geometry":{"type":"Point","coordinates":[6.979865,50.935589]},"properties":{"h":10.0,"k":5.0,"s":20.0,"n":"Ulme, Rüster"}},{"type":"Feature","geometry":{"type":"Point","coordinates":[6.979814,50.935738]},"properties":{"h":30.0,"k":12.0,"s":95.0,"n":"Bergahorn"}},{"type":"Feature","geometry":{"type":"Point","coordinates":[6.980455,50.935698]},"properties":{"h":25.0,"k":8.0,"s":45.0,"n":"Schwarzkiefer"}},{"type":"Feature","geometry":{"type":"Point","coordinates":[6.980429,50.935744]},"properties":{"h":4.0,"k":5.0,"s":15.0,"n":"Juniperus"}},{"type":"Feature","geometry":{"type":"Point","coordinates":[6.98051,50.935739]},"properties":{"h":5.0,"k":2.0,"s":15.0,"n":"Eibe"}},{"type":"Feature","geometry":{"type":"Point","coordinates":[6.980509,50.935705]},"properties":{"h":25.0,"k":8.0,"s":35.0,"n":"Schwarzkiefer"}},{"type":"Feature","geometry":{"type":"Point","coordinates":[6.981051,50.935738]},"properties":{"h":8.0,"k":5.0,"s":15.0,"n":"Dreidorniger Lederhülsenbaum, Gleditschie"}},{"type":"Feature","geometry":{"type":"Point","coordinates":[6.98097,50.935779]},"properties":{"h":6.0,"k":2.0,"s":10.0,"n":"Dreidorniger Lederhülsenbaum, Gleditschie"}},{"type":"Feature","geometry":{"type":"Point","coordinates":[6.981018,50.935815]},"properties":{"h":6.0,"k":3.0,"s":10.0,"n":"Dreidorniger Lederhülsenbaum, Gleditschie"}},{"type":"Feature","geometry":{"type":"Point","coordinates":[6.980938,50.936032]},"properties":{"h":20.0,"k":10.0,"s":45.0,"n":"Hainbuche, Weißbuche"}},{"type":"Feature","geometry":{"type":"Point","coordinates":[6.980954,50.936043]},"properties":{"h":20.0,"k":8.0,"s":35.0,"n":"Hainbuche, Weißbuche"}},{"type":"Feature","geometry":{"type":"Point","coordinates":[6.980927,50.936193]},"properties":{"h":10.0,"k":8.0,"s":25.0,"n":"Hainbuche, Weißbuche"}},{"type":"Feature","geometry":{"type":"Point","coordinates":[6.980927,50.936339]},"properties":{"h":3.0,"k":1.0,"s":10.0,"n":"Hainbuche, Weißbuche"}},{"type":"Feature","geometry":{"type":"Point","coordinates":[6.981171,50.936386]},"properties":{"h":3.0,"k":1.0,"s":10.0,"n":"Hainbuche, Weißbuche"}},{"type":"Feature","geometry":{"type":"Point","coordinates":[6.981211,50.936407]},"properties":{"h":20.0,"k":8.0,"s":30.0,"n":"Bergahorn"}},{"type":"Feature","geometry":{"type":"Point","coordinates":[6.981302,50.936393]},"properties":{"h":25.0,"k":12.0,"s":35.0,"n":"Ahorn"}},{"type":"Feature","geometry":{"type":"Point","coordinates":[6.981587,50.936392]},"properties":{"h":10.0,"k":4.0,"s":15.0,"n":"Feldahorn"}},{"type":"Feature","geometry":{"type":"Point","coordinates":[6.981536,50.936189]},"properties":{"h":10.0,"k":5.0,"s":25.0,"n":"Japanische Nelken-Kirsche"}},{"type":"Feature","geometry":{"type":"Point","coordinates":[6.981493,50.936166]},"properties":{"h":3.0,"k":1.0,"s":10.0,"n":"Hainbuche, Weißbuche"}},{"type":"Feature","geometry":{"type":"Point","coordinates":[6.98152,50.936112]},"properties":{"h":3.0,"k":1.0,"s":10.0,"n":"Hainbuche, Weißbuche"}},{"type":"Feature","geometry":{"type":"Point","coordinates":[6.981623,50.936093]},"properties":{"h":8.0,"k":4.0,"s":15.0,"n":"Japanische Nelken-Kirsche"}},{"type":"Feature","geometry":{"type":"Point","coordinates":[6.981697,50.935961]},"properties":{"h":10.0,"k":5.0,"s":30.0,"n":"Japanische Nelken-Kirsche"}},{"type":"Feature","geometry":{"type":"Point","coordinates":[6.981611,50.935958]},"properties":{"h":8.0,"k":4.0,"s":20.0,"n":"Japanische Nelken-Kirsche"}},{"type":"Feature","geometry":{"type":"Point","coordinates":[6.981481,50.93595]},"properties":{"h":10.0,"k":5.0,"s":30.0,"n":"Japanische Nelken-Kirsche"}},{"type":"Feature","geometry":{"type":"Point","coordinates":[6.981488,50.935791]},"properties":{"h":6.0,"k":3.0,"s":15.0,"n":"Japanische Nelken-Kirsche"}},{"type":"Feature","geometry":{"type":"Point","coordinates":[6.980389,50.935988]},"properties":{"h":18.0,"k":10.0,"s":60.0,"n":"Götterbaum"}},{"type":"Feature","geometry":{"type":"Point","coordinates":[6.98005,50.935964]},"properties":{"h":18.0,"k":10.0,"s":35.0,"n":"Götterbaum"}},{"type":"Feature","geometry":{"type":"Point","coordinates":[6.979698,50.93558]},"properties":{"h":25.0,"k":10.0,"s":35.0,"n":"Hainbuche, Weißbuche"}},{"type":"Feature","geometry":{"type":"Point","coordinates":[6.981607,50.935791]},"properties":{"h":6.0,"k":3.0,"s":20.0,"n":"Japanische Nelken-Kirsche"}},{"type":"Feature","geometry":{"type":"Point","coordinates":[6.981732,50.935799]},"properties":{"h":6.0,"k":3.0,"s":15.0,"n":"Japanische Nelken-Kirsche"}},{"type":"Feature","geometry":{"type":"Point","coordinates":[6.981816,50.935804]},"properties":{"h":10.0,"k":5.0,"s":30.0,"n":"Japanische Nelken-Kirsche"}},{"type":"Feature","geometry":{"type":"Point","coordinates":[6.981547,50.935672]},"properties":{"h":6.0,"k":3.0,"s":15.0,"n":"Japanische Nelken-Kirsche"}},{"type":"Feature","geometry":{"type":"Point","coordinates":[6.979909,50.935977]},"properties":{"h":2.0,"k":1.0,"s":5.0,"n":"Eibe"}},{"type":"Feature","geometry":{"type":"Point","coordinates":[6.979508,50.936125]},"properties":{"h":7.0,"k":3.0,"s":10.0,"n":"Eibe"}},{"type":"Feature","geometry":{"type":"Point","coordinates":[6.980444,50.935821]},"properties":{"h":25.0,"k":8.0,"s":40.0,"n":"Bergahorn"}},{"type":"Feature","geometry":{"type":"Point","coordinates":[6.981522,50.936501]},"properties":{"h":3.0,"k":1.0,"s":10.0,"n":"Hainbuche, Weißbuche"}},{"type":"Feature","geometry":{"type":"Point","coordinates":[6.981617,50.936349]},"properties":{"h":10.0,"k":4.0,"s":10.0,"n":"Feldahorn"}},{"type":"Feature","geometry":{"type":"Point","coordinates":[6.979635,50.93614]},"properties":{"h":7.0,"k":1.0,"s":10.0,"n":"Lebensbaum"}},{"type":"Feature","geometry":{"type":"Point","coordinates":[6.979898,50.936301]},"properties":{"h":10.0,"k":3.0,"s":20.0,"n":"Scheinakazie"}},{"type":"Feature","geometry":{"type":"Point","coordinates":[6.98394,50.935133]},"properties":{"h":25.0,"k":5.0,"s":35.0,"n":"Schwarzkiefer"}},{"type":"Feature","geometry":{"type":"Point","coordinates":[6.984151,50.93556]},"properties":{"h":22.0,"k":8.0,"s":50.0,"n":"Schwarzbirke"}},{"type":"Feature","geometry":{"type":"Point","coordinates":[6.98401,50.935551]},"properties":{"h":20.0,"k":5.0,"s":25.0,"n":"Schwarzbirke"}},{"type":"Feature","geometry":{"type":"Point","coordinates":[6.984846,50.935171]},"properties":{"h":30.0,"k":15.0,"s":115.0,"n":"Platane"}},{"type":"Feature","geometry":{"type":"Point","coordinates":[6.98514,50.935211]},"properties":{"h":30.0,"k":15.0,"s":100.0,"n":"Platane"}},{"type":"Feature","geometry":{"type":"Point","coordinates":[6.985062,50.935175]},"properties":{"h":30.0,"k":15.0,"s":110.0,"n":"Platane"}},{"type":"Feature","geometry":{"type":"Point","coordinates":[6.985012,50.935001]},"properties":{"h":30.0,"k":17.0,"s":90.0,"n":"Platane"}},{"type":"Feature","geometry":{"type":"Point","coordinates":[6.985073,50.934996]},"properties":{"h":30.0,"k":15.0,"s":85.0,"n":"Platane"}},{"type":"Feature","geometry":{"type":"Point","coordinates":[6.985265,50.934655]},"properties":{"h":8.0,"k":5.0,"s":25.0,"n":"Roßkastanie"}},{"type":"Feature","geometry":{"type":"Point","coordinates":[6.985315,50.934368]},"properties":{"h":17.0,"k":5.0,"s":55.0,"n":"Säulenpappel, Pyramidenpappel"}},{"type":"Feature","geometry":{"type":"Point","coordinates":[6.98532,50.934325]},"properties":{"h":30.0,"k":8.0,"s":90.0,"n":"Säulenpappel, Pyramidenpappel"}},{"type":"Feature","geometry":{"type":"Point","coordinates":[6.985336,50.934187]},"properties":{"h":17.0,"k":12.0,"s":60.0,"n":"Roßkastanie"}},{"type":"Feature","geometry":{"type":"Point","coordinates":[6.985476,50.934193]},"properties":{"h":17.0,"k":10.0,"s":55.0,"n":"Bergahorn"}},{"type":"Feature","geometry":{"type":"Point","coordinates":[6.98554,50.93407]},"properties":{"h":20.0,"k":7.0,"s":80.0,"n":"Säulenpappel, Pyramidenpappel"}},{"type":"Feature","geometry":{"type":"Point","coordinates":[6.985438,50.934076]},"properties":{"h":20.0,"k":5.0,"s":70.0,"n":"Säulenpappel, Pyramidenpappel"}},{"type":"Feature","geometry":{"type":"Point","coordinates":[6.984989,50.934073]},"properties":{"h":20.0,"k":10.0,"s":35.0,"n":"Gemeine Esche"}},{"type":"Feature","geometry":{"type":"Point","coordinates":[6.984964,50.93404]},"properties":{"h":20.0,"k":15.0,"s":55.0,"n":"Bergahorn"}},{"type":"Feature","geometry":{"type":"Point","coordinates":[6.984594,50.934113]},"properties":{"h":15.0,"k":10.0,"s":35.0,"n":"Amerikanische Rot-Eiche"}},{"type":"Feature","geometry":{"type":"Point","coordinates":[6.984703,50.934156]},"properties":{"h":10.0,"k":6.0,"s":20.0,"n":"Amerikanische Rot-Eiche"}},{"type":"Feature","geometry":{"type":"Point","coordinates":[6.984685,50.934242]},"properties":{"h":10.0,"k":7.0,"s":25.0,"n":"Amerikanische Rot-Eiche"}},{"type":"Feature","geometry":{"type":"Point","coordinates":[6.984456,50.934633]},"properties":{"h":20.0,"k":12.0,"s":75.0,"n":"Silber-Ahorn"}},{"type":"Feature","geometry":{"type":"Point","coordinates":[6.984739,50.934745]},"properties":{"h":12.0,"k":8.0,"s":25.0,"n":"Cornus mas"}},{"type":"Feature","geometry":{"type":"Point","coordinates":[6.984705,50.93478]},"properties":{"h":12.0,"k":6.0,"s":20.0,"n":"Europäische Lärche"}},{"type":"Feature","geometry":{"type":"Point","coordinates":[6.98466,50.934845]},"properties":{"h":10.0,"k":8.0,"s":25.0,"n":"Eibe"}},{"type":"Feature","geometry":{"type":"Point","coordinates":[6.984747,50.934837]},"properties":{"h":12.0,"k":6.0,"s":20.0,"n":"Götterbaum"}},{"type":"Feature","geometry":{"type":"Point","coordinates":[6.984603,50.934824]},"properties":{"h":12.0,"k":7.0,"s":30.0,"n":"Feldahorn"}},{"type":"Feature","geometry":{"type":"Point","coordinates":[6.984516,50.934843]},"properties":{"h":10.0,"k":6.0,"s":20.0,"n":"Cornus mas"}},{"type":"Feature","geometry":{"type":"Point","coordinates":[6.984549,50.934899]},"properties":{"h":10.0,"k":6.0,"s":20.0,"n":"Eibe"}},{"type":"Feature","geometry":{"type":"Point","coordinates":[6.984389,50.934908]},"properties":{"h":15.0,"k":10.0,"s":40.0,"n":"Bergahorn"}},{"type":"Feature","geometry":{"type":"Point","coordinates":[6.984194,50.935208]},"properties":{"h":18.0,"k":10.0,"s":55.0,"n":"Silber-Ahorn"}},{"type":"Feature","geometry":{"type":"Point","coordinates":[6.984107,50.935181]},"properties":{"h":3.0,"k":2.0,"s":15.0,"n":"Eibe"}},{"type":"Feature","geometry":{"type":"Point","coordinates":[6.983998,50.935145]},"properties":{"h":25.0,"k":8.0,"s":45.0,"n":"Schwarzkiefer"}},{"type":"Feature","geometry":{"type":"Point","coordinates":[6.98388,50.935627]},"properties":{"h":10.0,"k":3.0,"s":15.0,"n":"Stechpalme"}},{"type":"Feature","geometry":{"type":"Point","coordinates":[6.983361,50.935919]},"properties":{"h":20.0,"k":10.0,"s":60.0,"n":"Bergahorn"}},{"type":"Feature","geometry":{"type":"Point","coordinates":[6.984602,50.935337]},"properties":{"h":18.0,"k":6.0,"s":35.0,"n":"Eibe"}},{"type":"Feature","geometry":{"type":"Point","coordinates":[6.984763,50.935384]},"properties":{"h":25.0,"k":10.0,"s":55.0,"n":"Spitzahorn"}},{"type":"Feature","geometry":{"type":"Point","coordinates":[6.98476,50.935413]},"properties":{"h":20.0,"k":10.0,"s":55.0,"n":"Spitzahorn"}},{"type":"Feature","geometry":{"type":"Point","coordinates":[6.984819,50.935424]},"properties":{"h":25.0,"k":10.0,"s":55.0,"n":"Spitzahorn"}},{"type":"Feature","geometry":{"type":"Point","coordinates":[6.985644,50.935145]},"properties":{"h":7.0,"k":2.0,"s":10.0,"n":"Hainbuche, Weißbuche"}},{"type":"Feature","geometry":{"type":"Point","coordinates":[6.98576,50.935132]},"properties":{"h":7.0,"k":2.0,"s":10.0,"n":"Hainbuche, Weißbuche"}},{"type":"Feature","geometry":{"type":"Point","coordinates":[6.986017,50.935203]},"properties":{"h":7.0,"k":2.0,"s":10.0,"n":"Feldahorn"}},{"type":"Feature","geometry":{"type":"Point","coordinates":[6.986335,50.935377]},"properties":{"h":18.0,"k":8.0,"s":60.0,"n":"Hainbuche, Weißbuche"}},{"type":"Feature","geometry":{"type":"Point","coordinates":[6.986408,50.935629]},"properties":{"h":15.0,"k":8.0,"s":35.0,"n":"Hainbuche, Weißbuche"}},{"type":"Feature","geometry":{"type":"Point","coordinates":[6.986429,50.935604]},"properties":{"h":20.0,"k":8.0,"s":35.0,"n":"Hainbuche, Weißbuche"}},{"type":"Feature","geometry":{"type":"Point","coordinates":[6.986464,50.93555]},"properties":{"h":20.0,"k":8.0,"s":35.0,"n":"Hainbuche, Weißbuche"}},{"type":"Feature","geometry":{"type":"Point","coordinates":[6.98648,50.935493]},"properties":{"h":2.0,"k":1.0,"s":10.0,"n":"Eibe"}},{"type":"Feature","geometry":{"type":"Point","coordinates":[6.98652,50.935437]},"properties":{"h":7.0,"k":3.0,"s":15.0,"n":"Kirsche"}},{"type":"Feature","geometry":{"type":"Point","coordinates":[6.986545,50.935163]},"properties":{"h":20.0,"k":12.0,"s":65.0,"n":"Hainbuche, Weißbuche"}},{"type":"Feature","geometry":{"type":"Point","coordinates":[6.986455,50.934889]},"properties":{"h":30.0,"k":15.0,"s":130.0,"n":"Platane"}},{"type":"Feature","geometry":{"type":"Point","coordinates":[6.986265,50.93486]},"properties":{"h":5.0,"k":3.0,"s":20.0,"n":"Eibe"}},{"type":"Feature","geometry":{"type":"Point","coordinates":[6.985818,50.934816]},"properties":{"h":15.0,"k":6.0,"s":35.0,"n":"Eibe"}},{"type":"Feature","geometry":{"type":"Point","coordinates":[6.986171,50.934735]},"properties":{"h":25.0,"k":12.0,"s":105.0,"n":"Platane"}},{"type":"Feature","geometry":{"type":"Point","coordinates":[6.986238,50.934605]},"properties":{"h":25.0,"k":12.0,"s":105.0,"n":"Platane"}},{"type":"Feature","geometry":{"type":"Point","coordinates":[6.986373,50.934485]},"properties":{"h":18.0,"k":5.0,"s":30.0,"n":"Schwarzbirke"}},{"type":"Feature","geometry":{"type":"Point","coordinates":[6.986217,50.934437]},"properties":{"h":15.0,"k":5.0,"s":35.0,"n":"Feldahorn"}},{"type":"Feature","geometry":{"type":"Point","coordinates":[6.986292,50.93433]},"properties":{"h":18.0,"k":8.0,"s":40.0,"n":"Prunus mahaleb"}},{"type":"Feature","geometry":{"type":"Point","coordinates":[6.984467,50.933596]},"properties":{"h":20.0,"k":10.0,"s":35.0,"n":"Hainbuche, Weißbuche"}},{"type":"Feature","geometry":{"type":"Point","coordinates":[6.986198,50.934252]},"properties":{"h":30.0,"k":15.0,"s":105.0,"n":"Platane"}},{"type":"Feature","geometry":{"type":"Point","coordinates":[6.986205,50.933664]},"properties":{"h":15.0,"k":10.0,"s":55.0,"n":"Hainbuche, Weißbuche"}},{"type":"Feature","geometry":{"type":"Point","coordinates":[6.986189,50.933621]},"properties":{"h":15.0,"k":5.0,"s":20.0,"n":"Hainbuche, Weißbuche"}},{"type":"Feature","geometry":{"type":"Point","coordinates":[6.986172,50.933559]},"properties":{"h":15.0,"k":10.0,"s":65.0,"n":"Hainbuche, Weißbuche"}},{"type":"Feature","geometry":{"type":"Point","coordinates":[6.986145,50.93343]},"properties":{"h":12.0,"k":5.0,"s":20.0,"n":"Feldahorn"}},{"type":"Feature","geometry":{"type":"Point","coordinates":[6.986117,50.93341]},"properties":{"h":15.0,"k":10.0,"s":35.0,"n":"Feldahorn"}},{"type":"Feature","geometry":{"type":"Point","coordinates":[6.986283,50.934151]},"properties":{"h":20.0,"k":10.0,"s":95.0,"n":"Feldahorn"}},{"type":"Feature","geometry":{"type":"Point","coordinates":[6.986152,50.934114]},"properties":{"h":15.0,"k":10.0,"s":35.0,"n":"Hainbuche, Weißbuche"}},{"type":"Feature","geometry":{"type":"Point","coordinates":[6.986099,50.934111]},"properties":{"h":15.0,"k":10.0,"s":35.0,"n":"Hainbuche, Weißbuche"}},{"type":"Feature","geometry":{"type":"Point","coordinates":[6.985776,50.933908]},"properties":{"h":12.0,"k":6.0,"s":25.0,"n":"Hainbuche, Weißbuche"}},{"type":"Feature","geometry":{"type":"Point","coordinates":[6.985558,50.933965]},"properties":{"h":10.0,"k":6.0,"s":25.0,"n":"Schwarzbirke"}},{"type":"Feature","geometry":{"type":"Point","coordinates":[6.985673,50.933755]},"properties":{"h":18.0,"k":10.0,"s":55.0,"n":"Hainbuche, Weißbuche"}},{"type":"Feature","geometry":{"type":"Point","coordinates":[6.985632,50.933618]},"properties":{"h":20.0,"k":12.0,"s":40.0,"n":"Gemeine Esche"}},{"type":"Feature","geometry":{"type":"Point","coordinates":[6.985589,50.933541]},"properties":{"h":12.0,"k":8.0,"s":45.0,"n":"Schwarzkiefer"}},{"type":"Feature","geometry":{"type":"Point","coordinates":[6.985774,50.933418]},"properties":{"h":15.0,"k":10.0,"s":35.0,"n":"Amerikanische Rot-Eiche"}},{"type":"Feature","geometry":{"type":"Point","coordinates":[6.985724,50.933425]},"properties":{"h":15.0,"k":5.0,"s":25.0,"n":"Feldahorn"}},{"type":"Feature","geometry":{"type":"Point","coordinates":[6.985654,50.933429]},"properties":{"h":20.0,"k":10.0,"s":55.0,"n":"Schwarzbirke"}},{"type":"Feature","geometry":{"type":"Point","coordinates":[6.985536,50.933418]},"properties":{"h":20.0,"k":8.0,"s":40.0,"n":"Schwarzbirke"}},{"type":"Feature","geometry":{"type":"Point","coordinates":[6.985453,50.933423]},"properties":{"h":10.0,"k":5.0,"s":15.0,"n":"Feldahorn"}},{"type":"Feature","geometry":{"type":"Point","coordinates":[6.98541,50.933433]},"properties":{"h":10.0,"k":5.0,"s":25.0,"n":"Feldahorn"}},{"type":"Feature","geometry":{"type":"Point","coordinates":[6.985345,50.933423]},"properties":{"h":10.0,"k":5.0,"s":20.0,"n":"Feldahorn"}},{"type":"Feature","geometry":{"type":"Point","coordinates":[6.985229,50.933425]},"properties":{"h":25.0,"k":12.0,"s":65.0,"n":"Amerikanische Rot-Eiche"}},{"type":"Feature","geometry":{"type":"Point","coordinates":[6.985156,50.933422]},"properties":{"h":20.0,"k":5.0,"s":25.0,"n":"Schwarzkiefer"}},{"type":"Feature","geometry":{"type":"Point","coordinates":[6.985058,50.933493]},"properties":{"h":20.0,"k":8.0,"s":45.0,"n":"Ahorn"}},{"type":"Feature","geometry":{"type":"Point","coordinates":[6.984554,50.93345]},"properties":{"h":20.0,"k":10.0,"s":35.0,"n":"Feldahorn"}},{"type":"Feature","geometry":{"type":"Point","coordinates":[6.984507,50.933521]},"properties":{"h":20.0,"k":10.0,"s":45.0,"n":"Spitzahorn"}},{"type":"Feature","geometry":{"type":"Point","coordinates":[6.984482,50.933565]},"properties":{"h":15.0,"k":5.0,"s":25.0,"n":"Feldahorn"}},{"type":"Feature","geometry":{"type":"Point","coordinates":[6.984445,50.933637]},"properties":{"h":15.0,"k":6.0,"s":25.0,"n":"Hainbuche, Weißbuche"}},{"type":"Feature","geometry":{"type":"Point","coordinates":[6.98442,50.933685]},"properties":{"h":30.0,"k":15.0,"s":95.0,"n":"Amerikanische Rot-Eiche"}},{"type":"Feature","geometry":{"type":"Point","coordinates":[6.984383,50.93376]},"properties":{"h":25.0,"k":10.0,"s":45.0,"n":"Spitzahorn"}},{"type":"Feature","geometry":{"type":"Point","coordinates":[6.984352,50.933807]},"properties":{"h":20.0,"k":5.0,"s":25.0,"n":"Feldahorn"}},{"type":"Feature","geometry":{"type":"Point","coordinates":[6.984334,50.933844]},"properties":{"h":20.0,"k":10.0,"s":55.0,"n":"Amerikanische Rot-Eiche"}},{"type":"Feature","geometry":{"type":"Point","coordinates":[6.984308,50.933924]},"properties":{"h":20.0,"k":5.0,"s":15.0,"n":"Gemeine Esche"}},{"type":"Feature","geometry":{"type":"Point","coordinates":[6.984268,50.93396]},"properties":{"h":22.0,"k":10.0,"s":40.0,"n":"Celtis"}},{"type":"Feature","geometry":{"type":"Point","coordinates":[6.984245,50.934003]},"properties":{"h":15.0,"k":5.0,"s":20.0,"n":"Hainbuche, Weißbuche"}},{"type":"Feature","geometry":{"type":"Point","coordinates":[6.985991,50.9341]},"properties":{"h":15.0,"k":10.0,"s":35.0,"n":"Hainbuche, Weißbuche"}},{"type":"Feature","geometry":{"type":"Point","coordinates":[6.985412,50.933417]},"properties":{"h":10.0,"k":6.0,"s":25.0,"n":"Feldahorn"}},{"type":"Feature","geometry":{"type":"Point","coordinates":[6.984215,50.934043]},"properties":{"h":20.0,"k":10.0,"s":55.0,"n":"Prunus mahaleb"}},{"type":"Feature","geometry":{"type":"Point","coordinates":[6.984168,50.934114]},"properties":{"h":10.0,"k":5.0,"s":10.0,"n":"Celtis"}},{"type":"Feature","geometry":{"type":"Point","coordinates":[6.984148,50.934151]},"properties":{"h":15.0,"k":5.0,"s":20.0,"n":"Hainbuche, Weißbuche"}},{"type":"Feature","geometry":{"type":"Point","coordinates":[6.984226,50.93417]},"properties":{"h":18.0,"k":8.0,"s":35.0,"n":"Spitzahorn"}},{"type":"Feature","geometry":{"type":"Point","coordinates":[6.984316,50.934183]},"properties":{"h":15.0,"k":6.0,"s":25.0,"n":"Spitzahorn"}},{"type":"Feature","geometry":{"type":"Point","coordinates":[6.984236,50.93423]},"properties":{"h":15.0,"k":6.0,"s":25.0,"n":"Spitzahorn"}},{"type":"Feature","geometry":{"type":"Point","coordinates":[6.984042,50.934275]},"properties":{"h":18.0,"k":5.0,"s":20.0,"n":"Hainbuche, Weißbuche"}},{"type":"Feature","geometry":{"type":"Point","coordinates":[6.984046,50.934309]},"properties":{"h":10.0,"k":3.0,"s":10.0,"n":"Berg-Ulme"}},{"type":"Feature","geometry":{"type":"Point","coordinates":[6.984028,50.934343]},"properties":{"h":15.0,"k":5.0,"s":25.0,"n":"Hainbuche, Weißbuche"}},{"type":"Feature","geometry":{"type":"Point","coordinates":[6.983988,50.934364]},"properties":{"h":25.0,"k":8.0,"s":35.0,"n":"Bergahorn"}},{"type":"Feature","geometry":{"type":"Point","coordinates":[6.983942,50.934415]},"properties":{"h":25.0,"k":10.0,"s":45.0,"n":"Bergahorn"}},{"type":"Feature","geometry":{"type":"Point","coordinates":[6.983954,50.934442]},"properties":{"h":20.0,"k":8.0,"s":35.0,"n":"Hainbuche, Weißbuche"}},{"type":"Feature","geometry":{"type":"Point","coordinates":[6.984045,50.934486]},"properties":{"h":25.0,"k":10.0,"s":45.0,"n":"Spitzahorn"}},{"type":"Feature","geometry":{"type":"Point","coordinates":[6.98391,50.934475]},"properties":{"h":25.0,"k":10.0,"s":40.0,"n":"Spitzahorn"}},{"type":"Feature","geometry":{"type":"Point","coordinates":[6.983901,50.934514]},"properties":{"h":20.0,"k":6.0,"s":20.0,"n":"Hainbuche, Weißbuche"}},{"type":"Feature","geometry":{"type":"Point","coordinates":[6.98386,50.934543]},"properties":{"h":15.0,"k":6.0,"s":20.0,"n":"Hainbuche, Weißbuche"}},{"type":"Feature","geometry":{"type":"Point","coordinates":[6.983858,50.934578]},"properties":{"h":25.0,"k":10.0,"s":60.0,"n":"Roßkastanie"}},{"type":"Feature","geometry":{"type":"Point","coordinates":[6.983823,50.934591]},"properties":{"h":25.0,"k":5.0,"s":25.0,"n":"Bergahorn"}},{"type":"Feature","geometry":{"type":"Point","coordinates":[6.983776,50.934688]},"properties":{"h":20.0,"k":10.0,"s":60.0,"n":"Amerikanische Rot-Eiche"}},{"type":"Feature","geometry":{"type":"Point","coordinates":[6.983811,50.934642]},"properties":{"h":20.0,"k":6.0,"s":35.0,"n":"Hainbuche, Weißbuche"}},{"type":"Feature","geometry":{"type":"Point","coordinates":[6.983748,50.934743]},"properties":{"h":18.0,"k":6.0,"s":30.0,"n":"Feldahorn"}},{"type":"Feature","geometry":{"type":"Point","coordinates":[6.983723,50.934774]},"properties":{"h":10.0,"k":5.0,"s":10.0,"n":"Feldahorn"}},{"type":"Feature","geometry":{"type":"Point","coordinates":[6.983699,50.934829]},"properties":{"h":20.0,"k":10.0,"s":35.0,"n":"Bergahorn"}},{"type":"Feature","geometry":{"type":"Point","coordinates":[6.983642,50.934836]},"properties":{"h":12.0,"k":6.0,"s":20.0,"n":"Feldahorn"}},{"type":"Feature","geometry":{"type":"Point","coordinates":[6.983632,50.934879]},"properties":{"h":10.0,"k":5.0,"s":25.0,"n":"Feldahorn"}},{"type":"Feature","geometry":{"type":"Point","coordinates":[6.983747,50.934936]},"properties":{"h":20.0,"k":10.0,"s":35.0,"n":"Spitzahorn"}},{"type":"Feature","geometry":{"type":"Point","coordinates":[6.983784,50.934983]},"properties":{"h":15.0,"k":8.0,"s":30.0,"n":"Spitzahorn"}},{"type":"Feature","geometry":{"type":"Point","coordinates":[6.983599,50.935007]},"properties":{"h":10.0,"k":5.0,"s":15.0,"n":"Hainbuche, Weißbuche"}},{"type":"Feature","geometry":{"type":"Point","coordinates":[6.983543,50.935037]},"properties":{"h":10.0,"k":5.0,"s":15.0,"n":"Schwarzer Holunder"}},{"type":"Feature","geometry":{"type":"Point","coordinates":[6.983492,50.935066]},"properties":{"h":25.0,"k":10.0,"s":65.0,"n":"Schwarzkiefer"}},{"type":"Feature","geometry":{"type":"Point","coordinates":[6.983395,50.935206]},"properties":{"h":4.0,"k":6.0,"s":10.0,"n":"Schwarzer Holunder"}},{"type":"Feature","geometry":{"type":"Point","coordinates":[6.983369,50.935242]},"properties":{"h":20.0,"k":8.0,"s":35.0,"n":"Hainbuche, Weißbuche"}},{"type":"Feature","geometry":{"type":"Point","coordinates":[6.983399,50.935276]},"properties":{"h":25.0,"k":10.0,"s":55.0,"n":"Bergahorn"}},{"type":"Feature","geometry":{"type":"Point","coordinates":[6.983292,50.935426]},"properties":{"h":3.0,"k":4.0,"s":15.0,"n":"Schwarzer Holunder"}},{"type":"Feature","geometry":{"type":"Point","coordinates":[6.983204,50.935512]},"properties":{"h":5.0,"k":5.0,"s":15.0,"n":"Eibe"}},{"type":"Feature","geometry":{"type":"Point","coordinates":[6.983151,50.935537]},"properties":{"h":18.0,"k":8.0,"s":30.0,"n":"Feldahorn"}},{"type":"Feature","geometry":{"type":"Point","coordinates":[6.983191,50.935547]},"properties":{"h":15.0,"k":6.0,"s":15.0,"n":"Spitzahorn"}},{"type":"Feature","geometry":{"type":"Point","coordinates":[6.983146,50.935565]},"properties":{"h":20.0,"k":8.0,"s":35.0,"n":"Bergahorn"}},{"type":"Feature","geometry":{"type":"Point","coordinates":[6.985944,50.934095]},"properties":{"h":15.0,"k":10.0,"s":35.0,"n":"Hainbuche, Weißbuche"}},{"type":"Feature","geometry":{"type":"Point","coordinates":[6.98584,50.933904]},"properties":{"h":11.0,"k":6.0,"s":25.0,"n":"Feldahorn"}},{"type":"Feature","geometry":{"type":"Point","coordinates":[6.983177,50.935487]},"properties":{"h":18.0,"k":12.0,"s":70.0,"n":"Feldahorn"}},{"type":"Feature","geometry":{"type":"Point","coordinates":[6.983246,50.935603]},"properties":{"h":20.0,"k":8.0,"s":35.0,"n":"Feldahorn"}},{"type":"Feature","geometry":{"type":"Point","coordinates":[6.983213,50.935619]},"properties":{"h":8.0,"k":6.0,"s":20.0,"n":"Feldahorn"}},{"type":"Feature","geometry":{"type":"Point","coordinates":[6.98321,50.935631]},"properties":{"h":18.0,"k":8.0,"s":40.0,"n":"Feldahorn"}},{"type":"Feature","geometry":{"type":"Point","coordinates":[6.983131,50.935583]},"properties":{"h":18.0,"k":8.0,"s":25.0,"n":"Spitzahorn"}},{"type":"Feature","geometry":{"type":"Point","coordinates":[6.983115,50.93561]},"properties":{"h":20.0,"k":8.0,"s":40.0,"n":"Bergahorn"}},{"type":"Feature","geometry":{"type":"Point","coordinates":[6.982952,50.935824]},"properties":{"h":18.0,"k":10.0,"s":70.0,"n":"Ahorn"}},{"type":"Feature","geometry":{"type":"Point","coordinates":[6.983034,50.935854]},"properties":{"h":18.0,"k":8.0,"s":40.0,"n":"Feldahorn"}},{"type":"Feature","geometry":{"type":"Point","coordinates":[6.983033,50.935877]},"properties":{"h":18.0,"k":8.0,"s":40.0,"n":"Feldahorn"}},{"type":"Feature","geometry":{"type":"Point","coordinates":[6.984252,50.935131]},"properties":{"h":15.0,"k":6.0,"s":30.0,"n":"Silber-Ahorn"}},{"type":"Feature","geometry":{"type":"Point","coordinates":[6.985159,50.934108]},"properties":{"h":4.0,"k":2.0,"s":10.0,"n":"Südlicher Zürgelbaum"}},{"type":"Feature","geometry":{"type":"Point","coordinates":[6.984761,50.934079]},"properties":{"h":5.0,"k":3.0,"s":10.0,"n":"Acer saccharum"}},{"type":"Feature","geometry":{"type":"Point","coordinates":[6.984673,50.934332]},"properties":{"h":5.0,"k":2.0,"s":10.0,"n":"Silber-Ahorn"}},{"type":"Feature","geometry":{"type":"Point","coordinates":[6.984663,50.934411]},"properties":{"h":5.0,"k":3.0,"s":10.0,"n":"Silber-Ahorn"}},{"type":"Feature","geometry":{"type":"Point","coordinates":[6.984648,50.934495]},"properties":{"h":5.0,"k":3.0,"s":10.0,"n":"Acer saccharum"}},{"type":"Feature","geometry":{"type":"Point","coordinates":[6.985047,50.934698]},"properties":{"h":5.0,"k":2.0,"s":10.0,"n":"Acer saccharum"}},{"type":"Feature","geometry":{"type":"Point","coordinates":[6.985084,50.934574]},"properties":{"h":5.0,"k":2.0,"s":10.0,"n":"Silber-Ahorn"}},{"type":"Feature","geometry":{"type":"Point","coordinates":[6.985276,50.934385]},"properties":{"h":5.0,"k":3.0,"s":10.0,"n":"Grau-, Weißerle"}},{"type":"Feature","geometry":{"type":"Point","coordinates":[6.98519,50.934526]},"properties":{"h":6.0,"k":2.0,"s":10.0,"n":"Acer saccharum"}},{"type":"Feature","geometry":{"type":"Point","coordinates":[6.985095,50.934526]},"properties":{"h":5.0,"k":2.0,"s":10.0,"n":"Acer saccharum"}},{"type":"Feature","geometry":{"type":"Point","coordinates":[6.985115,50.93442]},"properties":{"h":5.0,"k":2.0,"s":10.0,"n":"Grau-, Weißerle"}},{"type":"Feature","geometry":{"type":"Point","coordinates":[6.985142,50.934298]},"properties":{"h":5.0,"k":3.0,"s":10.0,"n":"Grau-, Weißerle"}},{"type":"Feature","geometry":{"type":"Point","coordinates":[6.985232,50.934317]},"properties":{"h":5.0,"k":3.0,"s":10.0,"n":"Grau-, Weißerle"}},{"type":"Feature","geometry":{"type":"Point","coordinates":[6.98524,50.934402]},"properties":{"h":5.0,"k":3.0,"s":10.0,"n":"Grau-, Weißerle"}},{"type":"Feature","geometry":{"type":"Point","coordinates":[6.985197,50.93441]},"properties":{"h":5.0,"k":3.0,"s":10.0,"n":"Grau-, Weißerle"}},{"type":"Feature","geometry":{"type":"Point","coordinates":[6.985155,50.934417]},"properties":{"h":5.0,"k":3.0,"s":10.0,"n":"Grau-, Weißerle"}},{"type":"Feature","geometry":{"type":"Point","coordinates":[6.985193,50.934583]},"properties":{"h":6.0,"k":2.0,"s":10.0,"n":"Silber-Ahorn"}},{"type":"Feature","geometry":{"type":"Point","coordinates":[6.984412,50.934846]},"properties":{"h":5.0,"k":2.0,"s":10.0,"n":"Südlicher Zürgelbaum"}},{"type":"Feature","geometry":{"type":"Point","coordinates":[6.985175,50.934646]},"properties":{"h":6.0,"k":2.0,"s":10.0,"n":"Silber-Ahorn"}},{"type":"Feature","geometry":{"type":"Point","coordinates":[6.984529,50.934791]},"properties":{"h":5.0,"k":2.0,"s":10.0,"n":"Südlicher Zürgelbaum"}},{"type":"Feature","geometry":{"type":"Point","coordinates":[6.983944,50.935171]},"properties":{"h":25.0,"k":5.0,"s":35.0,"n":"Schwarzkiefer"}},{"type":"Feature","geometry":{"type":"Point","coordinates":[6.984359,50.93541]},"properties":{"h":25.0,"k":15.0,"s":120.0,"n":"Silber-Ahorn"}},{"type":"Feature","geometry":{"type":"Point","coordinates":[6.986555,50.93522]},"properties":{"h":18.0,"k":8.0,"s":25.0,"n":"Platane"}},{"type":"Feature","geometry":{"type":"Point","coordinates":[6.986412,50.934632]},"properties":{"h":25.0,"k":8.0,"s":35.0,"n":"Zitter-Pappel"}},{"type":"Feature","geometry":{"type":"Point","coordinates":[6.986399,50.934566]},"properties":{"h":12.0,"k":5.0,"s":25.0,"n":"Schwarzbirke"}},{"type":"Feature","geometry":{"type":"Point","coordinates":[6.98635,50.93441]},"properties":{"h":30.0,"k":8.0,"s":75.0,"n":"Kanadische Holz-Pappel"}},{"type":"Feature","geometry":{"type":"Point","coordinates":[6.985067,50.934641]},"properties":{"h":5.0,"k":2.0,"s":10.0,"n":"Acer saccharum"}},{"type":"Feature","geometry":{"type":"Point","coordinates":[6.979805,50.932684]},"properties":{"h":10.0,"k":6.0,"s":35.0,"n":"Scheinakazie"}},{"type":"Feature","geometry":{"type":"Point","coordinates":[6.980033,50.93299]},"properties":{"h":11.0,"k":5.0,"s":40.0,"n":"Scheinakazie"}},{"type":"Feature","geometry":{"type":"Point","coordinates":[6.979896,50.93281]},"properties":{"h":9.0,"k":4.0,"s":25.0,"n":"Scheinakazie"}},{"type":"Feature","geometry":{"type":"Point","coordinates":[6.979848,50.932746]},"properties":{"h":11.0,"k":3.0,"s":35.0,"n":"Scheinakazie"}},{"type":"Feature","geometry":{"type":"Point","coordinates":[6.979996,50.932933]},"properties":{"h":9.0,"k":4.0,"s":20.0,"n":"Scheinakazie"}},{"type":"Feature","geometry":{"type":"Point","coordinates":[6.981532,50.931062]},"properties":{"h":13.0,"k":7.0,"s":30.0,"n":"Ahorn"}},{"type":"Feature","geometry":{"type":"Point","coordinates":[6.981463,50.931008]},"properties":{"h":12.0,"k":8.0,"s":30.0,"n":"Kirsche"}},{"type":"Feature","geometry":{"type":"Point","coordinates":[6.981403,50.930973]},"properties":{"h":13.0,"k":8.0,"s":35.0,"n":"Hainbuche, Weißbuche"}},{"type":"Feature","geometry":{"type":"Point","coordinates":[6.981643,50.931126]},"properties":{"h":8.0,"k":3.0,"s":15.0,"n":"Winterlinde"}},{"type":"Feature","geometry":{"type":"Point","coordinates":[6.982068,50.930977]},"properties":{"h":8.0,"k":3.0,"s":10.0,"n":"Sandbirke"}},{"type":"Feature","geometry":{"type":"Point","coordinates":[6.981631,50.931143]},"properties":{"h":9.0,"k":4.0,"s":20.0,"n":"Winterlinde"}},{"type":"Feature","geometry":{"type":"Point","coordinates":[6.985617,50.933433]},"properties":{"h":15.0,"k":10.0,"s":35.0,"n":"Spitzahorn"}},{"type":"Feature","geometry":{"type":"Point","coordinates":[6.98409,50.934223]},"properties":{"h":20.0,"k":8.0,"s":40.0,"n":"Prunus mahaleb"}},{"type":"Feature","geometry":{"type":"Point","coordinates":[6.983204,50.935593]},"properties":{"h":20.0,"k":8.0,"s":30.0,"n":"Feldahorn"}},{"type":"Feature","geometry":{"type":"Point","coordinates":[6.977291,50.941144]},"properties":{"h":22.0,"k":8.0,"s":100.0,"n":"Platane"}},{"type":"Feature","geometry":{"type":"Point","coordinates":[6.977626,50.941107]},"properties":{"h":25.0,"k":12.0,"s":140.0,"n":"Platane"}},{"type":"Feature","geometry":{"type":"Point","coordinates":[6.978098,50.941062]},"properties":{"h":25.0,"k":14.0,"s":140.0,"n":"Platane"}},{"type":"Feature","geometry":{"type":"Point","coordinates":[6.978352,50.941029]},"properties":{"h":16.0,"k":8.0,"s":50.0,"n":"Platane"}},{"type":"Feature","geometry":{"type":"Point","coordinates":[6.978978,50.940964]},"properties":{"h":12.0,"k":5.0,"s":120.0,"n":"Platane"}},{"type":"Feature","geometry":{"type":"Point","coordinates":[6.978639,50.940999]},"properties":{"h":20.0,"k":12.0,"s":120.0,"n":"Platane"}},{"type":"Feature","geometry":{"type":"Point","coordinates":[6.979206,50.940936]},"properties":{"h":24.0,"k":12.0,"s":120.0,"n":"Platane"}},{"type":"Feature","geometry":{"type":"Point","coordinates":[6.979544,50.940923]},"properties":{"h":20.0,"k":12.0,"s":100.0,"n":"Platane"}},{"type":"Feature","geometry":{"type":"Point","coordinates":[6.97974,50.940842]},"properties":{"h":18.0,"k":10.0,"s":80.0,"n":"Platane"}},{"type":"Feature","geometry":{"type":"Point","coordinates":[6.979747,50.940867]},"properties":{"h":18.0,"k":10.0,"s":60.0,"n":"Platane"}},{"type":"Feature","geometry":{"type":"Point","coordinates":[6.97979,50.940919]},"properties":{"h":20.0,"k":12.0,"s":100.0,"n":"Platane"}},{"type":"Feature","geometry":{"type":"Point","coordinates":[6.964363,50.947697]},"properties":{"h":20.0,"k":14.0,"s":90.0,"n":"Platane"}},{"type":"Feature","geometry":{"type":"Point","coordinates":[6.964442,50.947849]},"properties":{"h":20.0,"k":14.0,"s":70.0,"n":"Platane"}},{"type":"Feature","geometry":{"type":"Point","coordinates":[6.964305,50.947791]},"properties":{"h":8.0,"k":3.0,"s":25.0,"n":"Winterlinde"}},{"type":"Feature","geometry":{"type":"Point","coordinates":[6.964348,50.947854]},"properties":{"h":10.0,"k":4.0,"s":25.0,"n":"Winterlinde"}},{"type":"Feature","geometry":{"type":"Point","coordinates":[6.964382,50.94707]},"properties":{"h":8.0,"k":2.0,"s":25.0,"n":"Winterlinde"}},{"type":"Feature","geometry":{"type":"Point","coordinates":[6.964466,50.947213]},"properties":{"h":8.0,"k":3.0,"s":65.0,"n":"Winterlinde"}},{"type":"Feature","geometry":{"type":"Point","coordinates":[6.964421,50.947138]},"properties":{"h":8.0,"k":3.0,"s":40.0,"n":"Winterlinde"}},{"type":"Feature","geometry":{"type":"Point","coordinates":[6.964317,50.94715]},"properties":{"h":8.0,"k":6.0,"s":40.0,"n":"Winterlinde"}},{"type":"Feature","geometry":{"type":"Point","coordinates":[6.964705,50.947604]},"properties":{"h":8.0,"k":3.0,"s":35.0,"n":"Winterlinde"}},{"type":"Feature","geometry":{"type":"Point","coordinates":[6.964614,50.947626]},"properties":{"h":7.0,"k":3.0,"s":35.0,"n":"Winterlinde"}},{"type":"Feature","geometry":{"type":"Point","coordinates":[6.964751,50.947677]},"properties":{"h":8.0,"k":3.0,"s":50.0,"n":"Winterlinde"}},{"type":"Feature","geometry":{"type":"Point","coordinates":[6.964657,50.947693]},"properties":{"h":7.0,"k":3.0,"s":35.0,"n":"Winterlinde"}},{"type":"Feature","geometry":{"type":"Point","coordinates":[6.964696,50.947758]},"properties":{"h":7.0,"k":3.0,"s":35.0,"n":"Winterlinde"}},{"type":"Feature","geometry":{"type":"Point","coordinates":[6.96474,50.947827]},"properties":{"h":8.0,"k":4.0,"s":60.0,"n":"Winterlinde"}},{"type":"Feature","geometry":{"type":"Point","coordinates":[6.964364,50.947228]},"properties":{"h":8.0,"k":4.0,"s":50.0,"n":"Winterlinde"}},{"type":"Feature","geometry":{"type":"Point","coordinates":[6.9644,50.947292]},"properties":{"h":8.0,"k":4.0,"s":60.0,"n":"Winterlinde"}},{"type":"Feature","geometry":{"type":"Point","coordinates":[6.964438,50.947356]},"properties":{"h":7.0,"k":2.0,"s":30.0,"n":"Winterlinde"}},{"type":"Feature","geometry":{"type":"Point","coordinates":[6.964534,50.947352]},"properties":{"h":8.0,"k":3.0,"s":50.0,"n":"Winterlinde"}},{"type":"Feature","geometry":{"type":"Point","coordinates":[6.964497,50.947274]},"properties":{"h":8.0,"k":3.0,"s":45.0,"n":"Winterlinde"}},{"type":"Feature","geometry":{"type":"Point","coordinates":[6.964489,50.947432]},"properties":{"h":8.0,"k":4.0,"s":60.0,"n":"Winterlinde"}},{"type":"Feature","geometry":{"type":"Point","coordinates":[6.964617,50.947477]},"properties":{"h":8.0,"k":3.0,"s":60.0,"n":"Winterlinde"}},{"type":"Feature","geometry":{"type":"Point","coordinates":[6.964525,50.947494]},"properties":{"h":8.0,"k":4.0,"s":60.0,"n":"Winterlinde"}},{"type":"Feature","geometry":{"type":"Point","coordinates":[6.964578,50.94742]},"properties":{"h":8.0,"k":3.0,"s":60.0,"n":"Winterlinde"}},{"type":"Feature","geometry":{"type":"Point","coordinates":[6.964566,50.947543]},"properties":{"h":7.0,"k":3.0,"s":40.0,"n":"Winterlinde"}},{"type":"Feature","geometry":{"type":"Point","coordinates":[6.964663,50.947535]},"properties":{"h":6.0,"k":2.0,"s":10.0,"n":"Amerikanische Stadt-Linde"}},{"type":"Feature","geometry":{"type":"Point","coordinates":[6.964331,50.946989]},"properties":{"h":8.0,"k":3.0,"s":55.0,"n":"Winterlinde"}},{"type":"Feature","geometry":{"type":"Point","coordinates":[6.964789,50.947741]},"properties":{"h":8.0,"k":4.0,"s":40.0,"n":"Winterlinde"}},{"type":"Feature","geometry":{"type":"Point","coordinates":[6.964827,50.947796]},"properties":{"h":8.0,"k":4.0,"s":50.0,"n":"Winterlinde"}},{"type":"Feature","geometry":{"type":"Point","coordinates":[6.964875,50.947863]},"properties":{"h":8.0,"k":4.0,"s":70.0,"n":"Winterlinde"}},{"type":"Feature","geometry":{"type":"Point","coordinates":[6.984612,50.9443]},"properties":{"h":14.0,"k":8.0,"s":100.0,"n":"Platane"}},{"type":"Feature","geometry":{"type":"Point","coordinates":[6.983905,50.944791]},"properties":{"h":10.0,"k":6.0,"s":30.0,"n":"Platane"}},{"type":"Feature","geometry":{"type":"Point","coordinates":[6.984399,50.944696]},"properties":{"h":11.0,"k":6.0,"s":120.0,"n":"Platane"}},{"type":"Feature","geometry":{"type":"Point","coordinates":[6.984642,50.944745]},"properties":{"h":20.0,"k":14.0,"s":90.0,"n":"Platane"}},{"type":"Feature","geometry":{"type":"Point","coordinates":[6.984758,50.944775]},"properties":{"h":20.0,"k":14.0,"s":100.0,"n":"Platane"}},{"type":"Feature","geometry":{"type":"Point","coordinates":[6.986581,50.944898]},"properties":{"h":20.0,"k":12.0,"s":100.0,"n":"Platane"}},{"type":"Feature","geometry":{"type":"Point","coordinates":[6.98593,50.945066]},"properties":{"h":24.0,"k":14.0,"s":100.0,"n":"Platane"}},{"type":"Feature","geometry":{"type":"Point","coordinates":[6.986782,50.944965]},"properties":{"h":16.0,"k":9.0,"s":90.0,"n":"Platane"}},{"type":"Feature","geometry":{"type":"Point","coordinates":[6.98726,50.944894]},"properties":{"h":22.0,"k":14.0,"s":120.0,"n":"Silberpappel"}},{"type":"Feature","geometry":{"type":"Point","coordinates":[6.986043,50.945093]},"properties":{"h":24.0,"k":10.0,"s":80.0,"n":"Platane"}},{"type":"Feature","geometry":{"type":"Point","coordinates":[6.986303,50.945179]},"properties":{"h":24.0,"k":10.0,"s":120.0,"n":"Platane"}},{"type":"Feature","geometry":{"type":"Point","coordinates":[6.986944,50.944939]},"properties":{"h":20.0,"k":12.0,"s":80.0,"n":"Platane"}},{"type":"Feature","geometry":{"type":"Point","coordinates":[6.986585,50.945263]},"properties":{"h":24.0,"k":14.0,"s":100.0,"n":"Platane"}},{"type":"Feature","geometry":{"type":"Point","coordinates":[6.987031,50.945051]},"properties":{"h":20.0,"k":12.0,"s":100.0,"n":"Platane"}},{"type":"Feature","geometry":{"type":"Point","coordinates":[6.987271,50.945137]},"properties":{"h":10.0,"k":6.0,"s":100.0,"n":"Platane"}},{"type":"Feature","geometry":{"type":"Point","coordinates":[6.987441,50.945132]},"properties":{"h":18.0,"k":12.0,"s":100.0,"n":"Platane"}},{"type":"Feature","geometry":{"type":"Point","coordinates":[6.987678,50.945204]},"properties":{"h":10.0,"k":9.0,"s":100.0,"n":"Platane"}},{"type":"Feature","geometry":{"type":"Point","coordinates":[6.98718,50.945476]},"properties":{"h":20.0,"k":8.0,"s":100.0,"n":"Platane"}},{"type":"Feature","geometry":{"type":"Point","coordinates":[6.987403,50.945562]},"properties":{"h":18.0,"k":8.0,"s":65.0,"n":"Platane"}},{"type":"Feature","geometry":{"type":"Point","coordinates":[6.988298,50.945312]},"properties":{"h":15.0,"k":6.0,"s":60.0,"n":"Platane"}},{"type":"Feature","geometry":{"type":"Point","coordinates":[6.988434,50.945536]},"properties":{"h":16.0,"k":12.0,"s":80.0,"n":"Platane"}},{"type":"Feature","geometry":{"type":"Point","coordinates":[6.987633,50.945652]},"properties":{"h":20.0,"k":8.0,"s":65.0,"n":"Platane"}},{"type":"Feature","geometry":{"type":"Point","coordinates":[6.98776,50.945702]},"properties":{"h":16.0,"k":8.0,"s":80.0,"n":"Platane"}},{"type":"Feature","geometry":{"type":"Point","coordinates":[6.989387,50.945995]},"properties":{"h":20.0,"k":16.0,"s":80.0,"n":"Platane"}},{"type":"Feature","geometry":{"type":"Point","coordinates":[6.988413,50.946012]},"properties":{"h":10.0,"k":8.0,"s":30.0,"n":"Hainbuche, Weißbuche"}},{"type":"Feature","geometry":{"type":"Point","coordinates":[6.988343,50.946025]},"properties":{"h":12.0,"k":8.0,"s":35.0,"n":"Hainbuche, Weißbuche"}},{"type":"Feature","geometry":{"type":"Point","coordinates":[6.988764,50.946157]},"properties":{"h":25.0,"k":14.0,"s":140.0,"n":"Silberpappel"}},{"type":"Feature","geometry":{"type":"Point","coordinates":[6.989485,50.945869]},"properties":{"h":16.0,"k":10.0,"s":70.0,"n":"Platane"}},{"type":"Feature","geometry":{"type":"Point","coordinates":[6.989644,50.945974]},"properties":{"h":18.0,"k":10.0,"s":60.0,"n":"Platane"}},{"type":"Feature","geometry":{"type":"Point","coordinates":[6.989915,50.946267]},"properties":{"h":18.0,"k":14.0,"s":80.0,"n":"Platane"}},{"type":"Feature","geometry":{"type":"Point","coordinates":[6.991363,50.945989]},"properties":{"h":14.0,"k":5.0,"s":33.0,"n":"Hainbuche, Weißbuche"}},{"type":"Feature","geometry":{"type":"Point","coordinates":[6.98921,50.946413]},"properties":{"h":7.0,"k":6.0,"s":50.0,"n":"Eibe"}},{"type":"Feature","geometry":{"type":"Point","coordinates":[6.989209,50.946472]},"properties":{"h":7.0,"k":6.0,"s":60.0,"n":"Eibe"}},{"type":"Feature","geometry":{"type":"Point","coordinates":[6.990229,50.946409]},"properties":{"h":20.0,"k":14.0,"s":75.0,"n":"Platane"}},{"type":"Feature","geometry":{"type":"Point","coordinates":[6.990342,50.946309]},"properties":{"h":20.0,"k":12.0,"s":75.0,"n":"Platane"}},{"type":"Feature","geometry":{"type":"Point","coordinates":[6.991142,50.94698]},"properties":{"h":24.0,"k":14.0,"s":100.0,"n":"Platane"}},{"type":"Feature","geometry":{"type":"Point","coordinates":[6.991098,50.946861]},"properties":{"h":24.0,"k":14.0,"s":80.0,"n":"Platane"}},{"type":"Feature","geometry":{"type":"Point","coordinates":[6.991329,50.946981]},"properties":{"h":24.0,"k":14.0,"s":80.0,"n":"Platane"}},{"type":"Feature","geometry":{"type":"Point","coordinates":[6.991438,50.946049]},"properties":{"h":14.0,"k":6.0,"s":30.0,"n":"Hainbuche, Weißbuche"}},{"type":"Feature","geometry":{"type":"Point","coordinates":[6.991522,50.946139]},"properties":{"h":15.0,"k":7.0,"s":39.0,"n":"Hainbuche, Weißbuche"}},{"type":"Feature","geometry":{"type":"Point","coordinates":[6.99196,50.94734]},"properties":{"h":22.0,"k":16.0,"s":100.0,"n":"Platane"}},{"type":"Feature","geometry":{"type":"Point","coordinates":[6.99174,50.947212]},"properties":{"h":24.0,"k":14.0,"s":100.0,"n":"Platane"}},{"type":"Feature","geometry":{"type":"Point","coordinates":[6.991535,50.947095]},"properties":{"h":24.0,"k":16.0,"s":110.0,"n":"Platane"}},{"type":"Feature","geometry":{"type":"Point","coordinates":[6.99157,50.947215]},"properties":{"h":24.0,"k":16.0,"s":100.0,"n":"Platane"}},{"type":"Feature","geometry":{"type":"Point","coordinates":[6.991979,50.94745]},"properties":{"h":20.0,"k":14.0,"s":80.0,"n":"Platane"}},{"type":"Feature","geometry":{"type":"Point","coordinates":[6.99238,50.947594]},"properties":{"h":20.0,"k":16.0,"s":110.0,"n":"Platane"}},{"type":"Feature","geometry":{"type":"Point","coordinates":[6.992171,50.947463]},"properties":{"h":20.0,"k":12.0,"s":100.0,"n":"Platane"}},{"type":"Feature","geometry":{"type":"Point","coordinates":[6.992423,50.947719]},"properties":{"h":18.0,"k":12.0,"s":60.0,"n":"Platane"}},{"type":"Feature","geometry":{"type":"Point","coordinates":[6.992605,50.947738]},"properties":{"h":11.0,"k":4.0,"s":35.0,"n":"Platane"}},{"type":"Feature","geometry":{"type":"Point","coordinates":[6.9872,50.945035]},"properties":{"h":20.0,"k":12.0,"s":100.0,"n":"Platane"}},{"type":"Feature","geometry":{"type":"Point","coordinates":[6.986765,50.944858]},"properties":{"h":20.0,"k":14.0,"s":85.0,"n":"Platane"}},{"type":"Feature","geometry":{"type":"Point","coordinates":[6.986353,50.94483]},"properties":{"h":10.0,"k":6.0,"s":35.0,"n":"Hainbuche, Weißbuche"}},{"type":"Feature","geometry":{"type":"Point","coordinates":[6.988585,50.945441]},"properties":{"h":14.0,"k":6.0,"s":55.0,"n":"Platane"}},{"type":"Feature","geometry":{"type":"Point","coordinates":[6.987514,50.945237]},"properties":{"h":11.0,"k":8.0,"s":100.0,"n":"Platane"}},{"type":"Feature","geometry":{"type":"Point","coordinates":[6.992635,50.947843]},"properties":{"h":8.0,"k":4.0,"s":20.0,"n":"Platane"}},{"type":"Feature","geometry":{"type":"Point","coordinates":[6.989119,50.946431]},"properties":{"h":10.0,"k":8.0,"s":80.0,"n":"Eibe"}},{"type":"Feature","geometry":{"type":"Point","coordinates":[6.985625,50.944994]},"properties":{"h":6.0,"k":2.0,"s":5.0,"n":"Amerikanische Stadt-Linde"}},{"type":"Feature","geometry":{"type":"Point","coordinates":[6.99178,50.947333]},"properties":{"h":8.0,"k":4.0,"s":15.0,"n":"Platane"}},{"type":"Feature","geometry":{"type":"Point","coordinates":[6.991356,50.947098]},"properties":{"h":12.0,"k":6.0,"s":35.0,"n":"Bergahorn"}},{"type":"Feature","geometry":{"type":"Point","coordinates":[6.99131,50.945952]},"properties":{"h":11.0,"k":5.0,"s":25.0,"n":"Hainbuche, Weißbuche"}},{"type":"Feature","geometry":{"type":"Point","coordinates":[6.990641,50.94671]},"properties":{"h":8.0,"k":4.0,"s":35.0,"n":"Hainbuche, Weißbuche"}},{"type":"Feature","geometry":{"type":"Point","coordinates":[6.990869,50.946847]},"properties":{"h":10.0,"k":3.0,"s":25.0,"n":"Spitzahorn"}},{"type":"Feature","geometry":{"type":"Point","coordinates":[6.990934,50.94686]},"properties":{"h":10.0,"k":4.0,"s":30.0,"n":"Spitzahorn"}},{"type":"Feature","geometry":{"type":"Point","coordinates":[6.991088,50.94675]},"properties":{"h":12.0,"k":4.0,"s":35.0,"n":"Bergahorn"}},{"type":"Feature","geometry":{"type":"Point","coordinates":[6.991148,50.94673]},"properties":{"h":12.0,"k":5.0,"s":40.0,"n":"Bergahorn"}},{"type":"Feature","geometry":{"type":"Point","coordinates":[6.988387,50.94561]},"properties":{"h":9.0,"k":6.0,"s":35.0,"n":"Hainbuche, Weißbuche"}},{"type":"Feature","geometry":{"type":"Point","coordinates":[6.98803,50.94541]},"properties":{"h":8.0,"k":5.0,"s":35.0,"n":"Esche"}},{"type":"Feature","geometry":{"type":"Point","coordinates":[6.988093,50.945339]},"properties":{"h":8.0,"k":5.0,"s":30.0,"n":"Hainbuche, Weißbuche"}},{"type":"Feature","geometry":{"type":"Point","coordinates":[6.988216,50.945403]},"properties":{"h":8.0,"k":5.0,"s":30.0,"n":"Hainbuche, Weißbuche"}},{"type":"Feature","geometry":{"type":"Point","coordinates":[6.988163,50.94551]},"properties":{"h":8.0,"k":5.0,"s":30.0,"n":"Hainbuche, Weißbuche"}},{"type":"Feature","geometry":{"type":"Point","coordinates":[6.988126,50.945448]},"properties":{"h":8.0,"k":5.0,"s":30.0,"n":"Hainbuche, Weißbuche"}},{"type":"Feature","geometry":{"type":"Point","coordinates":[6.985788,50.945046]},"properties":{"h":20.0,"k":12.0,"s":100.0,"n":"Platane"}},{"type":"Feature","geometry":{"type":"Point","coordinates":[6.98435,50.944771]},"properties":{"h":6.0,"k":4.0,"s":15.0,"n":"Hainbuche, Weißbuche"}},{"type":"Feature","geometry":{"type":"Point","coordinates":[6.96859,50.940023]},"properties":{"h":4.0,"k":2.0,"s":20.0,"n":"Schnurbaum"}},{"type":"Feature","geometry":{"type":"Point","coordinates":[6.96858,50.939969]},"properties":{"h":4.0,"k":2.0,"s":20.0,"n":"Schnurbaum"}},{"type":"Feature","geometry":{"type":"Point","coordinates":[6.968506,50.940026]},"properties":{"h":4.0,"k":2.0,"s":20.0,"n":"Schnurbaum"}},{"type":"Feature","geometry":{"type":"Point","coordinates":[6.971306,50.938931]},"properties":{"h":10.0,"k":6.0,"s":35.0,"n":"Purpur-Kastanie, Blut-Kastanie"}},{"type":"Feature","geometry":{"type":"Point","coordinates":[6.97147,50.93915]},"properties":{"h":5.0,"k":2.0,"s":6.0,"n":"Purpur-Kastanie, Blut-Kastanie"}},{"type":"Feature","geometry":{"type":"Point","coordinates":[6.971252,50.93885]},"properties":{"h":8.0,"k":6.0,"s":30.0,"n":"Purpur-Kastanie, Blut-Kastanie"}},{"type":"Feature","geometry":{"type":"Point","coordinates":[6.971355,50.939015]},"properties":{"h":10.0,"k":8.0,"s":35.0,"n":"Purpur-Kastanie, Blut-Kastanie"}},{"type":"Feature","geometry":{"type":"Point","coordinates":[6.971168,50.938285]},"properties":{"h":5.0,"k":2.0,"s":10.0,"n":"Purpur-Kastanie, Blut-Kastanie"}},{"type":"Feature","geometry":{"type":"Point","coordinates":[6.971163,50.938225]},"properties":{"h":5.0,"k":2.0,"s":10.0,"n":"Purpur-Kastanie, Blut-Kastanie"}},{"type":"Feature","geometry":{"type":"Point","coordinates":[6.969284,50.941645]},"properties":{"h":17.0,"k":7.0,"s":60.0,"n":"Winterlinde"}},{"type":"Feature","geometry":{"type":"Point","coordinates":[6.969291,50.941717]},"properties":{"h":11.0,"k":5.0,"s":40.0,"n":"Winterlinde"}},{"type":"Feature","geometry":{"type":"Point","coordinates":[6.968884,50.940838]},"properties":{"h":16.0,"k":7.0,"s":70.0,"n":"Scheinakazie"}},{"type":"Feature","geometry":{"type":"Point","coordinates":[6.969368,50.940959]},"properties":{"h":16.0,"k":7.0,"s":70.0,"n":"Scheinakazie"}},{"type":"Feature","geometry":{"type":"Point","coordinates":[6.969378,50.941019]},"properties":{"h":18.0,"k":8.0,"s":50.0,"n":"Scheinakazie"}},{"type":"Feature","geometry":{"type":"Point","coordinates":[6.969373,50.941077]},"properties":{"h":18.0,"k":8.0,"s":70.0,"n":"Scheinakazie"}},{"type":"Feature","geometry":{"type":"Point","coordinates":[6.968623,50.94075]},"properties":{"h":4.0,"k":2.0,"s":20.0,"n":"Schnurbaum"}},{"type":"Feature","geometry":{"type":"Point","coordinates":[6.968616,50.940661]},"properties":{"h":4.0,"k":2.0,"s":20.0,"n":"Schnurbaum"}},{"type":"Feature","geometry":{"type":"Point","coordinates":[6.968609,50.940577]},"properties":{"h":4.0,"k":2.0,"s":20.0,"n":"Schnurbaum"}},{"type":"Feature","geometry":{"type":"Point","coordinates":[6.968612,50.940486]},"properties":{"h":4.0,"k":2.0,"s":20.0,"n":"Schnurbaum"}},{"type":"Feature","geometry":{"type":"Point","coordinates":[6.968614,50.94038]},"properties":{"h":4.0,"k":2.0,"s":20.0,"n":"Schnurbaum"}},{"type":"Feature","geometry":{"type":"Point","coordinates":[6.968615,50.940297]},"properties":{"h":4.0,"k":2.0,"s":20.0,"n":"Schnurbaum"}},{"type":"Feature","geometry":{"type":"Point","coordinates":[6.96861,50.940219]},"properties":{"h":4.0,"k":2.0,"s":20.0,"n":"Schnurbaum"}},{"type":"Feature","geometry":{"type":"Point","coordinates":[6.96861,50.940126]},"properties":{"h":4.0,"k":2.0,"s":20.0,"n":"Schnurbaum"}},{"type":"Feature","geometry":{"type":"Point","coordinates":[6.968507,50.940126]},"properties":{"h":4.0,"k":2.0,"s":20.0,"n":"Schnurbaum"}},{"type":"Feature","geometry":{"type":"Point","coordinates":[6.968503,50.940217]},"properties":{"h":4.0,"k":2.0,"s":20.0,"n":"Schnurbaum"}},{"type":"Feature","geometry":{"type":"Point","coordinates":[6.96851,50.9403]},"properties":{"h":4.0,"k":2.0,"s":20.0,"n":"Schnurbaum"}},{"type":"Feature","geometry":{"type":"Point","coordinates":[6.968517,50.9404]},"properties":{"h":4.0,"k":2.0,"s":20.0,"n":"Schnurbaum"}},{"type":"Feature","geometry":{"type":"Point","coordinates":[6.968515,50.940487]},"properties":{"h":4.0,"k":2.0,"s":20.0,"n":"Schnurbaum"}},{"type":"Feature","geometry":{"type":"Point","coordinates":[6.968513,50.940581]},"properties":{"h":4.0,"k":2.0,"s":20.0,"n":"Schnurbaum"}},{"type":"Feature","geometry":{"type":"Point","coordinates":[6.968519,50.940755]},"properties":{"h":4.0,"k":2.0,"s":20.0,"n":"Schnurbaum"}},{"type":"Feature","geometry":{"type":"Point","coordinates":[6.96873,50.94084]},"properties":{"h":4.0,"k":2.0,"s":20.0,"n":"Acer globosum"}},{"type":"Feature","geometry":{"type":"Point","coordinates":[6.968787,50.940838]},"properties":{"h":4.0,"k":2.0,"s":20.0,"n":"Acer globosum"}},{"type":"Feature","geometry":{"type":"Point","coordinates":[6.969938,50.940908]},"properties":{"h":10.0,"k":6.0,"s":40.0,"n":"Scheinakazie"}},{"type":"Feature","geometry":{"type":"Point","coordinates":[6.969952,50.940978]},"properties":{"h":8.0,"k":6.0,"s":30.0,"n":"Scheinakazie"}},{"type":"Feature","geometry":{"type":"Point","coordinates":[6.970066,50.940998]},"properties":{"h":10.0,"k":6.0,"s":45.0,"n":"Scheinakazie"}},{"type":"Feature","geometry":{"type":"Point","coordinates":[6.970155,50.940916]},"properties":{"h":20.0,"k":8.0,"s":90.0,"n":"Pappel"}},{"type":"Feature","geometry":{"type":"Point","coordinates":[6.970213,50.941]},"properties":{"h":20.0,"k":10.0,"s":100.0,"n":"Pappel"}},{"type":"Feature","geometry":{"type":"Point","coordinates":[6.970317,50.940905]},"properties":{"h":20.0,"k":10.0,"s":100.0,"n":"Pappel"}},{"type":"Feature","geometry":{"type":"Point","coordinates":[6.970335,50.940999]},"properties":{"h":8.0,"k":6.0,"s":30.0,"n":"Spitzahorn"}},{"type":"Feature","geometry":{"type":"Point","coordinates":[6.97048,50.940985]},"properties":{"h":8.0,"k":6.0,"s":35.0,"n":"Spitzahorn"}},{"type":"Feature","geometry":{"type":"Point","coordinates":[6.970656,50.94096]},"properties":{"h":20.0,"k":8.0,"s":100.0,"n":"Pappel"}},{"type":"Feature","geometry":{"type":"Point","coordinates":[6.970702,50.940865]},"properties":{"h":8.0,"k":6.0,"s":120.0,"n":"Pappel"}},{"type":"Feature","geometry":{"type":"Point","coordinates":[6.970555,50.940883]},"properties":{"h":6.0,"k":5.0,"s":40.0,"n":"Spitzahorn"}},{"type":"Feature","geometry":{"type":"Point","coordinates":[6.970785,50.940826]},"properties":{"h":8.0,"k":6.0,"s":45.0,"n":"Spitzahorn"}},{"type":"Feature","geometry":{"type":"Point","coordinates":[6.970888,50.940841]},"properties":{"h":8.0,"k":6.0,"s":60.0,"n":"Spitzahorn"}},{"type":"Feature","geometry":{"type":"Point","coordinates":[6.970933,50.940803]},"properties":{"h":8.0,"k":6.0,"s":70.0,"n":"Spitzahorn"}},{"type":"Feature","geometry":{"type":"Point","coordinates":[6.971021,50.940823]},"properties":{"h":8.0,"k":6.0,"s":70.0,"n":"Spitzahorn"}},{"type":"Feature","geometry":{"type":"Point","coordinates":[6.970931,50.940758]},"properties":{"h":8.0,"k":6.0,"s":60.0,"n":"Spitzahorn"}},{"type":"Feature","geometry":{"type":"Point","coordinates":[6.971034,50.940745]},"properties":{"h":8.0,"k":6.0,"s":70.0,"n":"Spitzahorn"}},{"type":"Feature","geometry":{"type":"Point","coordinates":[6.971117,50.940731]},"properties":{"h":8.0,"k":6.0,"s":60.0,"n":"Spitzahorn"}},{"type":"Feature","geometry":{"type":"Point","coordinates":[6.971185,50.940725]},"properties":{"h":8.0,"k":6.0,"s":75.0,"n":"Spitzahorn"}},{"type":"Feature","geometry":{"type":"Point","coordinates":[6.971305,50.940697]},"properties":{"h":8.0,"k":6.0,"s":90.0,"n":"Spitzahorn"}},{"type":"Feature","geometry":{"type":"Point","coordinates":[6.971384,50.940674]},"properties":{"h":8.0,"k":6.0,"s":80.0,"n":"Spitzahorn"}},{"type":"Feature","geometry":{"type":"Point","coordinates":[6.971471,50.940652]},"properties":{"h":8.0,"k":6.0,"s":55.0,"n":"Spitzahorn"}},{"type":"Feature","geometry":{"type":"Point","coordinates":[6.971532,50.940637]},"properties":{"h":8.0,"k":6.0,"s":90.0,"n":"Spitzahorn"}},{"type":"Feature","geometry":{"type":"Point","coordinates":[6.971581,50.940623]},"properties":{"h":8.0,"k":6.0,"s":60.0,"n":"Spitzahorn"}},{"type":"Feature","geometry":{"type":"Point","coordinates":[6.970865,50.940758]},"properties":{"h":8.0,"k":6.0,"s":70.0,"n":"Spitzahorn"}},{"type":"Feature","geometry":{"type":"Point","coordinates":[6.973158,50.942897]},"properties":{"h":6.0,"k":2.0,"s":25.0,"n":"Winterlinde"}},{"type":"Feature","geometry":{"type":"Point","coordinates":[6.97315,50.942822]},"properties":{"h":6.0,"k":3.0,"s":20.0,"n":"Winterlinde"}},{"type":"Feature","geometry":{"type":"Point","coordinates":[6.973144,50.942677]},"properties":{"h":8.0,"k":6.0,"s":30.0,"n":"Winterlinde"}},{"type":"Feature","geometry":{"type":"Point","coordinates":[6.973147,50.94261]},"properties":{"h":10.0,"k":5.0,"s":35.0,"n":"Winterlinde"}},{"type":"Feature","geometry":{"type":"Point","coordinates":[6.973153,50.942544]},"properties":{"h":10.0,"k":4.0,"s":25.0,"n":"Winterlinde"}},{"type":"Feature","geometry":{"type":"Point","coordinates":[6.973169,50.942466]},"properties":{"h":10.0,"k":4.0,"s":25.0,"n":"Winterlinde"}},{"type":"Feature","geometry":{"type":"Point","coordinates":[6.973179,50.942404]},"properties":{"h":10.0,"k":3.0,"s":25.0,"n":"Winterlinde"}},{"type":"Feature","geometry":{"type":"Point","coordinates":[6.973198,50.942324]},"properties":{"h":10.0,"k":3.0,"s":20.0,"n":"Winterlinde"}},{"type":"Feature","geometry":{"type":"Point","coordinates":[6.97321,50.942261]},"properties":{"h":8.0,"k":4.0,"s":25.0,"n":"Winterlinde"}},{"type":"Feature","geometry":{"type":"Point","coordinates":[6.973144,50.942747]},"properties":{"h":10.0,"k":5.0,"s":30.0,"n":"Amerikanische Linde"}},{"type":"Feature","geometry":{"type":"Point","coordinates":[6.973145,50.942966]},"properties":{"h":8.0,"k":6.0,"s":40.0,"n":"Linde"}},{"type":"Feature","geometry":{"type":"Point","coordinates":[6.973772,50.940181]},"properties":{"h":20.0,"k":14.0,"s":100.0,"n":"Platane"}},{"type":"Feature","geometry":{"type":"Point","coordinates":[6.974451,50.945098]},"properties":{"h":10.0,"k":8.0,"s":40.0,"n":"Hainbuche, Weißbuche"}},{"type":"Feature","geometry":{"type":"Point","coordinates":[6.974541,50.945175]},"properties":{"h":20.0,"k":15.0,"s":120.0,"n":"Silberpappel"}},{"type":"Feature","geometry":{"type":"Point","coordinates":[6.974609,50.945225]},"properties":{"h":8.0,"k":4.0,"s":20.0,"n":"Linde"}},{"type":"Feature","geometry":{"type":"Point","coordinates":[6.974666,50.945276]},"properties":{"h":8.0,"k":4.0,"s":30.0,"n":"Linde"}},{"type":"Feature","geometry":{"type":"Point","coordinates":[6.974691,50.945299]},"properties":{"h":8.0,"k":4.0,"s":30.0,"n":"Hainbuche, Weißbuche"}},{"type":"Feature","geometry":{"type":"Point","coordinates":[6.974715,50.945326]},"properties":{"h":8.0,"k":4.0,"s":25.0,"n":"Hainbuche, Weißbuche"}},{"type":"Feature","geometry":{"type":"Point","coordinates":[6.974736,50.945352]},"properties":{"h":8.0,"k":4.0,"s":20.0,"n":"Hainbuche, Weißbuche"}},{"type":"Feature","geometry":{"type":"Point","coordinates":[6.97531,50.945945]},"properties":{"h":7.0,"k":4.0,"s":15.0,"n":"Amerikanische Linde"}},{"type":"Feature","geometry":{"type":"Point","coordinates":[6.975472,50.946092]},"properties":{"h":7.0,"k":4.0,"s":15.0,"n":"Winterlinde"}},{"type":"Feature","geometry":{"type":"Point","coordinates":[6.975557,50.946167]},"properties":{"h":6.0,"k":3.0,"s":10.0,"n":"Winterlinde"}},{"type":"Feature","geometry":{"type":"Point","coordinates":[6.975627,50.946242]},"properties":{"h":6.0,"k":3.0,"s":10.0,"n":"Winterlinde"}},{"type":"Feature","geometry":{"type":"Point","coordinates":[6.97571,50.946316]},"properties":{"h":7.0,"k":4.0,"s":15.0,"n":"Winterlinde"}},{"type":"Feature","geometry":{"type":"Point","coordinates":[6.975876,50.946465]},"properties":{"h":7.0,"k":4.0,"s":10.0,"n":"Amerikanische Linde"}},{"type":"Feature","geometry":{"type":"Point","coordinates":[6.97595,50.94654]},"properties":{"h":7.0,"k":4.0,"s":10.0,"n":"Winterlinde"}},{"type":"Feature","geometry":{"type":"Point","coordinates":[6.976123,50.946697]},"properties":{"h":7.0,"k":4.0,"s":10.0,"n":"Winterlinde"}},{"type":"Feature","geometry":{"type":"Point","coordinates":[6.976429,50.946982]},"properties":{"h":8.0,"k":4.0,"s":15.0,"n":"Winterlinde"}},{"type":"Feature","geometry":{"type":"Point","coordinates":[6.975394,50.946019]},"properties":{"h":6.0,"k":3.0,"s":10.0,"n":"Winterlinde"}},{"type":"Feature","geometry":{"type":"Point","coordinates":[6.975786,50.946383]},"properties":{"h":7.0,"k":4.0,"s":15.0,"n":"Winterlinde"}},{"type":"Feature","geometry":{"type":"Point","coordinates":[6.976041,50.946625]},"properties":{"h":10.0,"k":8.0,"s":40.0,"n":"Bergahorn"}},{"type":"Feature","geometry":{"type":"Point","coordinates":[6.976197,50.946765]},"properties":{"h":7.0,"k":4.0,"s":10.0,"n":"Winterlinde"}},{"type":"Feature","geometry":{"type":"Point","coordinates":[6.97635,50.94692]},"properties":{"h":12.0,"k":10.0,"s":40.0,"n":"Gemeine Esche"}},{"type":"Feature","geometry":{"type":"Point","coordinates":[6.971785,50.936859]},"properties":{"h":6.0,"k":2.0,"s":20.0,"n":"Blut-Pflaume"}},{"type":"Feature","geometry":{"type":"Point","coordinates":[6.972508,50.936794]},"properties":{"h":8.0,"k":5.0,"s":35.0,"n":"Spitzahorn"}},{"type":"Feature","geometry":{"type":"Point","coordinates":[6.972512,50.936865]},"properties":{"h":8.0,"k":3.0,"s":25.0,"n":"Blut-Pflaume"}},{"type":"Feature","geometry":{"type":"Point","coordinates":[6.972768,50.936845]},"properties":{"h":8.0,"k":3.0,"s":25.0,"n":"Blut-Pflaume"}},{"type":"Feature","geometry":{"type":"Point","coordinates":[6.973153,50.936759]},"properties":{"h":12.0,"k":4.0,"s":35.0,"n":"Spitzahorn"}},{"type":"Feature","geometry":{"type":"Point","coordinates":[6.973194,50.936822]},"properties":{"h":7.0,"k":4.0,"s":25.0,"n":"Blut-Pflaume"}},{"type":"Feature","geometry":{"type":"Point","coordinates":[6.973492,50.936755]},"properties":{"h":6.0,"k":3.0,"s":20.0,"n":"Blut-Pflaume"}},{"type":"Feature","geometry":{"type":"Point","coordinates":[6.973813,50.936753]},"properties":{"h":7.0,"k":4.0,"s":30.0,"n":"Blut-Pflaume"}},{"type":"Feature","geometry":{"type":"Point","coordinates":[6.973788,50.936823]},"properties":{"h":7.0,"k":4.0,"s":20.0,"n":"Blut-Pflaume"}},{"type":"Feature","geometry":{"type":"Point","coordinates":[6.974016,50.936758]},"properties":{"h":8.0,"k":5.0,"s":25.0,"n":"Blut-Pflaume"}},{"type":"Feature","geometry":{"type":"Point","coordinates":[6.974312,50.936756]},"properties":{"h":8.0,"k":4.0,"s":20.0,"n":"Blut-Pflaume"}},{"type":"Feature","geometry":{"type":"Point","coordinates":[6.974059,50.936822]},"properties":{"h":6.0,"k":4.0,"s":25.0,"n":"Blut-Pflaume"}},{"type":"Feature","geometry":{"type":"Point","coordinates":[6.974589,50.936765]},"properties":{"h":8.0,"k":4.0,"s":20.0,"n":"Blut-Pflaume"}},{"type":"Feature","geometry":{"type":"Point","coordinates":[6.974858,50.936784]},"properties":{"h":8.0,"k":4.0,"s":30.0,"n":"Blut-Pflaume"}},{"type":"Feature","geometry":{"type":"Point","coordinates":[6.975389,50.936815]},"properties":{"h":6.0,"k":5.0,"s":25.0,"n":"Blut-Pflaume"}},{"type":"Feature","geometry":{"type":"Point","coordinates":[6.972376,50.936883]},"properties":{"h":10.0,"k":6.0,"s":40.0,"n":"Spitzahorn"}},{"type":"Feature","geometry":{"type":"Point","coordinates":[6.973496,50.936816]},"properties":{"h":8.0,"k":4.0,"s":25.0,"n":"Blut-Pflaume"}},{"type":"Feature","geometry":{"type":"Point","coordinates":[6.971601,50.936811]},"properties":{"h":6.0,"k":2.0,"s":20.0,"n":"Blut-Pflaume"}},{"type":"Feature","geometry":{"type":"Point","coordinates":[6.971702,50.936928]},"properties":{"h":6.0,"k":4.0,"s":30.0,"n":"Blut-Pflaume"}},{"type":"Feature","geometry":{"type":"Point","coordinates":[6.97516,50.936799]},"properties":{"h":6.0,"k":4.0,"s":20.0,"n":"Blut-Pflaume"}},{"type":"Feature","geometry":{"type":"Point","coordinates":[6.972812,50.936774]},"properties":{"h":14.0,"k":6.0,"s":35.0,"n":"Spitzahorn"}},{"type":"Feature","geometry":{"type":"Point","coordinates":[6.977642,50.937023]},"properties":{"h":6.0,"k":3.0,"s":25.0,"n":"Blut-Pflaume"}},{"type":"Feature","geometry":{"type":"Point","coordinates":[6.977746,50.93704]},"properties":{"h":6.0,"k":3.0,"s":20.0,"n":"Blut-Pflaume"}},{"type":"Feature","geometry":{"type":"Point","coordinates":[6.977758,50.9369]},"properties":{"h":6.0,"k":4.0,"s":25.0,"n":"Blut-Pflaume"}},{"type":"Feature","geometry":{"type":"Point","coordinates":[6.976717,50.936886]},"properties":{"h":7.0,"k":5.0,"s":20.0,"n":"Blut-Pflaume"}},{"type":"Feature","geometry":{"type":"Point","coordinates":[6.976951,50.936899]},"properties":{"h":7.0,"k":5.0,"s":25.0,"n":"Blut-Pflaume"}},{"type":"Feature","geometry":{"type":"Point","coordinates":[6.977327,50.936923]},"properties":{"h":6.0,"k":3.0,"s":20.0,"n":"Blut-Pflaume"}},{"type":"Feature","geometry":{"type":"Point","coordinates":[6.976932,50.93699]},"properties":{"h":7.0,"k":5.0,"s":30.0,"n":"Blut-Pflaume"}},{"type":"Feature","geometry":{"type":"Point","coordinates":[6.97731,50.937014]},"properties":{"h":8.0,"k":5.0,"s":30.0,"n":"Blut-Pflaume"}},{"type":"Feature","geometry":{"type":"Point","coordinates":[6.97766,50.936837]},"properties":{"h":6.0,"k":3.0,"s":25.0,"n":"Blut-Pflaume"}},{"type":"Feature","geometry":{"type":"Point","coordinates":[6.976705,50.937072]},"properties":{"h":6.0,"k":2.0,"s":5.0,"n":"Mehlbeere"}},{"type":"Feature","geometry":{"type":"Point","coordinates":[6.976818,50.937059]},"properties":{"h":9.0,"k":5.0,"s":35.0,"n":"Mehlbeere"}},{"type":"Feature","geometry":{"type":"Point","coordinates":[6.976833,50.937169]},"properties":{"h":9.0,"k":5.0,"s":35.0,"n":"Mehlbeere"}},{"type":"Feature","geometry":{"type":"Point","coordinates":[6.976853,50.937294]},"properties":{"h":9.0,"k":3.0,"s":25.0,"n":"Mehlbeere"}},{"type":"Feature","geometry":{"type":"Point","coordinates":[6.976869,50.937422]},"properties":{"h":9.0,"k":3.0,"s":25.0,"n":"Mehlbeere"}},{"type":"Feature","geometry":{"type":"Point","coordinates":[6.976789,50.937537]},"properties":{"h":6.0,"k":2.0,"s":15.0,"n":"Mehlbeere"}},{"type":"Feature","geometry":{"type":"Point","coordinates":[6.976883,50.937528]},"properties":{"h":10.0,"k":4.0,"s":30.0,"n":"Mehlbeere"}},{"type":"Feature","geometry":{"type":"Point","coordinates":[6.976908,50.937658]},"properties":{"h":10.0,"k":5.0,"s":25.0,"n":"Mehlbeere"}},{"type":"Feature","geometry":{"type":"Point","coordinates":[6.976838,50.937801]},"properties":{"h":7.0,"k":3.0,"s":15.0,"n":"Mehlbeere"}},{"type":"Feature","geometry":{"type":"Point","coordinates":[6.976937,50.937794]},"properties":{"h":10.0,"k":5.0,"s":35.0,"n":"Mehlbeere"}},{"type":"Feature","geometry":{"type":"Point","coordinates":[6.976963,50.937925]},"properties":{"h":10.0,"k":5.0,"s":30.0,"n":"Mehlbeere"}},{"type":"Feature","geometry":{"type":"Point","coordinates":[6.976763,50.937426]},"properties":{"h":8.0,"k":3.0,"s":25.0,"n":"Mehlbeere"}},{"type":"Feature","geometry":{"type":"Point","coordinates":[6.976545,50.938248]},"properties":{"h":3.0,"k":1.0,"s":15.0,"n":"Kugelahorn"}},{"type":"Feature","geometry":{"type":"Point","coordinates":[6.976555,50.938306]},"properties":{"h":4.0,"k":3.0,"s":10.0,"n":"Kugelahorn"}},{"type":"Feature","geometry":{"type":"Point","coordinates":[6.97659,50.938404]},"properties":{"h":5.0,"k":4.0,"s":15.0,"n":"Kugelahorn"}},{"type":"Feature","geometry":{"type":"Point","coordinates":[6.976626,50.938517]},"properties":{"h":6.0,"k":7.0,"s":25.0,"n":"Kugelahorn"}},{"type":"Feature","geometry":{"type":"Point","coordinates":[6.976934,50.9382]},"properties":{"h":3.0,"k":3.0,"s":10.0,"n":"Kugelahorn"}},{"type":"Feature","geometry":{"type":"Point","coordinates":[6.976976,50.938346]},"properties":{"h":4.0,"k":4.0,"s":20.0,"n":"Kugelahorn"}},{"type":"Feature","geometry":{"type":"Point","coordinates":[6.977017,50.938465]},"properties":{"h":3.0,"k":3.0,"s":10.0,"n":"Kugelahorn"}},{"type":"Feature","geometry":{"type":"Point","coordinates":[6.977025,50.938653]},"properties":{"h":3.0,"k":3.0,"s":10.0,"n":"Kugelahorn"}},{"type":"Feature","geometry":{"type":"Point","coordinates":[6.976653,50.938618]},"properties":{"h":4.0,"k":3.0,"s":10.0,"n":"Kugelahorn"}},{"type":"Feature","geometry":{"type":"Point","coordinates":[6.976955,50.938276]},"properties":{"h":3.0,"k":3.0,"s":10.0,"n":"Kugelahorn"}},{"type":"Feature","geometry":{"type":"Point","coordinates":[6.976867,50.93881]},"properties":{"h":6.0,"k":2.0,"s":5.0,"n":"Spitzahorn"}},{"type":"Feature","geometry":{"type":"Point","coordinates":[6.976999,50.938874]},"properties":{"h":8.0,"k":3.0,"s":20.0,"n":"Spitzahorn"}},{"type":"Feature","geometry":{"type":"Point","coordinates":[6.976922,50.938965]},"properties":{"h":11.0,"k":6.0,"s":30.0,"n":"Bergahorn"}},{"type":"Feature","geometry":{"type":"Point","coordinates":[6.977045,50.939033]},"properties":{"h":12.0,"k":8.0,"s":35.0,"n":"Bergahorn"}},{"type":"Feature","geometry":{"type":"Point","coordinates":[6.976954,50.939089]},"properties":{"h":12.0,"k":8.0,"s":50.0,"n":"Bergahorn"}},{"type":"Feature","geometry":{"type":"Point","coordinates":[6.976892,50.938893]},"properties":{"h":8.0,"k":4.0,"s":20.0,"n":"Spitzahorn"}},{"type":"Feature","geometry":{"type":"Point","coordinates":[6.976944,50.939032]},"properties":{"h":10.0,"k":6.0,"s":30.0,"n":"Spitzahorn"}},{"type":"Feature","geometry":{"type":"Point","coordinates":[6.977026,50.938953]},"properties":{"h":12.0,"k":8.0,"s":40.0,"n":"Bergahorn"}},{"type":"Feature","geometry":{"type":"Point","coordinates":[6.975692,50.939556]},"properties":{"h":9.0,"k":5.0,"s":20.0,"n":"Gleditsie, Lederhülsenbaum"}},{"type":"Feature","geometry":{"type":"Point","coordinates":[6.975868,50.93949]},"properties":{"h":8.0,"k":4.0,"s":10.0,"n":"Gleditsie, Lederhülsenbaum"}},{"type":"Feature","geometry":{"type":"Point","coordinates":[6.97605,50.939427]},"properties":{"h":9.0,"k":5.0,"s":20.0,"n":"Gleditsie, Lederhülsenbaum"}},{"type":"Feature","geometry":{"type":"Point","coordinates":[6.976232,50.939362]},"properties":{"h":8.0,"k":4.0,"s":15.0,"n":"Gleditsie, Lederhülsenbaum"}},{"type":"Feature","geometry":{"type":"Point","coordinates":[6.976407,50.939313]},"properties":{"h":9.0,"k":4.0,"s":10.0,"n":"Gleditsie, Lederhülsenbaum"}},{"type":"Feature","geometry":{"type":"Point","coordinates":[6.976603,50.939268]},"properties":{"h":9.0,"k":5.0,"s":20.0,"n":"Gleditsie, Lederhülsenbaum"}},{"type":"Feature","geometry":{"type":"Point","coordinates":[6.977303,50.939152]},"properties":{"h":8.0,"k":4.0,"s":10.0,"n":"Gleditsie, Lederhülsenbaum"}},{"type":"Feature","geometry":{"type":"Point","coordinates":[6.977454,50.939132]},"properties":{"h":8.0,"k":3.0,"s":10.0,"n":"Gleditsie, Lederhülsenbaum"}},{"type":"Feature","geometry":{"type":"Point","coordinates":[6.977667,50.939099]},"properties":{"h":9.0,"k":4.0,"s":15.0,"n":"Gleditsie, Lederhülsenbaum"}},{"type":"Feature","geometry":{"type":"Point","coordinates":[6.978067,50.939045]},"properties":{"h":8.0,"k":4.0,"s":15.0,"n":"Gleditsie, Lederhülsenbaum"}},{"type":"Feature","geometry":{"type":"Point","coordinates":[6.977863,50.939073]},"properties":{"h":9.0,"k":4.0,"s":20.0,"n":"Gleditsie, Lederhülsenbaum"}},{"type":"Feature","geometry":{"type":"Point","coordinates":[6.976785,50.939232]},"properties":{"h":8.0,"k":4.0,"s":10.0,"n":"Gleditsie, Lederhülsenbaum"}},{"type":"Feature","geometry":{"type":"Point","coordinates":[6.975011,50.939635]},"properties":{"h":25.0,"k":15.0,"s":150.0,"n":"Platane"}},{"type":"Feature","geometry":{"type":"Point","coordinates":[6.973318,50.940668]},"properties":{"h":20.0,"k":10.0,"s":80.0,"n":"Roßkastanie"}},{"type":"Feature","geometry":{"type":"Point","coordinates":[6.973599,50.940514]},"properties":{"h":20.0,"k":14.0,"s":100.0,"n":"Platane"}},{"type":"Feature","geometry":{"type":"Point","coordinates":[6.973671,50.940667]},"properties":{"h":20.0,"k":14.0,"s":100.0,"n":"Platane"}},{"type":"Feature","geometry":{"type":"Point","coordinates":[6.973347,50.940582]},"properties":{"h":10.0,"k":6.0,"s":35.0,"n":"Platane"}},{"type":"Feature","geometry":{"type":"Point","coordinates":[6.973358,50.940404]},"properties":{"h":20.0,"k":10.0,"s":120.0,"n":"Silberpappel"}},{"type":"Feature","geometry":{"type":"Point","coordinates":[6.973579,50.940353]},"properties":{"h":10.0,"k":8.0,"s":30.0,"n":"Platane"}},{"type":"Feature","geometry":{"type":"Point","coordinates":[6.973361,50.940492]},"properties":{"h":10.0,"k":4.0,"s":35.0,"n":"Platane"}},{"type":"Feature","geometry":{"type":"Point","coordinates":[6.974948,50.940016]},"properties":{"h":6.0,"k":3.0,"s":10.0,"n":"Blauglockenbaum"}},{"type":"Feature","geometry":{"type":"Point","coordinates":[6.974814,50.940084]},"properties":{"h":6.0,"k":3.0,"s":10.0,"n":"Blauglockenbaum"}},{"type":"Feature","geometry":{"type":"Point","coordinates":[6.974634,50.940005]},"properties":{"h":6.0,"k":3.0,"s":10.0,"n":"Blauglockenbaum"}},{"type":"Feature","geometry":{"type":"Point","coordinates":[6.974014,50.940025]},"properties":{"h":6.0,"k":2.0,"s":10.0,"n":"Blauglockenbaum"}},{"type":"Feature","geometry":{"type":"Point","coordinates":[6.973834,50.940107]},"properties":{"h":6.0,"k":2.0,"s":10.0,"n":"Blauglockenbaum"}},{"type":"Feature","geometry":{"type":"Point","coordinates":[6.976035,50.940124]},"properties":{"h":20.0,"k":8.0,"s":55.0,"n":"Winterlinde"}},{"type":"Feature","geometry":{"type":"Point","coordinates":[6.975684,50.940149]},"properties":{"h":15.0,"k":8.0,"s":35.0,"n":"Winterlinde"}},{"type":"Feature","geometry":{"type":"Point","coordinates":[6.97622,50.940077]},"properties":{"h":10.0,"k":6.0,"s":50.0,"n":"Roßkastanie"}},{"type":"Feature","geometry":{"type":"Point","coordinates":[6.975958,50.94022]},"properties":{"h":20.0,"k":8.0,"s":50.0,"n":"Kastanie"}},{"type":"Feature","geometry":{"type":"Point","coordinates":[6.980866,50.933552]},"properties":{"h":7.0,"k":4.0,"s":15.0,"n":"Scheinakazie"}},{"type":"Feature","geometry":{"type":"Point","coordinates":[6.976548,50.93653]},"properties":{"h":12.0,"k":7.0,"s":60.0,"n":"Blauglockenbaum"}},{"type":"Feature","geometry":{"type":"Point","coordinates":[6.976641,50.936032]},"properties":{"h":12.0,"k":8.0,"s":45.0,"n":"Scheinakazie"}},{"type":"Feature","geometry":{"type":"Point","coordinates":[6.976305,50.936019]},"properties":{"h":14.0,"k":6.0,"s":40.0,"n":"Scheinakazie"}},{"type":"Feature","geometry":{"type":"Point","coordinates":[6.975738,50.93598]},"properties":{"h":14.0,"k":6.0,"s":40.0,"n":"Scheinakazie"}},{"type":"Feature","geometry":{"type":"Point","coordinates":[6.975739,50.935503]},"properties":{"h":6.0,"k":2.0,"s":10.0,"n":"Hainbuche, Weißbuche"}},{"type":"Feature","geometry":{"type":"Point","coordinates":[6.975698,50.935664]},"properties":{"h":6.0,"k":2.0,"s":10.0,"n":"Hainbuche, Weißbuche"}},{"type":"Feature","geometry":{"type":"Point","coordinates":[6.975659,50.935838]},"properties":{"h":9.0,"k":4.0,"s":20.0,"n":"Hainbuche, Weißbuche"}},{"type":"Feature","geometry":{"type":"Point","coordinates":[6.976462,50.93539]},"properties":{"h":18.0,"k":8.0,"s":45.0,"n":"Bergahorn"}},{"type":"Feature","geometry":{"type":"Point","coordinates":[6.976333,50.935365]},"properties":{"h":16.0,"k":10.0,"s":60.0,"n":"Silber-Ahorn"}},{"type":"Feature","geometry":{"type":"Point","coordinates":[6.976236,50.935265]},"properties":{"h":17.0,"k":6.0,"s":50.0,"n":"Spitzahorn"}},{"type":"Feature","geometry":{"type":"Point","coordinates":[6.976343,50.935276]},"properties":{"h":18.0,"k":8.0,"s":50.0,"n":"Bergahorn"}},{"type":"Feature","geometry":{"type":"Point","coordinates":[6.976477,50.935283]},"properties":{"h":18.0,"k":8.0,"s":50.0,"n":"Bergahorn"}},{"type":"Feature","geometry":{"type":"Point","coordinates":[6.976666,50.935393]},"properties":{"h":16.0,"k":6.0,"s":40.0,"n":"Bergahorn"}},{"type":"Feature","geometry":{"type":"Point","coordinates":[6.976584,50.935391]},"properties":{"h":16.0,"k":10.0,"s":60.0,"n":"Bergahorn"}},{"type":"Feature","geometry":{"type":"Point","coordinates":[6.977286,50.935303]},"properties":{"h":16.0,"k":10.0,"s":60.0,"n":"Spitzahorn"}},{"type":"Feature","geometry":{"type":"Point","coordinates":[6.97661,50.935292]},"properties":{"h":16.0,"k":8.0,"s":50.0,"n":"Bergahorn"}},{"type":"Feature","geometry":{"type":"Point","coordinates":[6.977089,50.9354]},"properties":{"h":12.0,"k":6.0,"s":35.0,"n":"Bergahorn"}},{"type":"Feature","geometry":{"type":"Point","coordinates":[6.977086,50.935307]},"properties":{"h":12.0,"k":6.0,"s":30.0,"n":"Spitzahorn"}},{"type":"Feature","geometry":{"type":"Point","coordinates":[6.977175,50.935302]},"properties":{"h":17.0,"k":8.0,"s":40.0,"n":"Spitzahorn"}},{"type":"Feature","geometry":{"type":"Point","coordinates":[6.976732,50.9353]},"properties":{"h":12.0,"k":6.0,"s":35.0,"n":"Bergahorn"}},{"type":"Feature","geometry":{"type":"Point","coordinates":[6.976106,50.935345]},"properties":{"h":12.0,"k":6.0,"s":35.0,"n":"Bergahorn"}},{"type":"Feature","geometry":{"type":"Point","coordinates":[6.976842,50.935399]},"properties":{"h":18.0,"k":10.0,"s":60.0,"n":"Bergahorn"}},{"type":"Feature","geometry":{"type":"Point","coordinates":[6.976863,50.935307]},"properties":{"h":17.0,"k":8.0,"s":60.0,"n":"Bergahorn"}},{"type":"Feature","geometry":{"type":"Point","coordinates":[6.976969,50.935408]},"properties":{"h":18.0,"k":8.0,"s":40.0,"n":"Bergahorn"}},{"type":"Feature","geometry":{"type":"Point","coordinates":[6.975891,50.935328]},"properties":{"h":5.0,"k":2.0,"s":10.0,"n":"Spitzahorn"}},{"type":"Feature","geometry":{"type":"Point","coordinates":[6.975923,50.935229]},"properties":{"h":10.0,"k":6.0,"s":30.0,"n":"Spitzahorn"}},{"type":"Feature","geometry":{"type":"Point","coordinates":[6.976014,50.935242]},"properties":{"h":6.0,"k":2.0,"s":10.0,"n":"Ahorn"}},{"type":"Feature","geometry":{"type":"Point","coordinates":[6.976129,50.935253]},"properties":{"h":12.0,"k":6.0,"s":40.0,"n":"Spitzahorn"}},{"type":"Feature","geometry":{"type":"Point","coordinates":[6.975996,50.935332]},"properties":{"h":12.0,"k":8.0,"s":50.0,"n":"Spitzahorn"}},{"type":"Feature","geometry":{"type":"Point","coordinates":[6.977198,50.935414]},"properties":{"h":6.0,"k":2.0,"s":10.0,"n":"Spitzahorn"}},{"type":"Feature","geometry":{"type":"Point","coordinates":[6.97623,50.935357]},"properties":{"h":7.0,"k":4.0,"s":10.0,"n":"Bergahorn"}},{"type":"Feature","geometry":{"type":"Point","coordinates":[6.976987,50.935304]},"properties":{"h":10.0,"k":3.0,"s":15.0,"n":"Spitzahorn"}},{"type":"Feature","geometry":{"type":"Point","coordinates":[6.977326,50.935397]},"properties":{"h":10.0,"k":6.0,"s":30.0,"n":"Bergahorn"}},{"type":"Feature","geometry":{"type":"Point","coordinates":[6.977434,50.935405]},"properties":{"h":9.0,"k":5.0,"s":20.0,"n":"Spitzahorn"}},{"type":"Feature","geometry":{"type":"Point","coordinates":[6.977398,50.935293]},"properties":{"h":8.0,"k":3.0,"s":10.0,"n":"Spitzahorn"}},{"type":"Feature","geometry":{"type":"Point","coordinates":[6.980145,50.9337]},"properties":{"h":15.0,"k":6.0,"s":45.0,"n":"Scheinakazie"}},{"type":"Feature","geometry":{"type":"Point","coordinates":[6.980056,50.933715]},"properties":{"h":5.0,"k":2.0,"s":10.0,"n":"Spitzahorn"}},{"type":"Feature","geometry":{"type":"Point","coordinates":[6.979957,50.933734]},"properties":{"h":15.0,"k":6.0,"s":50.0,"n":"Scheinakazie"}},{"type":"Feature","geometry":{"type":"Point","coordinates":[6.979836,50.93376]},"properties":{"h":7.0,"k":3.0,"s":20.0,"n":"Spitzahorn"}},{"type":"Feature","geometry":{"type":"Point","coordinates":[6.979747,50.93378]},"properties":{"h":14.0,"k":6.0,"s":45.0,"n":"Scheinakazie"}},{"type":"Feature","geometry":{"type":"Point","coordinates":[6.97952,50.933824]},"properties":{"h":10.0,"k":4.0,"s":30.0,"n":"Spitzahorn"}},{"type":"Feature","geometry":{"type":"Point","coordinates":[6.979399,50.933849]},"properties":{"h":8.0,"k":3.0,"s":20.0,"n":"Spitzahorn"}},{"type":"Feature","geometry":{"type":"Point","coordinates":[6.979258,50.933876]},"properties":{"h":5.0,"k":2.0,"s":10.0,"n":"Spitzahorn"}},{"type":"Feature","geometry":{"type":"Point","coordinates":[6.978951,50.93394]},"properties":{"h":14.0,"k":6.0,"s":45.0,"n":"Scheinakazie"}},{"type":"Feature","geometry":{"type":"Point","coordinates":[6.977784,50.934169]},"properties":{"h":8.0,"k":2.0,"s":15.0,"n":"Spitzahorn"}},{"type":"Feature","geometry":{"type":"Point","coordinates":[6.983467,50.933129]},"properties":{"h":5.0,"k":2.0,"s":10.0,"n":"Scheinakazie"}},{"type":"Feature","geometry":{"type":"Point","coordinates":[6.983358,50.933151]},"properties":{"h":5.0,"k":2.0,"s":10.0,"n":"Scheinakazie"}},{"type":"Feature","geometry":{"type":"Point","coordinates":[6.983257,50.933171]},"properties":{"h":6.0,"k":2.0,"s":5.0,"n":"Scheinakazie"}},{"type":"Feature","geometry":{"type":"Point","coordinates":[6.98284,50.933251]},"properties":{"h":8.0,"k":4.0,"s":25.0,"n":"Scheinakazie"}},{"type":"Feature","geometry":{"type":"Point","coordinates":[6.982747,50.933272]},"properties":{"h":9.0,"k":4.0,"s":25.0,"n":"Scheinakazie"}},{"type":"Feature","geometry":{"type":"Point","coordinates":[6.982657,50.93329]},"properties":{"h":5.0,"k":2.0,"s":10.0,"n":"Scheinakazie"}},{"type":"Feature","geometry":{"type":"Point","coordinates":[6.982554,50.93331]},"properties":{"h":8.0,"k":4.0,"s":30.0,"n":"Scheinakazie"}},{"type":"Feature","geometry":{"type":"Point","coordinates":[6.982454,50.933333]},"properties":{"h":7.0,"k":3.0,"s":25.0,"n":"Scheinakazie"}},{"type":"Feature","geometry":{"type":"Point","coordinates":[6.982277,50.933265]},"properties":{"h":9.0,"k":4.0,"s":20.0,"n":"Scheinakazie"}},{"type":"Feature","geometry":{"type":"Point","coordinates":[6.982173,50.933284]},"properties":{"h":9.0,"k":4.0,"s":25.0,"n":"Scheinakazie"}},{"type":"Feature","geometry":{"type":"Point","coordinates":[6.982065,50.933314]},"properties":{"h":9.0,"k":4.0,"s":25.0,"n":"Scheinakazie"}},{"type":"Feature","geometry":{"type":"Point","coordinates":[6.98196,50.933338]},"properties":{"h":6.0,"k":2.0,"s":5.0,"n":"Scheinakazie"}},{"type":"Feature","geometry":{"type":"Point","coordinates":[6.981861,50.933351]},"properties":{"h":8.0,"k":4.0,"s":25.0,"n":"Scheinakazie"}},{"type":"Feature","geometry":{"type":"Point","coordinates":[6.981526,50.933419]},"properties":{"h":5.0,"k":2.0,"s":10.0,"n":"Scheinakazie"}},{"type":"Feature","geometry":{"type":"Point","coordinates":[6.981996,50.933424]},"properties":{"h":5.0,"k":2.0,"s":10.0,"n":"Scheinakazie"}},{"type":"Feature","geometry":{"type":"Point","coordinates":[6.981789,50.933467]},"properties":{"h":5.0,"k":3.0,"s":10.0,"n":"Scheinakazie"}},{"type":"Feature","geometry":{"type":"Point","coordinates":[6.98169,50.933491]},"properties":{"h":9.0,"k":4.0,"s":25.0,"n":"Scheinakazie"}},{"type":"Feature","geometry":{"type":"Point","coordinates":[6.981569,50.933513]},"properties":{"h":12.0,"k":6.0,"s":40.0,"n":"Scheinakazie"}},{"type":"Feature","geometry":{"type":"Point","coordinates":[6.981328,50.933565]},"properties":{"h":5.0,"k":2.0,"s":10.0,"n":"Scheinakazie"}},{"type":"Feature","geometry":{"type":"Point","coordinates":[6.981226,50.933578]},"properties":{"h":6.0,"k":2.0,"s":10.0,"n":"Scheinakazie"}},{"type":"Feature","geometry":{"type":"Point","coordinates":[6.981031,50.93362]},"properties":{"h":9.0,"k":4.0,"s":30.0,"n":"Scheinakazie"}},{"type":"Feature","geometry":{"type":"Point","coordinates":[6.98142,50.93344]},"properties":{"h":9.0,"k":5.0,"s":30.0,"n":"Scheinakazie"}},{"type":"Feature","geometry":{"type":"Point","coordinates":[6.981291,50.93347]},"properties":{"h":9.0,"k":5.0,"s":30.0,"n":"Scheinakazie"}},{"type":"Feature","geometry":{"type":"Point","coordinates":[6.981168,50.933496]},"properties":{"h":9.0,"k":5.0,"s":30.0,"n":"Scheinakazie"}},{"type":"Feature","geometry":{"type":"Point","coordinates":[6.980982,50.93353]},"properties":{"h":10.0,"k":8.0,"s":50.0,"n":"Scheinakazie"}},{"type":"Feature","geometry":{"type":"Point","coordinates":[6.980802,50.933661]},"properties":{"h":7.0,"k":4.0,"s":10.0,"n":"Scheinakazie"}},{"type":"Feature","geometry":{"type":"Point","coordinates":[6.980695,50.933684]},"properties":{"h":7.0,"k":3.0,"s":10.0,"n":"Scheinakazie"}},{"type":"Feature","geometry":{"type":"Point","coordinates":[6.98066,50.933589]},"properties":{"h":7.0,"k":3.0,"s":20.0,"n":"Scheinakazie"}},{"type":"Feature","geometry":{"type":"Point","coordinates":[6.980557,50.933609]},"properties":{"h":7.0,"k":4.0,"s":15.0,"n":"Scheinakazie"}},{"type":"Feature","geometry":{"type":"Point","coordinates":[6.978426,50.934045]},"properties":{"h":10.0,"k":8.0,"s":50.0,"n":"Scheinakazie"}},{"type":"Feature","geometry":{"type":"Point","coordinates":[6.97791,50.934147]},"properties":{"h":8.0,"k":2.0,"s":15.0,"n":"Spitzahorn"}},{"type":"Feature","geometry":{"type":"Point","coordinates":[6.978023,50.934125]},"properties":{"h":5.0,"k":2.0,"s":10.0,"n":"Spitzahorn"}},{"type":"Feature","geometry":{"type":"Point","coordinates":[6.978516,50.934026]},"properties":{"h":12.0,"k":6.0,"s":45.0,"n":"Scheinakazie"}},{"type":"Feature","geometry":{"type":"Point","coordinates":[6.97875,50.933979]},"properties":{"h":10.0,"k":6.0,"s":50.0,"n":"Scheinakazie"}},{"type":"Feature","geometry":{"type":"Point","coordinates":[6.978871,50.933958]},"properties":{"h":6.0,"k":2.0,"s":10.0,"n":"Spitzahorn"}},{"type":"Feature","geometry":{"type":"Point","coordinates":[6.978192,50.934091]},"properties":{"h":5.0,"k":2.0,"s":10.0,"n":"Ahorn"}},{"type":"Feature","geometry":{"type":"Point","coordinates":[6.979641,50.933802]},"properties":{"h":5.0,"k":2.0,"s":10.0,"n":"Ahorn"}},{"type":"Feature","geometry":{"type":"Point","coordinates":[6.980441,50.933638]},"properties":{"h":9.0,"k":4.0,"s":25.0,"n":"Scheinakazie"}},{"type":"Feature","geometry":{"type":"Point","coordinates":[6.981779,50.933374]},"properties":{"h":9.0,"k":4.0,"s":25.0,"n":"Scheinakazie"}},{"type":"Feature","geometry":{"type":"Point","coordinates":[6.982225,50.933385]},"properties":{"h":8.0,"k":4.0,"s":25.0,"n":"Scheinakazie"}},{"type":"Feature","geometry":{"type":"Point","coordinates":[6.981478,50.933528]},"properties":{"h":5.0,"k":3.0,"s":10.0,"n":"Scheinakazie"}},{"type":"Feature","geometry":{"type":"Point","coordinates":[6.980927,50.933636]},"properties":{"h":5.0,"k":3.0,"s":10.0,"n":"Scheinakazie"}},{"type":"Feature","geometry":{"type":"Point","coordinates":[6.983565,50.933135]},"properties":{"h":15.0,"k":8.0,"s":60.0,"n":"Scheinakazie"}}]}